loan_id,amount,interest_rate,term_months,zone,origination_date,price_appreciation_rate,formalization_status,rbi_rate_at_origination
LN100000,17094478,8.05,300,Mumbai Suburbs,2019-02-20,0.0632,Informal,6.25
LN100001,14315092,6.62,300,Mumbai Suburbs,2020-08-24,0.0395,Informal,6.77
LN100002,3234489,7.62,240,Navi Mumbai,2017-10-31,0.0297,Informal,5.54
LN100003,15586186,9.34,180,South Mumbai,2021-03-12,0.0729,Formal,4.81
LN100004,10628519,8.91,240,Navi Mumbai,2019-02-19,0.0231,Formal,7.21
LN100005,11526850,9.04,300,Mumbai Suburbs,2021-08-05,0.0238,Informal,5.1
LN100006,8404852,8.94,240,South Mumbai,2015-01-07,0.0455,Formal,7.49
LN100007,5981505,7.59,360,Mumbai Suburbs,2017-08-14,0.0752,Informal,6.69
LN100008,14953367,6.85,360,Mumbai Suburbs,2020-02-20,0.1041,Informal,6.41
LN100009,19544107,7.45,240,Navi Mumbai,2016-05-18,0.0675,Formal,4.04
LN100010,5521373,9.41,240,Mumbai Suburbs,2020-07-01,0.0749,Formal,5.57
LN100011,7019877,9.93,180,Mumbai Suburbs,2015-01-18,0.0895,Formal,5.76
LN100012,4344769,8.23,240,Mumbai Suburbs,2020-06-01,0.0867,Formal,5.32
LN100013,10180351,6.53,240,South Mumbai,2022-10-06,0.0434,Formal,4.52
LN100014,1103355,6.99,180,Mumbai Suburbs,2017-02-27,0.0861,Formal,5.29
LN100015,16964436,7.63,240,Mumbai Suburbs,2019-03-29,0.091,Formal,4.26
LN100016,2262752,8.53,240,Mumbai Suburbs,2016-09-01,0.0693,Formal,5.02
LN100017,10784633,6.76,240,Mumbai Suburbs,2019-01-06,0.0641,Formal,4.29
LN100018,6664789,9.8,240,Navi Mumbai,2022-06-17,0.078,Informal,6.63
LN100019,10695979,7.78,240,Mumbai Suburbs,2015-06-12,0.0749,Informal,6.35
LN100020,10305648,9.69,300,Navi Mumbai,2021-06-30,0.0041,Formal,7.29
LN100021,6743066,9.23,240,South Mumbai,2020-09-20,0.0729,Informal,5.33
LN100022,11642490,9.14,180,South Mumbai,2021-02-17,0.0954,Formal,6.75
LN100023,7113790,8.62,240,Mumbai Suburbs,2018-01-20,0.0897,Formal,6.06
LN100024,14237723,8.69,300,South Mumbai,2015-02-28,0.0713,Informal,6.26
LN100025,13648637,8.73,180,Mumbai Suburbs,2020-05-24,0.0644,Formal,5.92
LN100026,17861870,8.7,180,Mumbai Suburbs,2017-06-29,0.0481,Formal,6.73
LN100027,6147581,8.44,240,Mumbai Suburbs,2021-02-07,0.0566,Formal,4.15
LN100028,19731570,9.95,360,Mumbai Suburbs,2019-12-03,0.0818,Informal,4.28
LN100029,3428388,9.06,300,Navi Mumbai,2015-07-06,0.0715,Formal,4.34
LN100030,3663046,9.22,360,Navi Mumbai,2018-10-02,0.0871,Informal,5.01
LN100031,11959014,9.55,240,South Mumbai,2015-06-01,0.0444,Formal,6.07
LN100032,16346051,7.25,300,Mumbai Suburbs,2021-08-27,0.0925,Informal,6.26
LN100033,4385357,6.79,360,South Mumbai,2021-07-10,0.0414,Formal,6.49
LN100034,16933681,8.19,300,South Mumbai,2020-03-29,0.0661,Formal,4.98
LN100035,12184121,8.3,240,Mumbai Suburbs,2022-12-01,0.0431,Formal,6.28
LN100036,2465689,9.4,300,Mumbai Suburbs,2020-10-24,0.057,Formal,4.41
LN100037,17845364,8.05,240,South Mumbai,2015-12-17,0.121,Formal,4.03
LN100038,19602881,8.5,360,Mumbai Suburbs,2021-08-09,0.0753,Formal,6.43
LN100039,12392366,8.34,300,Mumbai Suburbs,2019-10-11,0.0668,Formal,6.5
LN100040,16358907,6.63,180,South Mumbai,2021-04-02,0.1024,Informal,6.18
LN100041,3669995,8.65,240,Mumbai Suburbs,2016-02-19,0,Informal,4.91
LN100042,13839420,9.4,300,Navi Mumbai,2021-08-15,0.0552,Informal,7.25
LN100043,14479854,7.05,180,Mumbai Suburbs,2015-01-11,0.045,Informal,7.06
LN100044,7397986,8.58,180,Mumbai Suburbs,2017-04-16,0.0343,Formal,5.8
LN100045,14187277,8.58,180,South Mumbai,2015-02-18,0.0141,Formal,7.46
LN100046,2870928,7.07,180,South Mumbai,2016-05-19,0.0534,Informal,5.05
LN100047,5155299,6.93,240,South Mumbai,2019-02-23,0.0808,Informal,5.72
LN100048,11946097,9.93,300,Navi Mumbai,2016-12-11,0.0556,Formal,7.25
LN100049,15091261,7.88,180,South Mumbai,2017-08-29,0.084,Formal,5.62
LN100050,1271836,7.3,300,South Mumbai,2018-03-23,0.0621,Formal,5.65
LN100051,4584702,7.1,300,South Mumbai,2017-12-18,0.095,Formal,4.28
LN100052,8281369,8.84,360,Mumbai Suburbs,2015-03-03,0.0449,Formal,4.74
LN100053,9585377,8.63,300,South Mumbai,2021-01-09,0.0038,Informal,4.55
LN100054,19048957,8.75,240,Mumbai Suburbs,2015-12-22,0.0126,Formal,5.98
LN100055,18824013,6.81,240,Mumbai Suburbs,2019-02-26,0.0451,Formal,5.11
LN100056,4047262,9.63,180,Mumbai Suburbs,2016-04-23,0.0336,Formal,4.27
LN100057,11973639,7.86,300,South Mumbai,2021-06-09,0.0423,Informal,5.78
LN100058,1564685,7.6,240,South Mumbai,2020-01-01,0.0942,Formal,6.34
LN100059,3879190,8.12,240,Mumbai Suburbs,2018-03-22,0.015,Formal,6.58
LN100060,2007293,7.87,240,Navi Mumbai,2020-08-22,0.1052,Formal,6.93
LN100061,4366612,9.52,180,Mumbai Suburbs,2015-04-11,0.0358,Formal,5.69
LN100062,3704238,9.75,240,South Mumbai,2022-11-11,0.0227,Formal,5.37
LN100063,3630708,7.56,300,South Mumbai,2018-08-08,0.0558,Informal,6.39
LN100064,4494679,9.52,240,Mumbai Suburbs,2018-05-27,0.105,Formal,4.05
LN100065,19544856,9.24,240,Mumbai Suburbs,2017-05-20,0.0386,Formal,6.22
LN100066,16606139,9.76,180,Mumbai Suburbs,2016-10-24,0.042,Formal,5.42
LN100067,12002348,7.36,300,Mumbai Suburbs,2021-09-17,0.044,Formal,5.59
LN100068,2285160,8.52,240,Navi Mumbai,2020-08-11,0.0945,Informal,5.04
LN100069,6173036,7.46,300,Navi Mumbai,2020-06-25,0.0466,Formal,4.45
LN100070,19202688,9.38,300,Mumbai Suburbs,2018-06-10,0.0734,Formal,5.4
LN100071,1048984,6.52,240,Mumbai Suburbs,2019-02-25,0.0636,Informal,5.08
LN100072,11788678,8.48,180,Mumbai Suburbs,2016-01-31,0.0567,Informal,7.36
LN100073,7556168,7.69,300,Mumbai Suburbs,2018-01-20,0.045,Informal,7.3
LN100074,19281600,7.63,360,Mumbai Suburbs,2022-03-31,0.1191,Formal,6.25
LN100075,15616555,8.76,240,Mumbai Suburbs,2021-07-12,0.1438,Informal,7.16
LN100076,13719242,9.48,300,South Mumbai,2021-09-29,0.0335,Formal,6.63
LN100077,16160818,8.63,300,Mumbai Suburbs,2018-11-11,0.0279,Formal,5.21
LN100078,17030288,9.49,300,Mumbai Suburbs,2022-07-24,0.0612,Informal,6.11
LN100079,2737095,7.43,240,Mumbai Suburbs,2017-05-10,0,Formal,4.77
LN100080,11499746,8.32,360,South Mumbai,2022-03-01,0.0614,Formal,6.41
LN100081,5780450,8.08,300,Mumbai Suburbs,2019-01-18,0.1202,Informal,4.16
LN100082,19887034,6.54,300,South Mumbai,2020-10-22,0.042,Formal,6.91
LN100083,17029444,8.45,180,Navi Mumbai,2017-08-16,0.0924,Formal,6.04
LN100084,12336697,8.82,240,Mumbai Suburbs,2021-05-05,0.1041,Formal,4.2
LN100085,4853339,8.57,240,South Mumbai,2021-07-13,0.0342,Formal,7.05
LN100086,17013446,9.08,300,South Mumbai,2017-03-05,0.0653,Formal,7.07
LN100087,18773323,8.5,180,Mumbai Suburbs,2022-04-24,0.0706,Informal,6.98
LN100088,12910049,6.73,300,South Mumbai,2018-07-13,0.0819,Informal,6.71
LN100089,8130144,6.91,300,Navi Mumbai,2015-11-20,0.0841,Formal,6.37
LN100090,5545583,8.59,240,Mumbai Suburbs,2020-06-27,0.0937,Formal,5.39
LN100091,16593974,7.46,180,South Mumbai,2020-09-10,0.0365,Formal,4.48
LN100092,8988004,6.78,300,Mumbai Suburbs,2018-07-18,0.0652,Formal,5.01
LN100093,14072482,8,240,South Mumbai,2020-06-30,0.1045,Formal,5.21
LN100094,6515989,8.44,300,Navi Mumbai,2016-05-07,0.1077,Formal,5.25
LN100095,19898906,7.65,300,Mumbai Suburbs,2016-03-22,0.0668,Informal,5.98
LN100096,15881728,9.02,180,Navi Mumbai,2015-03-28,0.0441,Informal,4.73
LN100097,1491234,8.75,180,Mumbai Suburbs,2015-03-17,0.0911,Formal,4.66
LN100098,11336868,7.66,180,Navi Mumbai,2016-08-19,0.0761,Formal,6.51
LN100099,13722094,9.14,300,South Mumbai,2016-11-03,0.0754,Formal,4.03
LN100100,10909709,8.77,360,Mumbai Suburbs,2018-08-05,0.0833,Formal,4.52
LN100101,13766976,8.73,180,Mumbai Suburbs,2020-12-25,0.0315,Informal,5.52
LN100102,13796932,8.44,360,Mumbai Suburbs,2017-02-21,0.0854,Formal,4.52
LN100103,7914550,6.54,360,South Mumbai,2021-04-11,0.0646,Formal,7.36
LN100104,7906726,8.94,360,Mumbai Suburbs,2017-11-21,0.0942,Formal,6.35
LN100105,6888794,7.82,240,South Mumbai,2016-04-06,0.0606,Informal,5.51
LN100106,7510425,9.8,300,Mumbai Suburbs,2020-03-07,0.0775,Formal,4.39
LN100107,9511017,9.36,180,Mumbai Suburbs,2015-05-12,0.0737,Formal,5.35
LN100108,8887739,8.56,300,Mumbai Suburbs,2018-07-28,0.0436,Informal,6.28
LN100109,1769598,7.38,300,South Mumbai,2015-12-09,0.0329,Formal,7.39
LN100110,16452902,7.21,240,Mumbai Suburbs,2015-01-27,0.0842,Informal,5.65
LN100111,8971379,7.69,240,South Mumbai,2020-08-04,0.0343,Formal,6.42
LN100112,4331068,8.17,240,Navi Mumbai,2015-01-27,0.0499,Formal,4.68
LN100113,4256415,7.54,300,South Mumbai,2022-06-16,0.049,Informal,6.18
LN100114,1874371,8.3,360,Navi Mumbai,2016-04-24,0.071,Formal,4.84
LN100115,6654237,7.08,300,Mumbai Suburbs,2018-09-03,0.0803,Informal,4.69
LN100116,13261606,9.92,240,Mumbai Suburbs,2018-07-11,0.0133,Informal,5.78
LN100117,18750764,6.88,300,South Mumbai,2021-01-03,0.0382,Formal,4.74
LN100118,4344014,9.76,240,Mumbai Suburbs,2021-09-02,0.0368,Formal,6.52
LN100119,10602083,9.7,240,Mumbai Suburbs,2020-08-07,0.0532,Formal,7.28
LN100120,3959034,8.34,180,Mumbai Suburbs,2020-04-28,0.0002,Formal,5.38
LN100121,1043585,9.04,360,South Mumbai,2018-11-26,0.094,Formal,5.13
LN100122,15744108,8.03,240,Navi Mumbai,2017-03-27,0.0618,Formal,4.62
LN100123,3539448,8.71,180,Navi Mumbai,2017-12-10,0.056,Formal,5.37
LN100124,17886772,7.69,360,Mumbai Suburbs,2016-03-16,0.0826,Informal,5.96
LN100125,19352773,7.55,240,Mumbai Suburbs,2016-11-26,0.0755,Informal,5.31
LN100126,15643995,8.52,360,Mumbai Suburbs,2017-03-27,0.0752,Formal,6.18
LN100127,11511699,8.24,360,Mumbai Suburbs,2017-10-03,0.0595,Formal,6.32
LN100128,9306461,8.53,300,South Mumbai,2017-01-04,0.0631,Formal,4.34
LN100129,3009021,7.5,180,Mumbai Suburbs,2017-05-07,0.0853,Informal,6.44
LN100130,2201482,7.78,360,Navi Mumbai,2018-06-11,0.076,Formal,7.15
LN100131,18319551,6.79,300,South Mumbai,2016-12-13,0.1118,Informal,4.09
LN100132,12822585,6.68,360,Mumbai Suburbs,2016-11-26,0.0642,Informal,5.93
LN100133,3484413,7.39,300,Navi Mumbai,2021-08-14,0.0795,Informal,6.11
LN100134,3907360,6.76,240,South Mumbai,2016-04-29,0.0563,Formal,6.48
LN100135,6895544,6.86,240,South Mumbai,2016-12-15,0.0697,Formal,5.35
LN100136,3235000,9.35,300,Mumbai Suburbs,2015-05-20,0.0713,Informal,6.87
LN100137,5322252,6.64,240,South Mumbai,2015-05-10,0.0467,Formal,5.89
LN100138,6822184,8.81,240,South Mumbai,2022-06-14,0.0406,Formal,5.43
LN100139,1402690,7.45,240,Mumbai Suburbs,2016-08-26,0.0792,Formal,6.52
LN100140,3548421,9.55,360,Mumbai Suburbs,2017-08-02,0.0736,Formal,7.25
LN100141,13604871,8.2,300,Navi Mumbai,2018-08-01,0.104,Informal,6.84
LN100142,13195226,7.57,180,Mumbai Suburbs,2021-11-06,0.0601,Formal,7.26
LN100143,15381704,8.31,180,Mumbai Suburbs,2015-11-14,0.0302,Informal,4.93
LN100144,2954109,7.84,300,Mumbai Suburbs,2020-03-04,0.0603,Formal,4.41
LN100145,15421668,8.48,360,Navi Mumbai,2017-05-22,0.0831,Formal,5.87
LN100146,12501362,6.9,240,South Mumbai,2019-02-22,0,Informal,4.16
LN100147,17266473,9.99,240,South Mumbai,2021-10-19,0.0598,Informal,6.36
LN100148,8205547,7.99,360,Navi Mumbai,2016-04-18,0.08,Informal,4.84
LN100149,9323735,7.72,180,Navi Mumbai,2017-01-10,0.067,Informal,5.59
LN100150,19161466,8.99,300,South Mumbai,2016-06-15,0.0492,Formal,6.29
LN100151,13414325,7.77,300,South Mumbai,2015-11-19,0.0239,Formal,5.69
LN100152,1061087,9.42,360,Mumbai Suburbs,2018-10-07,0.0596,Formal,4.83
LN100153,14596255,8.09,240,South Mumbai,2022-12-18,0.0233,Formal,7.08
LN100154,15665175,9.02,240,Mumbai Suburbs,2022-07-01,0.0802,Formal,6.68
LN100155,19273392,6.88,240,South Mumbai,2019-09-03,0.0618,Formal,6.1
LN100156,11274621,9.46,300,South Mumbai,2020-02-16,0.1048,Formal,6.44
LN100157,14022704,9.08,180,Mumbai Suburbs,2020-10-03,0.0014,Formal,5.45
LN100158,17816569,7.24,300,Navi Mumbai,2020-07-22,0.0498,Formal,5.32
LN100159,7484531,7.01,360,Mumbai Suburbs,2021-02-26,0.082,Formal,4.56
LN100160,8654909,7.61,300,Mumbai Suburbs,2018-12-23,0.0943,Informal,6.81
LN100161,5259622,9.92,360,Navi Mumbai,2021-12-26,0.0832,Formal,5.33
LN100162,6725570,7.4,300,Mumbai Suburbs,2016-01-24,0.0314,Formal,6.42
LN100163,18194096,8.1,180,Mumbai Suburbs,2018-11-08,0.0456,Informal,5.05
LN100164,16421040,6.61,360,Mumbai Suburbs,2016-01-22,0,Formal,6.79
LN100165,5965050,7.89,240,South Mumbai,2022-10-26,0.0614,Informal,4.37
LN100166,1813168,8.5,240,Mumbai Suburbs,2022-05-30,0.0949,Formal,6.19
LN100167,1225281,9.84,300,Mumbai Suburbs,2015-09-22,0.0602,Formal,6.83
LN100168,12506305,8.31,300,South Mumbai,2016-04-10,0.0773,Formal,6.31
LN100169,8734102,9.37,180,South Mumbai,2018-12-23,0.0765,Informal,6.44
LN100170,6674719,8.41,180,Mumbai Suburbs,2021-04-12,0.0505,Formal,5.84
LN100171,9658144,6.64,240,Mumbai Suburbs,2015-08-23,0,Formal,5.96
LN100172,7609280,7.6,300,South Mumbai,2021-05-06,0.1002,Informal,4.23
LN100173,5372093,8.51,360,South Mumbai,2017-07-28,0.073,Informal,4.88
LN100174,19338945,9.83,180,Navi Mumbai,2019-04-20,0.0225,Informal,6.53
LN100175,11611417,9.51,360,Mumbai Suburbs,2018-06-27,0.0711,Informal,7.31
LN100176,6478047,7.3,360,South Mumbai,2018-08-24,0.066,Informal,5.9
LN100177,2119043,7.27,180,Mumbai Suburbs,2015-10-06,0.0993,Formal,6.54
LN100178,12718070,7.2,300,South Mumbai,2020-07-20,0.0742,Formal,6.39
LN100179,17351434,9.73,360,Mumbai Suburbs,2016-03-07,0.0743,Informal,7.5
LN100180,11595511,9.48,300,Mumbai Suburbs,2022-08-09,0.066,Formal,6.78
LN100181,15012538,9.21,360,Mumbai Suburbs,2020-02-17,0.0369,Formal,6.2
LN100182,8103230,7.87,300,Mumbai Suburbs,2022-02-15,0.0802,Formal,4.4
LN100183,3558231,8.27,300,South Mumbai,2016-07-18,0.0592,Formal,5.27
LN100184,7659908,8.13,300,Mumbai Suburbs,2018-01-22,0.0314,Formal,4.88
LN100185,4080389,7.39,300,South Mumbai,2017-08-14,0.0402,Informal,6.99
LN100186,2661909,8.27,180,Mumbai Suburbs,2020-05-14,0.0259,Informal,5.56
LN100187,17887294,6.61,360,Navi Mumbai,2022-03-12,0.0918,Formal,5.87
LN100188,19692847,6.96,300,Mumbai Suburbs,2017-03-01,0.1194,Informal,7.38
LN100189,7314127,9.6,240,Navi Mumbai,2017-06-13,0.0947,Formal,6.93
LN100190,10792712,9.13,360,South Mumbai,2020-02-11,0.0713,Formal,6.76
LN100191,3008187,7.98,360,Mumbai Suburbs,2020-11-12,0.058,Formal,4.5
LN100192,2659066,8.31,300,South Mumbai,2020-11-05,0.0513,Formal,4.08
LN100193,3148815,7.79,360,Mumbai Suburbs,2021-01-08,0.0304,Informal,4.44
LN100194,8355740,9.09,240,South Mumbai,2017-01-29,0.1184,Formal,6.59
LN100195,7404003,9.24,240,South Mumbai,2022-08-19,0.029,Formal,5.44
LN100196,5135314,9.17,240,South Mumbai,2017-08-31,0.0345,Formal,4.41
LN100197,1910681,9.03,360,Mumbai Suburbs,2015-08-04,0.0541,Informal,6.59
LN100198,19384834,7.22,360,South Mumbai,2016-07-22,0.0566,Informal,4.68
LN100199,11421958,7.68,300,Navi Mumbai,2021-04-02,0.0781,Formal,6.06
LN100200,11700595,8.14,360,South Mumbai,2016-10-13,0.0398,Informal,6.6
LN100201,13984808,7.66,360,South Mumbai,2015-07-02,0.0003,Formal,6.13
LN100202,15764960,9.14,300,Mumbai Suburbs,2022-11-30,0.0531,Formal,7.48
LN100203,17848511,7.65,240,Navi Mumbai,2017-09-24,0.0551,Formal,5.52
LN100204,10132582,6.98,300,South Mumbai,2016-07-06,0.0526,Formal,5.09
LN100205,8613287,7.9,180,South Mumbai,2019-06-21,0.0522,Informal,4.7
LN100206,17385802,9.93,360,Mumbai Suburbs,2021-04-29,0.0495,Informal,5.76
LN100207,4612600,7.29,360,Mumbai Suburbs,2016-09-05,0.0203,Formal,6.98
LN100208,18603032,8.64,180,Mumbai Suburbs,2015-05-31,0.1039,Formal,7.31
LN100209,13105878,8.02,180,South Mumbai,2019-10-03,0.1022,Formal,7.4
LN100210,11245534,6.75,180,Mumbai Suburbs,2016-04-21,0.1019,Informal,5.86
LN100211,11047453,8.21,300,South Mumbai,2022-08-29,0.0244,Formal,6.12
LN100212,3026793,8.96,240,Mumbai Suburbs,2021-09-12,0.0721,Formal,6.04
LN100213,1554594,8.3,300,Mumbai Suburbs,2019-05-17,0.0473,Informal,5.63
LN100214,9536326,9.55,180,Mumbai Suburbs,2022-06-03,0.0457,Formal,4.53
LN100215,17037627,7.51,300,Mumbai Suburbs,2022-02-12,0.0321,Informal,4.23
LN100216,14228175,6.8,360,Navi Mumbai,2016-07-02,0.137,Formal,5.53
LN100217,3204664,9.78,300,South Mumbai,2017-07-19,0.0525,Formal,4.65
LN100218,5341747,7.82,180,South Mumbai,2016-08-10,0.0323,Informal,7.1
LN100219,13956528,8.52,360,Mumbai Suburbs,2016-07-18,0.0641,Formal,6.67
LN100220,18464192,9.27,240,Mumbai Suburbs,2022-09-09,0.0829,Formal,6.16
LN100221,16487428,7.64,300,South Mumbai,2019-04-05,0.0558,Informal,4.17
LN100222,9506404,9.01,300,Mumbai Suburbs,2016-04-16,0.0673,Formal,6.18
LN100223,2241082,6.97,180,Mumbai Suburbs,2019-12-01,0.0901,Formal,6.17
LN100224,6184502,7.52,240,Mumbai Suburbs,2019-12-06,0.0314,Formal,5.54
LN100225,14281288,7.01,360,Navi Mumbai,2017-04-05,0.0653,Formal,6.3
LN100226,13503247,9.34,180,Mumbai Suburbs,2021-04-07,0.0408,Formal,7
LN100227,19356375,7.28,180,South Mumbai,2016-03-06,0.0368,Formal,6.65
LN100228,7041495,9.01,300,Mumbai Suburbs,2016-09-09,0.1126,Formal,5.66
LN100229,18569187,9.8,240,Mumbai Suburbs,2018-06-04,0.0573,Formal,4.92
LN100230,1501157,8.35,180,South Mumbai,2018-08-27,0.0281,Formal,5.67
LN100231,12002109,8.39,300,Mumbai Suburbs,2018-12-17,0.0567,Formal,7.31
LN100232,6946594,8.11,360,Navi Mumbai,2018-06-29,0.0237,Formal,6.87
LN100233,12310552,7.64,180,South Mumbai,2020-10-03,0.0535,Formal,4.09
LN100234,12471761,8.16,360,South Mumbai,2015-12-08,0.0396,Formal,6.74
LN100235,3904941,8.61,360,South Mumbai,2021-03-16,0.0753,Formal,4.6
LN100236,8983441,9.95,300,Mumbai Suburbs,2017-08-10,0.1181,Formal,6
LN100237,6320385,9.78,240,Navi Mumbai,2017-01-13,0.0548,Formal,6.82
LN100238,19877237,9.52,360,Mumbai Suburbs,2021-08-02,0.0408,Formal,5.96
LN100239,14364386,9.61,180,Mumbai Suburbs,2020-02-16,0.0627,Informal,5.41
LN100240,16134415,8.14,240,Mumbai Suburbs,2018-10-26,0.1047,Formal,5.12
LN100241,10749436,8.8,240,Mumbai Suburbs,2016-10-22,0.0755,Informal,5.07
LN100242,18395683,9.63,300,Mumbai Suburbs,2016-01-01,0.0558,Formal,6.93
LN100243,6333152,7.88,180,South Mumbai,2020-04-04,0,Informal,6.89
LN100244,11524227,9.87,180,Mumbai Suburbs,2015-08-01,0.0584,Formal,6.88
LN100245,13344096,7.96,300,Mumbai Suburbs,2021-07-14,0.0833,Formal,4.99
LN100246,8328141,8.6,300,South Mumbai,2021-02-26,0.0887,Informal,6.8
LN100247,19485139,8.98,240,Mumbai Suburbs,2017-01-24,0.0993,Formal,4.13
LN100248,6134207,9.83,360,Navi Mumbai,2020-03-08,0.0398,Formal,4.72
LN100249,9516999,7.36,360,Mumbai Suburbs,2020-12-21,0.0479,Formal,5.8
LN100250,10405634,9.11,360,Navi Mumbai,2019-10-06,0.0564,Informal,5.42
LN100251,6853584,8.32,360,South Mumbai,2018-07-29,0.0813,Informal,4.39
LN100252,15488191,7.44,180,Mumbai Suburbs,2020-05-16,0.0521,Formal,4.15
LN100253,15936751,9.22,180,South Mumbai,2021-02-22,0.0757,Formal,6.14
LN100254,5301754,8.43,300,South Mumbai,2018-12-08,0.0485,Formal,5.1
LN100255,3269042,8.81,300,Mumbai Suburbs,2021-09-30,0.0388,Formal,4.06
LN100256,16118805,7.63,360,Mumbai Suburbs,2020-02-06,0.0933,Formal,5.51
LN100257,2983509,8.18,300,Mumbai Suburbs,2015-09-26,0.0694,Formal,5.07
LN100258,8740141,8.66,180,Mumbai Suburbs,2022-08-23,0.0824,Formal,6.02
LN100259,17893597,7.92,360,Mumbai Suburbs,2017-03-18,0.0538,Formal,7.25
LN100260,19298917,7.19,360,Navi Mumbai,2020-05-03,0.0841,Formal,5.08
LN100261,11008805,9.87,180,Mumbai Suburbs,2021-12-23,0.0281,Formal,7.49
LN100262,11620268,8.29,240,South Mumbai,2018-03-11,0.0329,Informal,4.3
LN100263,11166834,9.07,360,South Mumbai,2017-10-29,0.0883,Formal,4.31
LN100264,7105525,7.94,300,Mumbai Suburbs,2020-11-06,0.0579,Formal,6.5
LN100265,12326237,7.74,240,Mumbai Suburbs,2015-03-07,0.0526,Formal,6.62
LN100266,2418175,7.93,180,South Mumbai,2016-02-28,0.0324,Informal,5.48
LN100267,16559675,7.93,240,South Mumbai,2016-12-31,0.0841,Formal,5
LN100268,16900476,8.4,240,South Mumbai,2016-08-13,0.116,Formal,6.78
LN100269,8265795,8.4,360,Mumbai Suburbs,2016-05-14,0.0782,Informal,7.35
LN100270,4772962,8.24,240,South Mumbai,2016-04-21,0.0465,Formal,7.46
LN100271,13580031,6.97,300,South Mumbai,2020-02-20,0.1016,Formal,6.22
LN100272,11149035,8.24,360,Mumbai Suburbs,2016-05-08,0.0708,Formal,6.59
LN100273,13707035,7.09,180,Mumbai Suburbs,2017-03-07,0.047,Formal,6.88
LN100274,6130397,6.94,300,Mumbai Suburbs,2021-12-07,0.0983,Formal,6.8
LN100275,4451356,9.76,360,Mumbai Suburbs,2016-12-10,0.0546,Formal,7.48
LN100276,4444084,8.62,240,South Mumbai,2017-08-30,0.0167,Formal,6.84
LN100277,3927109,8.81,300,Navi Mumbai,2016-02-01,0.0505,Informal,6.32
LN100278,13761186,7.91,360,Mumbai Suburbs,2019-03-16,0.076,Informal,5.32
LN100279,12275612,9.68,360,Navi Mumbai,2022-04-05,0.0385,Formal,6.09
LN100280,9503902,8.73,180,Navi Mumbai,2021-09-22,0.0038,Formal,7.08
LN100281,12521122,9.19,360,Mumbai Suburbs,2020-07-04,0.1041,Informal,5.07
LN100282,17188091,7.79,180,South Mumbai,2018-02-09,0.1498,Formal,4.11
LN100283,7214624,9.86,240,Mumbai Suburbs,2017-12-07,0.0457,Informal,5.15
LN100284,5335868,9.37,360,South Mumbai,2016-05-13,0.0411,Formal,7.36
LN100285,10814996,9.49,360,Navi Mumbai,2019-12-04,0.0196,Informal,6.78
LN100286,15650271,7.1,240,Mumbai Suburbs,2021-12-09,0.0354,Informal,4.65
LN100287,13240032,7.45,360,Navi Mumbai,2020-05-12,0.0142,Formal,4.04
LN100288,19992383,7.5,360,Mumbai Suburbs,2021-12-23,0.0209,Formal,6.34
LN100289,4886402,7.45,300,Mumbai Suburbs,2022-11-11,0.0601,Formal,6.03
LN100290,10078552,9.49,180,Mumbai Suburbs,2020-07-15,0.0126,Formal,4.29
LN100291,18465321,6.61,360,Mumbai Suburbs,2018-04-02,0.0159,Informal,7.38
LN100292,2989173,6.77,360,Mumbai Suburbs,2018-02-09,0.0662,Formal,6.16
LN100293,4080761,7.46,180,Mumbai Suburbs,2021-09-07,0.0415,Informal,6.28
LN100294,2414466,7.2,300,Navi Mumbai,2022-11-06,0.0707,Informal,6.99
LN100295,1445101,7.31,180,Mumbai Suburbs,2015-07-04,0.0497,Formal,5.18
LN100296,15716695,9.29,360,Navi Mumbai,2016-07-31,0.0544,Formal,5.95
LN100297,18882750,8.47,240,Navi Mumbai,2019-01-14,0.0834,Formal,6.02
LN100298,12616410,6.52,240,Mumbai Suburbs,2016-05-05,0.0435,Formal,7.39
LN100299,11192257,8,300,Mumbai Suburbs,2016-08-15,0.0813,Informal,4.46
LN100300,10613273,7.93,300,Mumbai Suburbs,2021-03-05,0.0474,Formal,6.66
LN100301,8315360,6.9,360,Mumbai Suburbs,2019-06-18,0.0354,Formal,6.01
LN100302,17358792,8.87,300,South Mumbai,2018-07-04,0.0278,Informal,6.96
LN100303,1498863,8.96,360,Mumbai Suburbs,2020-11-23,0.0103,Formal,6.91
LN100304,10185687,9.02,240,Navi Mumbai,2015-09-03,0.0228,Formal,4.04
LN100305,15900027,9.05,300,South Mumbai,2018-04-04,0.0068,Informal,4.9
LN100306,16160825,6.5,360,Mumbai Suburbs,2018-12-08,0.0302,Formal,4.63
LN100307,7512440,9.84,180,Navi Mumbai,2021-07-16,0.0846,Informal,5.62
LN100308,13431395,9.35,300,Mumbai Suburbs,2020-09-28,0.0598,Informal,7.17
LN100309,7099628,9.66,360,Mumbai Suburbs,2015-03-14,0.0484,Formal,4.02
LN100310,7555968,6.55,360,Mumbai Suburbs,2018-10-10,0.0393,Formal,5.71
LN100311,3699015,9.77,180,Mumbai Suburbs,2022-03-05,0.0576,Formal,7.1
LN100312,17722573,9.33,240,South Mumbai,2019-10-11,0.0609,Formal,7.24
LN100313,17340850,9.43,180,Navi Mumbai,2020-03-22,0.0265,Formal,6.3
LN100314,9837590,6.83,360,Mumbai Suburbs,2019-07-11,0.0739,Formal,6.9
LN100315,18949838,9.09,180,Mumbai Suburbs,2021-05-27,0.0502,Informal,5.13
LN100316,3503771,9.86,180,Mumbai Suburbs,2017-07-02,0.0689,Formal,5
LN100317,4177825,8.87,360,South Mumbai,2020-09-10,0.059,Informal,4.17
LN100318,1996161,8.5,240,Navi Mumbai,2021-11-25,0.0174,Formal,5.76
LN100319,5183839,9.81,180,Mumbai Suburbs,2015-04-24,0.099,Formal,5.6
LN100320,1666326,8.05,180,South Mumbai,2020-03-18,0.0597,Informal,5.3
LN100321,1649150,8.6,300,Navi Mumbai,2017-11-13,0.049,Informal,4.4
LN100322,1118834,8.17,300,Mumbai Suburbs,2017-05-20,0.0775,Formal,4.81
LN100323,16385150,9.76,360,Mumbai Suburbs,2015-08-17,0.0253,Formal,4.71
LN100324,13867733,6.77,360,Mumbai Suburbs,2016-05-20,0.0128,Formal,7.3
LN100325,5422201,8.25,360,South Mumbai,2020-08-27,0.0767,Formal,7.38
LN100326,2079600,8.9,300,Mumbai Suburbs,2016-03-28,0.0944,Informal,4.01
LN100327,10827141,9.27,360,South Mumbai,2020-07-21,0.0686,Informal,4.6
LN100328,4503157,8.54,180,Mumbai Suburbs,2022-02-08,0.0842,Formal,7.11
LN100329,9849851,9.68,180,Mumbai Suburbs,2017-01-31,0.022,Formal,4.13
LN100330,19762804,9.8,240,Navi Mumbai,2019-11-20,0.0492,Formal,7.3
LN100331,19529899,6.73,360,Mumbai Suburbs,2018-07-01,0.0403,Informal,5.33
LN100332,18781862,7.91,180,South Mumbai,2017-02-11,0.0908,Formal,5.89
LN100333,1449395,6.58,180,Navi Mumbai,2020-06-02,0.0748,Informal,6.67
LN100334,7754350,7.65,240,Mumbai Suburbs,2015-03-18,0.0909,Informal,4.85
LN100335,19037602,8.38,180,Mumbai Suburbs,2017-02-14,0.0415,Formal,4.35
LN100336,4379569,9.69,240,South Mumbai,2021-02-19,0.0261,Informal,6.83
LN100337,3900603,9.46,240,Navi Mumbai,2016-07-18,0.0999,Formal,7.45
LN100338,16709289,6.95,300,Navi Mumbai,2020-09-24,0.0608,Formal,6.31
LN100339,12355805,6.83,180,Mumbai Suburbs,2022-05-19,0.0919,Formal,6.89
LN100340,9611474,8.56,300,Navi Mumbai,2015-09-18,0.0581,Informal,7.29
LN100341,2646711,8.36,180,Mumbai Suburbs,2020-02-23,0.1261,Formal,4.8
LN100342,17463634,7.43,300,Navi Mumbai,2018-10-11,0.0953,Informal,5.23
LN100343,7319707,9.65,240,Mumbai Suburbs,2020-09-09,0.0552,Formal,4.77
LN100344,8967801,9.75,240,South Mumbai,2015-10-21,0.0606,Formal,4.22
LN100345,2423286,7.91,240,Mumbai Suburbs,2022-08-04,0.0607,Informal,6.56
LN100346,4695961,9.62,240,Mumbai Suburbs,2017-09-19,0.0259,Informal,4.51
LN100347,9217316,7.84,180,South Mumbai,2020-06-03,0.0455,Formal,4.32
LN100348,8348340,9.08,360,South Mumbai,2022-07-07,0.0433,Formal,5.25
LN100349,12802429,8.17,180,South Mumbai,2022-02-15,0.067,Formal,4.21
LN100350,1183062,6.93,300,Mumbai Suburbs,2018-06-08,0.0355,Formal,4.63
LN100351,3841992,9.75,180,South Mumbai,2018-05-02,0.0555,Informal,4.24
LN100352,5294539,8.09,180,South Mumbai,2020-03-12,0.049,Formal,7.07
LN100353,12609076,9.07,300,Mumbai Suburbs,2021-04-15,0.0623,Informal,6.73
LN100354,16058560,7.79,240,Navi Mumbai,2020-05-31,0.104,Formal,7.01
LN100355,7095929,6.57,300,Mumbai Suburbs,2016-09-05,0.0929,Formal,7.04
LN100356,5944505,6.85,300,Mumbai Suburbs,2017-04-15,0.0207,Formal,7.31
LN100357,1803328,8.24,360,Navi Mumbai,2019-09-21,0.0584,Formal,4.65
LN100358,2043233,8.91,360,Mumbai Suburbs,2016-09-24,0.0509,Formal,7.15
LN100359,11100349,7.67,240,Mumbai Suburbs,2017-07-18,0.0406,Informal,5.84
LN100360,1529525,8.93,300,Mumbai Suburbs,2022-09-13,0.1246,Formal,4.58
LN100361,16712815,8.95,300,Mumbai Suburbs,2016-08-03,0.0442,Formal,6.3
LN100362,14651544,8.96,300,South Mumbai,2015-10-02,0.0463,Formal,5.14
LN100363,17953831,8.22,180,Mumbai Suburbs,2022-08-19,0.1126,Formal,4.16
LN100364,8474447,9.7,360,Mumbai Suburbs,2022-05-30,0.0891,Formal,4.28
LN100365,5601020,8.21,360,Mumbai Suburbs,2019-11-16,0.0467,Informal,5.48
LN100366,16126502,8.08,240,Mumbai Suburbs,2016-08-27,0.0828,Formal,6.89
LN100367,4699391,7.2,360,Mumbai Suburbs,2016-07-09,0.0528,Formal,5.09
LN100368,11074901,7.58,360,Mumbai Suburbs,2019-05-09,0.0548,Formal,6.68
LN100369,15932828,6.65,240,Mumbai Suburbs,2016-02-21,0.0358,Formal,4.2
LN100370,4612610,8.72,300,Navi Mumbai,2019-05-08,0,Formal,5.38
LN100371,16192217,7.37,180,Mumbai Suburbs,2017-04-30,0.0173,Formal,4.45
LN100372,19941583,7.56,240,Navi Mumbai,2018-01-04,0.0269,Informal,7.02
LN100373,11292658,9.2,360,Navi Mumbai,2022-12-05,0.0726,Formal,7.39
LN100374,1144356,7.65,240,Mumbai Suburbs,2018-03-06,0.0646,Formal,5.14
LN100375,13786773,7.35,360,Mumbai Suburbs,2020-02-24,0.0926,Formal,7.46
LN100376,2748014,7.09,300,South Mumbai,2015-12-17,0.0239,Formal,6.63
LN100377,8156720,9.21,300,Navi Mumbai,2016-04-28,0.1136,Formal,4
LN100378,17742125,6.95,300,South Mumbai,2021-11-20,0.1108,Informal,5.7
LN100379,13661693,8.09,360,Mumbai Suburbs,2016-04-18,0.0611,Formal,6.92
LN100380,3288627,8.27,240,Mumbai Suburbs,2018-11-28,0.0394,Informal,5.87
LN100381,15840260,8.91,360,Mumbai Suburbs,2017-10-23,0.041,Formal,5.92
LN100382,7597519,8.72,300,Mumbai Suburbs,2020-04-24,0.0659,Formal,5.57
LN100383,18541337,9.34,300,Navi Mumbai,2020-08-17,0.1165,Informal,5.38
LN100384,10558356,6.66,300,Mumbai Suburbs,2015-08-17,0.0572,Informal,4.1
LN100385,11970723,7.54,360,Navi Mumbai,2021-12-24,0.0125,Formal,6.18
LN100386,6698848,7.48,180,Mumbai Suburbs,2016-01-27,0.1169,Formal,6.68
LN100387,17047357,7.01,300,South Mumbai,2016-12-27,0.048,Formal,6.77
LN100388,18884893,7.51,240,South Mumbai,2018-03-22,0.1036,Formal,6.19
LN100389,6738852,7.58,300,Mumbai Suburbs,2019-12-24,0.0788,Informal,5.19
LN100390,1288790,8.33,360,South Mumbai,2022-12-23,0.0555,Formal,4.08
LN100391,6084921,8.82,240,Mumbai Suburbs,2021-07-11,0.089,Formal,7.14
LN100392,17463605,7.83,360,South Mumbai,2015-08-23,0.038,Formal,5.5
LN100393,10797444,9.02,180,Mumbai Suburbs,2018-08-26,0.0513,Formal,6.1
LN100394,17612451,7.68,180,Mumbai Suburbs,2018-10-12,0.0441,Formal,4.68
LN100395,14233331,7.52,360,Mumbai Suburbs,2018-05-01,0.054,Formal,4.5
LN100396,4693305,8.39,300,South Mumbai,2017-03-31,0.0764,Formal,4.3
LN100397,17101010,6.58,240,South Mumbai,2017-02-07,0.0762,Formal,6.8
LN100398,14470137,6.78,300,Mumbai Suburbs,2017-04-26,0.0133,Formal,6.26
LN100399,5466271,7.96,360,South Mumbai,2022-03-23,0.0439,Informal,6.17
LN100400,2352695,9.8,360,Mumbai Suburbs,2017-04-15,0.0491,Formal,7.22
LN100401,11495300,9.03,300,Mumbai Suburbs,2019-05-26,0.0776,Formal,4.56
LN100402,19366444,6.81,240,South Mumbai,2016-05-13,0.018,Informal,4.6
LN100403,2100567,9.46,240,Mumbai Suburbs,2021-05-10,0.0812,Informal,4.66
LN100404,8706358,9.06,240,Mumbai Suburbs,2018-07-23,0.0262,Formal,5.48
LN100405,14201904,8.64,240,Mumbai Suburbs,2017-01-26,0.0675,Formal,7.06
LN100406,1049115,9.37,240,Mumbai Suburbs,2017-12-02,0.0934,Formal,7.09
LN100407,16423647,7.91,180,Mumbai Suburbs,2016-12-18,0.0232,Formal,6.07
LN100408,12726298,7.28,180,Mumbai Suburbs,2016-07-05,0.0673,Formal,6.3
LN100409,18498963,8.29,360,Mumbai Suburbs,2021-07-11,0.0544,Formal,7.14
LN100410,14119138,8.42,180,South Mumbai,2015-01-25,0.0307,Formal,6.18
LN100411,12438459,8.38,240,Mumbai Suburbs,2020-03-01,0.0233,Informal,4.8
LN100412,16033888,8.48,240,Mumbai Suburbs,2020-05-09,0.0388,Formal,6.47
LN100413,2404330,9.82,240,Mumbai Suburbs,2021-10-16,0.0357,Informal,6.69
LN100414,18028708,9.66,360,Mumbai Suburbs,2015-01-19,0.0538,Informal,6.22
LN100415,5035851,9.57,360,Mumbai Suburbs,2018-02-01,0.0472,Informal,4.96
LN100416,15131010,9.3,300,Mumbai Suburbs,2015-11-12,0.0727,Formal,5.4
LN100417,1491072,9.8,180,Mumbai Suburbs,2016-02-14,0.0843,Informal,5.65
LN100418,2086880,6.84,180,Navi Mumbai,2016-03-18,0.0141,Formal,4.51
LN100419,14087911,7.43,300,Navi Mumbai,2019-09-02,0.0525,Formal,5.58
LN100420,16287338,8.23,300,Mumbai Suburbs,2017-08-10,0.0315,Formal,4.56
LN100421,3055723,9.46,180,Navi Mumbai,2018-01-15,0.0274,Informal,5.75
LN100422,3248988,8.27,240,South Mumbai,2017-03-10,0.0129,Formal,4.18
LN100423,16683595,9.12,180,Mumbai Suburbs,2017-05-10,0.0107,Formal,7.32
LN100424,10702701,6.99,240,South Mumbai,2021-06-29,0.0444,Informal,4.86
LN100425,12153281,7.38,360,South Mumbai,2016-08-25,0.0718,Formal,5.63
LN100426,3976242,9.06,180,Mumbai Suburbs,2020-07-17,0.0717,Formal,4.11
LN100427,5580081,7.08,180,Mumbai Suburbs,2022-12-15,0.0284,Formal,4.67
LN100428,15256162,7.73,360,Mumbai Suburbs,2018-09-06,0.0254,Formal,6.43
LN100429,3648790,7.43,360,Mumbai Suburbs,2022-02-16,0.0672,Formal,4.39
LN100430,4763024,7.72,360,Mumbai Suburbs,2017-12-28,0.047,Formal,6.2
LN100431,12098716,8.98,360,Mumbai Suburbs,2021-03-30,0.0867,Formal,4.01
LN100432,5833177,7.79,360,South Mumbai,2022-12-12,0.0267,Informal,5.63
LN100433,9272841,8.44,300,Mumbai Suburbs,2017-10-01,0.0043,Formal,6.52
LN100434,9454561,6.85,300,Mumbai Suburbs,2017-02-04,0.0784,Informal,7.24
LN100435,13378226,9.32,360,Mumbai Suburbs,2018-03-24,0.0033,Formal,5.72
LN100436,3597480,7.79,360,South Mumbai,2017-03-29,0.0166,Informal,6.94
LN100437,17535430,8.77,360,South Mumbai,2016-04-13,0.0399,Formal,6.81
LN100438,5197571,9.04,360,Mumbai Suburbs,2015-11-04,0.0515,Informal,5.04
LN100439,7118900,7.23,240,Mumbai Suburbs,2020-10-11,0.078,Formal,7.06
LN100440,17934380,9.6,240,Mumbai Suburbs,2017-01-06,0.0296,Formal,6.24
LN100441,11617244,8.66,360,South Mumbai,2017-12-22,0.0995,Formal,4.36
LN100442,1531831,8,360,Mumbai Suburbs,2016-03-12,0.0145,Formal,7.29
LN100443,3989475,7.14,180,Mumbai Suburbs,2017-08-08,0.0488,Formal,4.62
LN100444,17679640,9.8,360,Navi Mumbai,2021-03-14,0.0849,Informal,5.65
LN100445,4369720,9.14,360,Mumbai Suburbs,2017-06-14,0.0865,Formal,5.63
LN100446,5711075,7.23,300,South Mumbai,2016-09-02,0,Informal,6.19
LN100447,7854500,7.68,240,Mumbai Suburbs,2020-04-13,0.1412,Informal,6.33
LN100448,3640328,9.33,360,South Mumbai,2015-11-03,0.0503,Informal,4.82
LN100449,10222335,8.93,240,Mumbai Suburbs,2020-01-21,0.0684,Formal,5.23
LN100450,12552291,9.18,240,South Mumbai,2018-01-25,0.05,Formal,4.51
LN100451,1070640,8.04,180,Mumbai Suburbs,2019-10-02,0.1241,Formal,4.44
LN100452,13779494,9.01,240,Mumbai Suburbs,2018-05-04,0.0987,Formal,6.89
LN100453,11389599,7.85,240,Mumbai Suburbs,2021-05-20,0.1232,Formal,6.63
LN100454,5594877,7.24,360,Mumbai Suburbs,2017-06-19,0.0742,Formal,5.55
LN100455,19132747,8.71,300,South Mumbai,2021-11-10,0.0874,Formal,4.34
LN100456,1675510,9.92,360,Mumbai Suburbs,2015-06-07,0.0287,Formal,5.57
LN100457,4741196,7.59,360,Mumbai Suburbs,2022-03-13,0.0521,Formal,5.03
LN100458,17583522,8.11,300,Mumbai Suburbs,2019-04-24,0.0874,Formal,6.72
LN100459,7706024,8.86,300,Mumbai Suburbs,2018-01-29,0.0695,Formal,4.34
LN100460,12720477,8.4,180,South Mumbai,2018-09-24,0.0632,Formal,5.58
LN100461,18675536,9.45,300,Mumbai Suburbs,2022-07-01,0.0367,Formal,6.07
LN100462,14217648,9.17,360,Mumbai Suburbs,2021-03-24,0.095,Informal,7.45
LN100463,19784851,6.7,300,Mumbai Suburbs,2020-10-28,0.0945,Informal,4.31
LN100464,4264908,9.99,300,Mumbai Suburbs,2019-11-12,0.0913,Informal,4.4
LN100465,13992907,9.13,300,Navi Mumbai,2021-01-13,0.0688,Formal,7.46
LN100466,15573458,9.52,240,South Mumbai,2015-03-02,0.0603,Formal,5.42
LN100467,15356744,8.78,180,Mumbai Suburbs,2018-01-05,0.0937,Informal,6.6
LN100468,16787803,9.5,240,Mumbai Suburbs,2021-01-11,0.0881,Informal,6.74
LN100469,14423442,6.89,240,South Mumbai,2017-03-14,0.0332,Informal,5.1
LN100470,4599865,7.72,180,South Mumbai,2021-02-17,0.0695,Informal,4.75
LN100471,14456244,9.57,240,Mumbai Suburbs,2020-12-11,0.0797,Formal,4.97
LN100472,18816674,7.21,300,South Mumbai,2016-11-08,0.0398,Informal,6.68
LN100473,4772811,6.77,180,South Mumbai,2017-05-28,0.0871,Formal,6.94
LN100474,3317336,9.26,240,Navi Mumbai,2018-05-10,0.0815,Formal,6.45
LN100475,3763642,9.42,360,Mumbai Suburbs,2021-08-06,0.0475,Formal,5.54
LN100476,8689684,7.07,240,South Mumbai,2021-05-16,0.0193,Formal,4.92
LN100477,11198499,9.49,360,Mumbai Suburbs,2020-05-02,0.0776,Formal,5.49
LN100478,4788340,8.9,300,Mumbai Suburbs,2020-12-11,0.1189,Formal,7.2
LN100479,11808470,8.32,360,Navi Mumbai,2019-03-28,0.0677,Formal,7.02
LN100480,1197775,9.41,240,Mumbai Suburbs,2017-09-08,0.0792,Formal,5.13
LN100481,3386488,7.97,240,Navi Mumbai,2021-12-12,0.025,Formal,5.15
LN100482,18564710,7.18,240,South Mumbai,2021-09-25,0.0586,Formal,6.73
LN100483,6332660,7.5,180,Mumbai Suburbs,2018-10-01,0.0567,Informal,5.49
LN100484,10589801,8.27,180,South Mumbai,2017-01-06,0.0334,Formal,6
LN100485,13331942,8.36,240,South Mumbai,2017-08-03,0.0732,Formal,5.48
LN100486,17079245,9.32,240,Mumbai Suburbs,2015-12-21,0.072,Formal,4.85
LN100487,12398366,9.27,300,South Mumbai,2017-03-23,0.0512,Formal,4.66
LN100488,6083769,8.53,180,Mumbai Suburbs,2015-04-02,0.0596,Formal,4.49
LN100489,18310852,9.23,180,Navi Mumbai,2022-09-26,0.1216,Formal,4.04
LN100490,12426978,7.17,180,Mumbai Suburbs,2019-11-11,0.0414,Formal,4.98
LN100491,12624266,6.68,360,South Mumbai,2017-06-02,0.0261,Formal,4.6
LN100492,11164811,9.56,240,Mumbai Suburbs,2018-07-02,0.0253,Formal,4.9
LN100493,3276360,6.76,300,Navi Mumbai,2022-09-12,0.0675,Formal,4.27
LN100494,16883337,7.36,300,Mumbai Suburbs,2022-03-01,0,Informal,5.2
LN100495,5408249,8.93,240,Mumbai Suburbs,2017-01-05,0.0447,Formal,5.82
LN100496,5426219,7.93,240,South Mumbai,2018-02-13,0.0309,Informal,7.31
LN100497,11923237,9.57,300,South Mumbai,2019-03-31,0.0583,Informal,5.21
LN100498,19109613,7.54,360,Mumbai Suburbs,2018-12-15,0.0584,Informal,4.11
LN100499,17434343,6.54,300,South Mumbai,2017-01-12,0.0703,Informal,5.27
LN100500,11524841,7.55,360,Navi Mumbai,2021-01-20,0.0785,Formal,6.86
LN100501,7646705,8.52,360,Mumbai Suburbs,2021-12-27,0.0943,Formal,5.19
LN100502,6462810,7.82,180,Mumbai Suburbs,2015-08-12,0.0494,Informal,5.02
LN100503,14388409,8.37,240,Mumbai Suburbs,2015-07-30,0.04,Formal,7.22
LN100504,14846020,9.57,180,Mumbai Suburbs,2015-06-27,0.0856,Formal,5.04
LN100505,10726290,9.69,360,Mumbai Suburbs,2019-11-17,0.0102,Formal,7.4
LN100506,14659783,7.43,300,Navi Mumbai,2021-03-20,0.0827,Informal,6.91
LN100507,17164204,8.12,180,Navi Mumbai,2017-02-03,0.0643,Formal,6.39
LN100508,15837568,8.42,300,Navi Mumbai,2019-02-11,0.0735,Formal,6.09
LN100509,2286643,9.82,360,Navi Mumbai,2017-11-30,0.0709,Informal,4.79
LN100510,10922192,10,300,Mumbai Suburbs,2020-11-17,0.0641,Formal,6.56
LN100511,9315390,7.32,180,Mumbai Suburbs,2019-02-07,0.0653,Formal,5.21
LN100512,7200646,9.04,360,South Mumbai,2016-02-28,0.0267,Formal,5.7
LN100513,7983896,7.82,240,South Mumbai,2020-08-05,0.0405,Formal,4.36
LN100514,15509187,6.53,180,South Mumbai,2016-12-02,0.1133,Formal,5.04
LN100515,6409861,6.53,180,South Mumbai,2016-02-16,0.0802,Formal,5.85
LN100516,16931836,8.11,240,Mumbai Suburbs,2022-12-30,0.0918,Informal,5.64
LN100517,13831595,8.21,360,South Mumbai,2022-05-17,0.0496,Informal,5.2
LN100518,16963317,6.58,240,Navi Mumbai,2017-05-09,0.0624,Formal,5.65
LN100519,9415398,8.9,180,Navi Mumbai,2016-08-29,0.0758,Informal,6.61
LN100520,11080346,7.53,360,South Mumbai,2020-08-19,0.0962,Formal,5.61
LN100521,1448345,8.46,300,South Mumbai,2015-04-08,0.0554,Formal,5.77
LN100522,10137682,7.55,180,Navi Mumbai,2017-10-29,0.0743,Informal,6.45
LN100523,8827494,7.08,300,Navi Mumbai,2019-03-25,0.0813,Formal,6.95
LN100524,2879490,7.93,240,Navi Mumbai,2019-12-19,0.088,Informal,5.84
LN100525,16814828,7.31,360,Navi Mumbai,2022-10-07,0.054,Formal,7.32
LN100526,16209100,8.37,240,Navi Mumbai,2020-10-22,0.0985,Formal,5.24
LN100527,5984445,7.2,300,Mumbai Suburbs,2019-04-06,0.0173,Formal,4.88
LN100528,7939705,8.28,180,South Mumbai,2017-05-24,0.0261,Formal,6.43
LN100529,8002587,7.05,360,Mumbai Suburbs,2018-04-20,0.0744,Formal,4.62
LN100530,7742471,8.85,240,South Mumbai,2015-09-28,0.0736,Formal,7.15
LN100531,2454908,9.14,300,Navi Mumbai,2022-03-04,0.053,Formal,5.35
LN100532,11642302,6.89,300,Mumbai Suburbs,2018-03-08,0.0467,Informal,6.44
LN100533,4319144,8.14,180,Mumbai Suburbs,2019-12-15,0.0471,Informal,6
LN100534,9693670,6.75,300,South Mumbai,2021-07-10,0.033,Formal,4.19
LN100535,17567296,8.59,360,Mumbai Suburbs,2021-11-17,0.0587,Formal,6.48
LN100536,6806466,7.43,300,Mumbai Suburbs,2015-03-30,0.0133,Formal,6.77
LN100537,14449563,8.35,180,Navi Mumbai,2015-05-18,0.094,Informal,7.44
LN100538,6304509,8.31,240,South Mumbai,2020-02-13,0.0715,Formal,5.46
LN100539,8668216,9.74,360,Navi Mumbai,2019-04-15,0.0988,Formal,5.76
LN100540,5949499,8.42,240,Navi Mumbai,2021-11-21,0.0648,Informal,7.06
LN100541,7062903,8.54,240,Mumbai Suburbs,2015-02-17,0.0589,Formal,4.94
LN100542,10814149,7.91,300,Mumbai Suburbs,2017-04-19,0.0638,Formal,4.66
LN100543,19648619,9.82,300,Mumbai Suburbs,2018-01-16,0.039,Formal,4.47
LN100544,6747372,9.22,180,South Mumbai,2017-10-20,0.0227,Informal,7.42
LN100545,5848287,7.5,300,South Mumbai,2018-07-16,0.0305,Formal,4.95
LN100546,6658796,9.45,300,Navi Mumbai,2017-02-24,0.0472,Informal,6.65
LN100547,18598268,8.01,240,Mumbai Suburbs,2019-12-22,0.0335,Formal,5.57
LN100548,11195758,9.4,360,South Mumbai,2017-05-23,0.1005,Informal,4.84
LN100549,3225300,9.38,300,Mumbai Suburbs,2020-03-23,0.0388,Formal,7.2
LN100550,19632783,7.16,360,Mumbai Suburbs,2021-10-11,0.0718,Formal,5.62
LN100551,19312053,8.95,300,South Mumbai,2015-10-14,0.0775,Informal,5.98
LN100552,12889876,7.52,300,Mumbai Suburbs,2022-02-03,0.0971,Formal,4.78
LN100553,4338442,7.54,180,South Mumbai,2016-02-21,0.0804,Formal,5.13
LN100554,15963940,7.54,300,South Mumbai,2017-03-03,0.0548,Informal,6.62
LN100555,13842659,9.04,180,Mumbai Suburbs,2022-02-23,0.1112,Formal,5.2
LN100556,1423570,7.3,240,Mumbai Suburbs,2018-06-14,0.0227,Informal,5.77
LN100557,3373139,6.5,360,South Mumbai,2017-04-14,0.0318,Formal,4.4
LN100558,10246766,9,300,Mumbai Suburbs,2019-03-24,0.0666,Formal,6.98
LN100559,19892008,7.1,180,South Mumbai,2015-12-06,0.0626,Formal,6.58
LN100560,2873421,6.87,240,South Mumbai,2018-07-21,0.0845,Informal,6.66
LN100561,7081950,7.33,300,South Mumbai,2020-08-12,0.0648,Formal,4.62
LN100562,16650304,7.83,180,South Mumbai,2021-12-04,0.0711,Formal,5.73
LN100563,11986868,8.17,180,South Mumbai,2022-01-14,0.0899,Formal,4.1
LN100564,7925877,6.66,240,Navi Mumbai,2017-08-17,0.0642,Formal,5.1
LN100565,6967106,9.9,300,Mumbai Suburbs,2021-02-22,0.0804,Formal,5.22
LN100566,12684495,9.01,300,South Mumbai,2015-10-27,0.0373,Formal,7.2
LN100567,12706838,7.63,360,South Mumbai,2021-10-28,0.0393,Formal,7.47
LN100568,6118922,7.62,300,South Mumbai,2017-05-16,0.0864,Formal,6.16
LN100569,14642511,8.07,180,Mumbai Suburbs,2021-11-25,0.0636,Informal,5.81
LN100570,17736613,8.69,360,Mumbai Suburbs,2019-09-27,0.0651,Informal,5.54
LN100571,11873803,7.01,360,South Mumbai,2021-12-18,0.0392,Formal,4.06
LN100572,13649115,7.16,300,Mumbai Suburbs,2018-12-31,0.0477,Formal,6.8
LN100573,17937991,9.51,360,Mumbai Suburbs,2021-08-28,0.0686,Formal,6.35
LN100574,3667867,7.4,180,South Mumbai,2017-06-08,0.051,Formal,6.27
LN100575,12858009,7.83,180,Mumbai Suburbs,2019-11-09,0.0341,Informal,6.83
LN100576,8686841,9.55,240,Mumbai Suburbs,2018-09-01,0.0345,Formal,7.25
LN100577,13164411,8.82,180,South Mumbai,2020-10-16,0.0409,Formal,5.36
LN100578,2344027,7.7,240,Mumbai Suburbs,2022-12-30,0.0498,Formal,5.49
LN100579,5166500,8.89,360,Mumbai Suburbs,2015-03-13,0.0517,Informal,7.41
LN100580,10179875,6.57,240,Mumbai Suburbs,2022-04-26,0.1071,Informal,6.33
LN100581,8884479,9.07,300,Mumbai Suburbs,2018-03-30,0.0877,Formal,6.98
LN100582,1497562,8.2,240,Mumbai Suburbs,2019-10-03,0.0689,Informal,4.78
LN100583,13237301,9.35,300,Mumbai Suburbs,2021-01-05,0.1159,Formal,5.11
LN100584,5578238,9.84,360,Mumbai Suburbs,2019-12-01,0.0565,Informal,5.37
LN100585,6562067,9.74,240,Mumbai Suburbs,2017-10-11,0.0743,Formal,5.11
LN100586,6237196,9.68,180,South Mumbai,2020-04-21,0.0699,Informal,7.09
LN100587,2600396,8.29,300,Mumbai Suburbs,2015-09-21,0.0742,Formal,5.79
LN100588,10555196,7.76,360,Mumbai Suburbs,2018-08-05,0.0375,Formal,7.34
LN100589,14021573,8.13,180,Mumbai Suburbs,2016-07-26,0.0509,Formal,5.12
LN100590,12066226,8.91,300,Navi Mumbai,2022-07-07,0.0357,Formal,4.13
LN100591,14046468,9.59,360,Navi Mumbai,2019-04-01,0.0722,Formal,4.48
LN100592,18352494,7.22,360,South Mumbai,2021-06-28,0.0601,Informal,4.76
LN100593,18955265,9.71,180,Navi Mumbai,2015-04-12,0.0035,Formal,6.24
LN100594,14060919,9.35,360,Mumbai Suburbs,2021-07-22,0.0754,Formal,4.63
LN100595,8136029,9.93,240,Mumbai Suburbs,2022-07-02,0.0665,Formal,5.34
LN100596,4314692,9.58,360,Navi Mumbai,2018-12-14,0.1111,Formal,6.78
LN100597,13582006,7.48,300,Mumbai Suburbs,2020-09-28,0.0878,Informal,4.44
LN100598,7285088,6.87,300,Mumbai Suburbs,2016-12-23,0.0934,Informal,4.28
LN100599,18887605,6.89,300,Navi Mumbai,2017-12-07,0.0261,Informal,5.89
LN100600,17353425,7.52,240,South Mumbai,2020-08-09,0.0935,Informal,6.44
LN100601,13460255,8.65,180,South Mumbai,2018-02-08,0.0542,Informal,7.19
LN100602,4912942,9.32,240,Mumbai Suburbs,2015-03-12,0.0392,Formal,6.32
LN100603,9501424,9.65,240,Navi Mumbai,2022-05-03,0,Formal,7.31
LN100604,8468810,8.68,240,Navi Mumbai,2016-10-10,0.0994,Informal,4.86
LN100605,2635156,6.52,360,South Mumbai,2015-11-29,0.0515,Formal,5.2
LN100606,11155224,7.15,180,Navi Mumbai,2017-03-08,0.0563,Informal,6.94
LN100607,6001045,6.85,360,South Mumbai,2019-09-22,0.0696,Informal,6.84
LN100608,5463418,7.77,240,Navi Mumbai,2019-12-03,0.1159,Formal,6.33
LN100609,11270156,8.25,300,Mumbai Suburbs,2019-02-12,0.0532,Formal,5.77
LN100610,5345760,6.65,240,South Mumbai,2017-05-27,0.0595,Formal,4.06
LN100611,4251298,7.72,180,South Mumbai,2020-04-05,0.0891,Informal,4.98
LN100612,5465150,7.13,300,South Mumbai,2017-01-12,0.0516,Informal,4.55
LN100613,8249903,8.76,180,South Mumbai,2016-02-06,0.0351,Formal,4.18
LN100614,19100699,8.12,240,Mumbai Suburbs,2016-12-10,0,Informal,6.72
LN100615,2722320,8.23,180,South Mumbai,2021-04-02,0.1001,Formal,4.46
LN100616,14298372,8,360,Navi Mumbai,2016-01-24,0.0672,Formal,5.25
LN100617,4196340,9.85,300,Mumbai Suburbs,2021-10-25,0.0764,Formal,7.42
LN100618,15441444,7.25,180,Mumbai Suburbs,2018-08-25,0.0454,Formal,5.43
LN100619,13243026,8.31,300,South Mumbai,2022-12-24,0.0804,Formal,4.5
LN100620,9247752,9.08,300,Navi Mumbai,2018-09-14,0.0425,Formal,6.41
LN100621,18864557,8.45,240,Mumbai Suburbs,2016-10-16,0.0649,Formal,6.83
LN100622,7195200,9.75,240,Navi Mumbai,2017-11-19,0.0632,Informal,4.98
LN100623,4977266,7.82,300,Navi Mumbai,2022-01-16,0.0939,Formal,6.83
LN100624,6558956,8.12,180,South Mumbai,2018-03-09,0.0794,Formal,4.95
LN100625,18620739,6.81,300,South Mumbai,2022-09-30,0.0412,Formal,6.43
LN100626,9934845,8.63,240,Navi Mumbai,2018-12-29,0.078,Informal,4.44
LN100627,14832640,7.51,180,Navi Mumbai,2020-05-23,0.049,Informal,5.5
LN100628,5040479,7.06,300,Mumbai Suburbs,2016-06-15,0.0356,Informal,5.82
LN100629,1092193,8.41,240,Mumbai Suburbs,2019-06-16,0.0765,Formal,6.54
LN100630,14088862,8.36,300,Mumbai Suburbs,2016-11-16,0.0658,Formal,6.28
LN100631,18964103,6.77,300,Mumbai Suburbs,2022-11-30,0.0241,Formal,6.99
LN100632,14943554,8.94,300,South Mumbai,2019-12-06,0.0445,Formal,4.65
LN100633,14270321,8.68,180,Mumbai Suburbs,2019-11-23,0.0824,Formal,6.31
LN100634,3658571,7.16,240,South Mumbai,2021-06-06,0.0717,Formal,4.45
LN100635,17689088,8.14,240,Mumbai Suburbs,2018-06-17,0.0729,Formal,5.67
LN100636,11611677,9.02,360,Navi Mumbai,2015-01-13,0.1154,Informal,5.84
LN100637,8102173,8.35,300,Navi Mumbai,2017-03-15,0.0899,Formal,4.1
LN100638,12834106,7.88,300,Navi Mumbai,2022-03-22,0.0565,Formal,4.25
LN100639,18258896,7.63,360,Navi Mumbai,2017-05-15,0.0479,Formal,6.94
LN100640,6165679,8.64,300,Mumbai Suburbs,2019-07-02,0.0396,Informal,5
LN100641,15961406,9.79,180,Navi Mumbai,2018-10-02,0.0462,Formal,5.21
LN100642,15681316,8.85,360,Navi Mumbai,2017-05-11,0.012,Formal,6.24
LN100643,14409108,6.76,240,Navi Mumbai,2018-04-09,0.0235,Formal,4.77
LN100644,5100673,8.11,300,Mumbai Suburbs,2020-10-21,0.0797,Formal,4.68
LN100645,2534026,9.62,240,South Mumbai,2018-11-28,0.106,Formal,5.48
LN100646,9704434,6.83,300,South Mumbai,2016-03-21,0.0617,Formal,4.21
LN100647,16285669,9.96,360,South Mumbai,2017-08-16,0.0389,Informal,7.21
LN100648,1327359,9.82,240,Navi Mumbai,2017-03-24,0,Informal,7.29
LN100649,17751329,6.77,300,Mumbai Suburbs,2020-05-20,0.1111,Formal,5.57
LN100650,18094753,9.77,180,Navi Mumbai,2018-07-17,0.0198,Formal,4.73
LN100651,17457553,7.77,360,Mumbai Suburbs,2020-08-03,0.0158,Formal,5.65
LN100652,7953757,9.46,300,Mumbai Suburbs,2020-06-02,0.0511,Formal,4.35
LN100653,1550222,7.96,300,South Mumbai,2015-10-30,0.0587,Informal,5.39
LN100654,3453752,8.04,300,South Mumbai,2021-03-25,0.0603,Formal,4.26
LN100655,11320855,8.72,360,Mumbai Suburbs,2016-07-16,0.0344,Informal,6.47
LN100656,19130254,9.21,300,Mumbai Suburbs,2016-01-04,0.0725,Formal,4.96
LN100657,5657693,6.62,300,South Mumbai,2022-03-04,0.0443,Formal,5.82
LN100658,1707689,8.58,240,Mumbai Suburbs,2016-02-23,0.0451,Informal,4.05
LN100659,13836402,7.15,240,Mumbai Suburbs,2021-03-09,0.0516,Formal,5.84
LN100660,11004560,7.71,360,Navi Mumbai,2019-05-22,0.0397,Formal,4.01
LN100661,19073732,7.72,360,South Mumbai,2021-09-13,0.0224,Formal,7.24
LN100662,15142224,8.14,180,Mumbai Suburbs,2019-08-17,0.0243,Formal,5.75
LN100663,2854971,7.67,300,South Mumbai,2019-05-01,0.0268,Formal,4.35
LN100664,17045907,6.88,240,Mumbai Suburbs,2017-11-22,0.0737,Informal,5.19
LN100665,15903841,7.01,240,Mumbai Suburbs,2017-01-04,0.072,Informal,4.16
LN100666,16539973,6.62,300,Mumbai Suburbs,2018-03-25,0.0519,Informal,5.86
LN100667,2849396,8.15,300,Navi Mumbai,2016-08-12,0.0534,Formal,4.43
LN100668,16734209,9.84,360,South Mumbai,2018-08-17,0.095,Informal,5.66
LN100669,3691276,6.9,180,South Mumbai,2017-04-25,0.0754,Informal,5.07
LN100670,3526954,9.81,180,Mumbai Suburbs,2016-06-28,0.1069,Formal,6.67
LN100671,7549546,9.07,360,Mumbai Suburbs,2017-01-08,0.0427,Formal,5.69
LN100672,17663288,8.73,360,South Mumbai,2022-07-14,0.0251,Formal,6.97
LN100673,14081782,8.76,240,Mumbai Suburbs,2019-11-15,0.0899,Informal,7.29
LN100674,15882910,9.39,360,South Mumbai,2019-02-05,0.0594,Formal,7.39
LN100675,9001482,6.87,180,South Mumbai,2018-06-16,0.0359,Formal,4.91
LN100676,11114959,8.27,240,Mumbai Suburbs,2016-03-15,0.0747,Informal,6.69
LN100677,2072647,8.94,180,Navi Mumbai,2022-10-17,0.0388,Formal,5.53
LN100678,2631107,8.55,300,Mumbai Suburbs,2020-07-20,0.0807,Formal,5.49
LN100679,10417063,9.41,180,Mumbai Suburbs,2022-01-25,0.0746,Informal,7.04
LN100680,6106563,6.75,240,Navi Mumbai,2020-10-23,0.0532,Formal,4.51
LN100681,9234679,8.92,180,Mumbai Suburbs,2017-05-15,0.0094,Informal,5.67
LN100682,16011932,8.37,240,Mumbai Suburbs,2018-10-08,0.0323,Informal,6.08
LN100683,19727583,7.83,240,Navi Mumbai,2021-06-05,0.1056,Formal,4.23
LN100684,2910705,7.69,360,South Mumbai,2022-01-25,0.1124,Formal,7.03
LN100685,2601596,8.67,180,Mumbai Suburbs,2020-10-29,0.1378,Formal,5.1
LN100686,8757202,9.62,360,Navi Mumbai,2015-08-11,0.072,Formal,6.3
LN100687,7348564,8.24,360,Navi Mumbai,2015-02-16,0.0273,Informal,7.25
LN100688,6723601,9.39,180,South Mumbai,2019-12-25,0.1002,Formal,6.52
LN100689,17618153,7.91,240,South Mumbai,2015-07-25,0.0521,Informal,7.1
LN100690,3382357,6.86,300,South Mumbai,2018-11-23,0.0395,Formal,4.24
LN100691,12875732,6.72,180,Mumbai Suburbs,2022-05-26,0.07,Formal,5.72
LN100692,8904069,6.68,360,Mumbai Suburbs,2021-07-26,0.1169,Informal,5.98
LN100693,15810624,7.83,360,Mumbai Suburbs,2020-02-14,0.0568,Informal,6.41
LN100694,14630084,7.68,240,Navi Mumbai,2021-11-21,0.0605,Informal,4.41
LN100695,14781337,9.01,360,Mumbai Suburbs,2022-03-03,0.014,Formal,6.3
LN100696,16428653,9.1,300,Navi Mumbai,2016-10-04,0.0632,Informal,4.51
LN100697,17099248,6.68,360,South Mumbai,2022-02-05,0.08,Formal,4.24
LN100698,15677069,7.27,240,South Mumbai,2018-04-26,0.0574,Informal,5.64
LN100699,9480473,7.46,180,Mumbai Suburbs,2015-07-08,0.0596,Formal,6.1
LN100700,13433196,8.42,240,South Mumbai,2018-05-03,0.0668,Formal,7.35
LN100701,6455770,7.01,360,Mumbai Suburbs,2018-04-18,0.0285,Formal,6.45
LN100702,2072200,6.97,240,Navi Mumbai,2021-11-07,0,Formal,6.07
LN100703,11889464,9.8,360,South Mumbai,2021-10-10,0.0569,Formal,4.75
LN100704,13457080,9.31,240,Mumbai Suburbs,2018-07-11,0.0532,Formal,4.53
LN100705,2222869,7.13,180,Mumbai Suburbs,2015-06-07,0.0771,Informal,6.13
LN100706,16608046,7.92,360,South Mumbai,2018-06-09,0.1319,Formal,4.78
LN100707,17512055,7.74,300,Mumbai Suburbs,2017-12-27,0.0989,Formal,6.47
LN100708,4125354,9.27,300,Navi Mumbai,2022-04-30,0,Informal,4.4
LN100709,10818159,8.29,300,Mumbai Suburbs,2021-05-25,0.1356,Formal,5.19
LN100710,12145552,6.95,300,Mumbai Suburbs,2021-02-25,0.0799,Informal,6.71
LN100711,15775321,9.09,360,Navi Mumbai,2021-12-06,0.0521,Formal,6.91
LN100712,5782883,7.89,360,Mumbai Suburbs,2017-12-23,0.1043,Formal,5.21
LN100713,7501632,7.42,180,South Mumbai,2016-07-10,0,Formal,4.72
LN100714,16152994,7.81,240,Mumbai Suburbs,2020-10-14,0.0437,Informal,7.35
LN100715,9083123,8.24,360,Mumbai Suburbs,2016-07-01,0.0659,Informal,6.66
LN100716,15107262,7.7,300,Mumbai Suburbs,2018-07-07,0.062,Informal,6.82
LN100717,10306167,7.35,360,Mumbai Suburbs,2020-12-07,0.1054,Formal,4.78
LN100718,1635605,7.89,300,South Mumbai,2016-08-07,0.0954,Informal,5.49
LN100719,8479821,6.57,180,Mumbai Suburbs,2016-08-28,0.0805,Informal,4.24
LN100720,5583897,9.2,240,Mumbai Suburbs,2018-11-08,0.0517,Formal,4.38
LN100721,10203739,7.1,360,Mumbai Suburbs,2015-02-23,0.0888,Formal,4.77
LN100722,8413718,6.65,240,Navi Mumbai,2019-08-23,0.0421,Informal,5.06
LN100723,1067661,8.79,300,Navi Mumbai,2018-04-07,0.0832,Formal,7.49
LN100724,7859991,9.21,300,Mumbai Suburbs,2022-05-20,0.0381,Formal,5.48
LN100725,8585153,9.35,240,Mumbai Suburbs,2021-06-23,0.0688,Informal,6.44
LN100726,11466615,8.23,180,Mumbai Suburbs,2022-02-23,0.0163,Formal,7.17
LN100727,2307506,7.22,240,Mumbai Suburbs,2015-08-03,0.0911,Informal,4.86
LN100728,11359814,9.08,240,Navi Mumbai,2020-07-11,0.0467,Formal,4.51
LN100729,3966422,8.95,360,Mumbai Suburbs,2015-04-20,0.0189,Formal,4.85
LN100730,17599789,7.36,360,South Mumbai,2020-04-11,0.0311,Formal,7.09
LN100731,4708654,9.66,300,Mumbai Suburbs,2015-12-12,0.0508,Informal,6.33
LN100732,1118033,6.87,360,Mumbai Suburbs,2021-07-10,0.0326,Formal,5.58
LN100733,10018873,9.94,180,Mumbai Suburbs,2016-10-15,0.0816,Formal,6.87
LN100734,12098917,9.51,180,Mumbai Suburbs,2018-02-09,0.0517,Formal,4.83
LN100735,6872354,8.91,180,South Mumbai,2022-01-09,0.088,Formal,4.84
LN100736,2215502,9.79,300,South Mumbai,2018-01-08,0.0515,Informal,5.99
LN100737,15202047,9.03,180,Mumbai Suburbs,2016-09-25,0.0815,Formal,6.77
LN100738,16540184,7.17,180,Mumbai Suburbs,2015-10-17,0.0603,Formal,4.91
LN100739,14014646,8.05,360,South Mumbai,2021-06-30,0.0522,Formal,4.74
LN100740,10810404,6.75,300,Navi Mumbai,2016-01-10,0.0288,Formal,5.66
LN100741,12151387,7.86,240,Mumbai Suburbs,2019-11-21,0.062,Formal,4.47
LN100742,7292518,9.1,180,Navi Mumbai,2021-02-03,0.0821,Informal,6.62
LN100743,8587768,7.85,360,South Mumbai,2015-11-25,0.0394,Informal,6.02
LN100744,3192614,7.66,240,South Mumbai,2019-05-22,0.0596,Formal,5.79
LN100745,15030933,8.58,180,Mumbai Suburbs,2018-01-18,0.0435,Informal,7.05
LN100746,18547389,9.55,240,South Mumbai,2018-09-10,0.1181,Informal,6.56
LN100747,12057963,6.67,240,Navi Mumbai,2018-03-26,0.0694,Formal,4.52
LN100748,16211913,7.85,300,South Mumbai,2020-07-29,0.0627,Formal,5.47
LN100749,1467010,7.05,300,Mumbai Suburbs,2015-01-26,0.0454,Informal,5.12
LN100750,2655016,8.93,180,Navi Mumbai,2016-08-08,0.0865,Informal,6.81
LN100751,13969105,6.87,180,Mumbai Suburbs,2017-05-02,0.06,Formal,6.52
LN100752,5221038,8.83,300,South Mumbai,2018-11-25,0.0581,Informal,5.65
LN100753,11511829,7.5,180,Mumbai Suburbs,2018-09-29,0.0578,Formal,6.88
LN100754,4880993,7.2,180,Mumbai Suburbs,2020-08-27,0.0268,Formal,5.44
LN100755,14120110,9.78,300,South Mumbai,2019-10-05,0.1049,Informal,6.81
LN100756,14967111,6.56,240,Mumbai Suburbs,2021-01-16,0.0876,Informal,4.11
LN100757,3568103,8.03,180,Navi Mumbai,2018-01-01,0.0603,Formal,4.47
LN100758,9469872,6.58,360,Navi Mumbai,2016-02-26,0.0569,Formal,6.65
LN100759,9411883,8.19,300,South Mumbai,2021-10-15,0.0336,Informal,4.4
LN100760,12082322,8.25,180,South Mumbai,2018-12-05,0.0157,Formal,6.39
LN100761,17203305,7.63,180,South Mumbai,2018-05-03,0.0336,Formal,6.53
LN100762,11848680,6.96,300,Mumbai Suburbs,2018-04-17,0.0943,Formal,6.32
LN100763,7482532,7.82,360,Mumbai Suburbs,2022-06-02,0.0484,Formal,6.86
LN100764,16922693,8.85,360,Navi Mumbai,2019-08-29,0.0925,Formal,5.79
LN100765,6196467,9.24,300,Mumbai Suburbs,2016-02-27,0.0591,Formal,7.14
LN100766,3000609,8.36,360,South Mumbai,2017-02-14,0.0339,Formal,5.99
LN100767,10301434,8.56,180,Mumbai Suburbs,2019-06-02,0.038,Informal,5.78
LN100768,10192300,7.2,360,South Mumbai,2016-09-14,0.0674,Informal,5.78
LN100769,10549765,7.51,180,South Mumbai,2016-03-27,0.0114,Formal,7.19
LN100770,19091748,7.07,240,South Mumbai,2022-12-01,0.037,Formal,4.85
LN100771,18198456,7.37,360,South Mumbai,2016-11-22,0.0464,Formal,6.43
LN100772,13248352,7.29,240,Mumbai Suburbs,2018-08-19,0.0846,Formal,4.85
LN100773,1944789,8.32,300,Mumbai Suburbs,2019-06-14,0.0685,Formal,4.32
LN100774,19990789,8.47,360,South Mumbai,2018-03-09,0.0656,Formal,7.34
LN100775,17193014,9.81,180,Navi Mumbai,2017-09-05,0.0739,Informal,4.45
LN100776,15752367,7.18,360,Mumbai Suburbs,2017-07-29,0.091,Informal,6.4
LN100777,9375741,8.75,300,South Mumbai,2021-02-23,0.0615,Informal,5.49
LN100778,17514877,9.36,300,South Mumbai,2019-07-13,0.029,Formal,6.93
LN100779,6056861,8.46,180,Mumbai Suburbs,2020-03-12,0.0656,Informal,6.71
LN100780,7436446,7.39,360,Navi Mumbai,2015-04-14,0.0348,Formal,4.5
LN100781,5148887,7.42,240,Mumbai Suburbs,2020-01-13,0,Formal,5.64
LN100782,10057014,6.64,300,Navi Mumbai,2016-07-27,0.0657,Formal,4.1
LN100783,5612338,7.57,300,Mumbai Suburbs,2022-07-17,0.0755,Informal,5.5
LN100784,12242014,9.11,180,Mumbai Suburbs,2020-04-21,0.0704,Formal,6.45
LN100785,18810471,6.67,360,Mumbai Suburbs,2022-07-30,0.0752,Formal,4.81
LN100786,8082212,7.27,240,Mumbai Suburbs,2020-11-20,0.0934,Informal,6.84
LN100787,12441374,8.97,360,Mumbai Suburbs,2018-08-26,0.0309,Formal,4.19
LN100788,4094235,9.24,360,Navi Mumbai,2020-12-20,0.0484,Formal,4.12
LN100789,15315594,8.09,240,South Mumbai,2020-10-04,0.0214,Formal,4.1
LN100790,1387952,8.94,180,Mumbai Suburbs,2016-07-02,0.0735,Formal,4.98
LN100791,18807333,7.86,300,Mumbai Suburbs,2020-02-13,0.0969,Formal,5.63
LN100792,3357821,7.06,180,Mumbai Suburbs,2015-01-11,0.0437,Formal,4.38
LN100793,9913742,7.89,180,South Mumbai,2021-11-15,0.0817,Formal,7.49
LN100794,17263882,8.53,360,Mumbai Suburbs,2021-10-20,0.0369,Formal,7.5
LN100795,6584263,9.82,240,Mumbai Suburbs,2021-05-21,0.0794,Formal,5.82
LN100796,1244761,6.74,300,Mumbai Suburbs,2021-03-14,0,Formal,5.99
LN100797,12360428,8.28,360,Mumbai Suburbs,2019-12-09,0.1057,Formal,7.24
LN100798,17612651,7.65,300,Mumbai Suburbs,2016-07-10,0.0273,Informal,6.69
LN100799,9386180,8.28,360,Mumbai Suburbs,2019-07-02,0.0651,Informal,4.59
LN100800,15460021,6.58,240,Navi Mumbai,2016-01-02,0.1021,Formal,6.77
LN100801,1064323,7.6,300,Navi Mumbai,2019-12-02,0.025,Formal,4.81
LN100802,16296274,9.37,300,South Mumbai,2015-06-23,0.1128,Formal,5.51
LN100803,19014931,8.44,180,South Mumbai,2022-08-07,0.1231,Informal,5.86
LN100804,9040979,8.08,360,Mumbai Suburbs,2021-05-18,0.0807,Formal,6.51
LN100805,1954480,7.5,360,Mumbai Suburbs,2015-03-28,0.0605,Informal,4.53
LN100806,18631232,7.54,360,Navi Mumbai,2020-08-16,0.0545,Formal,4.27
LN100807,6347417,7.84,180,Mumbai Suburbs,2022-08-30,0.0772,Informal,7.03
LN100808,10253517,9.42,180,Navi Mumbai,2016-02-07,0.0824,Formal,6.89
LN100809,6809701,9.89,300,South Mumbai,2015-11-15,0,Formal,5.83
LN100810,14371172,8.04,360,Mumbai Suburbs,2020-02-27,0.0515,Formal,6.32
LN100811,10993726,7.88,360,South Mumbai,2015-02-27,0.0425,Formal,6.52
LN100812,2416012,9.46,300,South Mumbai,2016-12-06,0.0381,Informal,5.67
LN100813,6752810,7.99,300,Mumbai Suburbs,2015-09-17,0.0387,Formal,4.9
LN100814,1571650,8.43,300,South Mumbai,2022-10-23,0.0212,Formal,5.68
LN100815,9774533,7.31,240,Mumbai Suburbs,2016-02-15,0.1065,Formal,7.33
LN100816,3863793,9.1,240,Mumbai Suburbs,2017-09-25,0.0424,Formal,6.93
LN100817,5909047,8.36,300,Navi Mumbai,2016-10-20,0.0557,Formal,5.63
LN100818,7881289,9.33,180,South Mumbai,2017-09-14,0.0506,Informal,4.79
LN100819,8422212,9.23,180,Mumbai Suburbs,2015-02-27,0.0435,Formal,7.11
LN100820,4757974,7.25,360,Navi Mumbai,2021-06-12,0.0725,Informal,6.23
LN100821,9791689,9,240,Navi Mumbai,2017-12-11,0.0506,Informal,5.42
LN100822,9767500,9.3,240,Mumbai Suburbs,2019-07-30,0.0782,Formal,4.39
LN100823,9291923,7.71,300,Mumbai Suburbs,2021-05-05,0.1071,Formal,6.63
LN100824,8796324,7.1,300,Mumbai Suburbs,2016-07-31,0.027,Informal,5.11
LN100825,12643208,6.51,300,Mumbai Suburbs,2015-09-10,0.0697,Formal,6.12
LN100826,11373904,8.08,300,Mumbai Suburbs,2017-06-14,0.0688,Formal,5.99
LN100827,9112074,7.73,300,Mumbai Suburbs,2019-03-28,0.0247,Informal,6.45
LN100828,19967438,8.44,180,Mumbai Suburbs,2018-04-28,0.0794,Formal,5.88
LN100829,13138391,7.16,180,Mumbai Suburbs,2017-12-22,0.0521,Formal,6.21
LN100830,11713405,9.51,300,South Mumbai,2017-05-25,0.1074,Formal,4.29
LN100831,17265147,7.4,180,Mumbai Suburbs,2017-02-21,0.09,Informal,6.33
LN100832,18563883,7.29,300,South Mumbai,2018-02-01,0.06,Formal,4.68
LN100833,10742257,8.18,300,Mumbai Suburbs,2017-10-28,0.0535,Formal,5.37
LN100834,14961076,8.25,240,South Mumbai,2021-04-24,0.112,Formal,5.79
LN100835,19489719,7.25,180,Mumbai Suburbs,2021-06-11,0.0426,Informal,6.4
LN100836,4609736,7.45,180,Navi Mumbai,2022-01-24,0.0679,Informal,6.6
LN100837,9060833,7.09,240,Mumbai Suburbs,2019-08-23,0.058,Formal,6.47
LN100838,7638155,9.01,180,South Mumbai,2020-12-23,0.0958,Formal,4.33
LN100839,19161634,9.2,240,Mumbai Suburbs,2018-03-11,0.0982,Formal,5.35
LN100840,18163810,8.12,360,South Mumbai,2016-02-26,0.0763,Formal,4.98
LN100841,13225855,9,180,Mumbai Suburbs,2022-01-03,0.0442,Informal,5.39
LN100842,18869717,9.08,300,Mumbai Suburbs,2020-09-01,0.0553,Formal,6.26
LN100843,6238331,6.98,240,Navi Mumbai,2021-05-05,0.0231,Informal,4.68
LN100844,2135964,9.88,300,South Mumbai,2020-08-29,0.0675,Informal,5.76
LN100845,3155748,9.37,300,Mumbai Suburbs,2022-07-24,0.0358,Formal,7.1
LN100846,12433787,7.22,180,Navi Mumbai,2022-10-09,0.1272,Informal,6.56
LN100847,1873172,7.15,240,Navi Mumbai,2016-01-10,0.0436,Formal,6.54
LN100848,9910852,6.94,360,South Mumbai,2016-12-05,0.0908,Formal,6.97
LN100849,6655378,6.98,300,Mumbai Suburbs,2017-04-16,0.1059,Formal,5.4
LN100850,5873594,9.12,300,South Mumbai,2015-09-21,0.0849,Informal,6.66
LN100851,5063309,8.14,360,Mumbai Suburbs,2021-08-05,0.0448,Formal,4.21
LN100852,7941245,9.24,240,South Mumbai,2015-11-05,0.0427,Informal,4.2
LN100853,16876696,9.11,180,Navi Mumbai,2022-05-18,0.1483,Informal,5.16
LN100854,10451244,8.62,300,South Mumbai,2016-09-13,0.1192,Formal,4.69
LN100855,11175529,8.9,180,Mumbai Suburbs,2015-09-25,0.0691,Informal,5.81
LN100856,8817304,6.56,240,Mumbai Suburbs,2021-09-06,0.0498,Formal,4.64
LN100857,15150033,7.59,360,Navi Mumbai,2019-09-01,0.0339,Formal,7.41
LN100858,18606951,8.73,180,Mumbai Suburbs,2017-08-11,0.0414,Informal,6.98
LN100859,8021862,6.53,240,South Mumbai,2016-10-16,0.0813,Formal,7.44
LN100860,13218983,6.62,180,South Mumbai,2022-01-07,0.1294,Formal,6.83
LN100861,9351245,9.48,180,South Mumbai,2015-07-20,0.0564,Formal,7.33
LN100862,6282591,8.89,300,Mumbai Suburbs,2015-12-15,0.096,Formal,5.29
LN100863,8483058,7.43,180,Mumbai Suburbs,2019-07-21,0.087,Formal,5.74
LN100864,4086176,8.91,300,Mumbai Suburbs,2021-01-01,0.0512,Formal,4.84
LN100865,6345854,9.27,240,South Mumbai,2021-05-08,0.09,Formal,6.23
LN100866,12683982,7.57,240,Mumbai Suburbs,2019-10-06,0.0909,Informal,6.76
LN100867,17320656,6.63,300,Mumbai Suburbs,2022-09-26,0.0875,Informal,5.75
LN100868,5883680,9.76,360,Navi Mumbai,2017-06-04,0.0476,Formal,5.04
LN100869,4681262,7.71,180,Mumbai Suburbs,2017-09-19,0.0815,Formal,5.78
LN100870,5633078,6.87,240,Mumbai Suburbs,2020-02-24,0.0957,Formal,4.22
LN100871,3609089,8.22,240,Mumbai Suburbs,2022-12-30,0.0887,Informal,6.52
LN100872,18691444,9.19,360,South Mumbai,2016-08-22,0.0923,Formal,5.58
LN100873,1953959,7.28,240,Mumbai Suburbs,2015-02-25,0.0539,Formal,7.14
LN100874,11578023,7.44,300,Mumbai Suburbs,2016-02-20,0.0922,Informal,7.23
LN100875,17264230,7.35,360,South Mumbai,2019-04-09,0.0987,Formal,4.44
LN100876,8905477,9.97,240,South Mumbai,2021-03-19,0.0463,Formal,7.49
LN100877,11016389,7.19,360,South Mumbai,2016-06-20,0.0185,Formal,7.39
LN100878,12630982,8.51,360,Navi Mumbai,2017-11-23,0.1091,Informal,6.19
LN100879,18122482,9.74,240,South Mumbai,2016-11-05,0.0461,Formal,6.89
LN100880,12460083,7.01,240,Mumbai Suburbs,2018-10-26,0.0377,Formal,4.06
LN100881,16586926,9.9,240,South Mumbai,2020-09-27,0.0664,Informal,7.4
LN100882,13392092,9.82,360,Mumbai Suburbs,2021-01-20,0.0519,Informal,5.6
LN100883,14899040,9.6,300,Mumbai Suburbs,2021-11-06,0.0022,Formal,7.18
LN100884,10496563,7.25,300,Navi Mumbai,2019-02-07,0.0868,Formal,5.35
LN100885,15034150,8.72,180,South Mumbai,2015-11-30,0.086,Formal,6.76
LN100886,13190618,9.16,240,Mumbai Suburbs,2016-10-19,0.0291,Formal,5.46
LN100887,14904421,9.95,300,Mumbai Suburbs,2015-07-03,0.0592,Formal,5.27
LN100888,11321336,7.13,180,Navi Mumbai,2019-03-13,0.0295,Formal,7.31
LN100889,17559100,9.18,180,South Mumbai,2017-06-05,0.0342,Formal,6.45
LN100890,8553974,7.69,240,South Mumbai,2015-01-09,0.0419,Formal,6.94
LN100891,11750240,7.11,180,Mumbai Suburbs,2019-07-06,0.0759,Formal,5.9
LN100892,10803005,7.97,300,South Mumbai,2019-09-17,0.1203,Formal,7.21
LN100893,7097091,9.28,180,South Mumbai,2022-06-06,0.0476,Informal,6.59
LN100894,14428545,8.13,180,Mumbai Suburbs,2021-07-11,0.0852,Formal,4.25
LN100895,8705092,8.38,300,Mumbai Suburbs,2021-09-27,0.0839,Formal,6.68
LN100896,8583354,9.98,180,Mumbai Suburbs,2022-10-29,0,Formal,4.07
LN100897,6813365,7.9,180,Mumbai Suburbs,2021-10-23,0.0184,Formal,6.9
LN100898,5057893,8.65,360,Mumbai Suburbs,2016-08-17,0.1214,Formal,5.16
LN100899,6397662,7.78,180,Mumbai Suburbs,2020-09-17,0.0448,Formal,6.09
LN100900,17413486,7.87,180,Mumbai Suburbs,2016-08-27,0.0736,Formal,6.62
LN100901,12606243,8.93,360,Mumbai Suburbs,2015-07-10,0.0701,Formal,6.23
LN100902,17643948,9.78,360,South Mumbai,2015-09-26,0,Formal,6.35
LN100903,11688727,8.4,360,South Mumbai,2021-02-17,0.0395,Formal,7.12
LN100904,11288051,9.19,240,Mumbai Suburbs,2015-04-25,0.0818,Formal,5.31
LN100905,10828366,6.81,240,Mumbai Suburbs,2021-05-05,0.0319,Informal,5.92
LN100906,2805468,7.24,300,Mumbai Suburbs,2018-12-25,0.0487,Formal,4.61
LN100907,4427975,8.26,180,Mumbai Suburbs,2018-12-19,0.0239,Formal,5.64
LN100908,7356228,6.57,300,South Mumbai,2021-04-23,0.0348,Formal,4.53
LN100909,9514716,7.38,240,South Mumbai,2021-09-16,0.0442,Formal,6.22
LN100910,12548718,8.31,180,South Mumbai,2016-07-18,0.0042,Formal,5.13
LN100911,12618627,6.55,180,Mumbai Suburbs,2018-12-16,0.0951,Formal,7.01
LN100912,16043403,7.43,360,Mumbai Suburbs,2019-06-01,0.0183,Formal,5.2
LN100913,6525633,8.3,240,Mumbai Suburbs,2016-04-04,0.0548,Informal,5
LN100914,19857370,8.51,180,Mumbai Suburbs,2021-02-09,0.0377,Formal,5.72
LN100915,3244702,9.74,360,Navi Mumbai,2015-11-16,0.0923,Informal,4.61
LN100916,13920739,8.76,180,Navi Mumbai,2017-01-10,0.023,Informal,4.71
LN100917,16727907,7.95,240,Mumbai Suburbs,2017-07-02,0.0365,Formal,6.74
LN100918,8726890,9.76,300,Navi Mumbai,2022-05-06,0.0199,Formal,5.74
LN100919,9357956,9.25,300,Mumbai Suburbs,2020-01-11,0,Formal,4.72
LN100920,9204298,7.2,180,Navi Mumbai,2016-12-08,0.0753,Formal,4.11
LN100921,10451337,6.96,360,Navi Mumbai,2015-04-27,0.061,Formal,5.63
LN100922,4386501,8.87,360,Navi Mumbai,2015-06-20,0.0666,Formal,6.6
LN100923,11367687,8.46,360,Mumbai Suburbs,2019-02-05,0.0843,Formal,5.23
LN100924,8395350,9.26,240,Mumbai Suburbs,2017-07-05,0.0632,Formal,4.87
LN100925,5588334,9.09,300,Mumbai Suburbs,2020-04-16,0.0467,Informal,5.39
LN100926,9464685,8.69,300,South Mumbai,2021-06-20,0.0678,Formal,7.36
LN100927,2255564,9.95,180,Mumbai Suburbs,2018-07-16,0.0448,Informal,5.48
LN100928,9930264,8.37,300,Navi Mumbai,2017-06-12,0.0934,Formal,4.91
LN100929,11673774,6.9,360,South Mumbai,2022-06-22,0.0491,Formal,5.99
LN100930,11440139,9.4,240,Mumbai Suburbs,2016-06-30,0.0564,Informal,6.84
LN100931,3792427,7.38,360,Mumbai Suburbs,2021-06-19,0.0791,Formal,4.08
LN100932,12309411,9.22,360,Mumbai Suburbs,2018-05-26,0.1301,Informal,5.95
LN100933,6748035,9.85,300,Navi Mumbai,2022-01-23,0.0293,Formal,6.93
LN100934,5390020,8.94,240,Navi Mumbai,2016-08-28,0.0234,Informal,4.75
LN100935,3681719,8.59,240,Mumbai Suburbs,2015-10-27,0.0526,Informal,7.23
LN100936,18667911,8.11,360,South Mumbai,2021-08-26,0.0376,Formal,6.02
LN100937,13583038,7.78,180,Mumbai Suburbs,2020-02-29,0.081,Formal,5.81
LN100938,18615977,7.74,300,Mumbai Suburbs,2017-07-07,0.0659,Formal,7.37
LN100939,10688053,8.73,180,Mumbai Suburbs,2019-02-22,0.0264,Informal,4.45
LN100940,9887324,9.13,360,South Mumbai,2022-07-23,0.0825,Formal,6.59
LN100941,12529677,8.87,300,Mumbai Suburbs,2019-02-27,0.1154,Informal,6.86
LN100942,16863509,7.19,180,Mumbai Suburbs,2019-07-25,0.036,Formal,5.71
LN100943,17591661,8.23,180,Mumbai Suburbs,2018-08-12,0.0698,Informal,4.02
LN100944,7575716,9.27,180,Mumbai Suburbs,2016-12-12,0,Formal,5.84
LN100945,3002324,8.16,300,Mumbai Suburbs,2015-09-28,0.049,Formal,4.54
LN100946,7262105,8.38,180,South Mumbai,2021-03-26,0.0693,Formal,5.97
LN100947,13715629,9.2,240,Navi Mumbai,2020-05-31,0.0558,Formal,6.59
LN100948,7671318,8.81,360,Mumbai Suburbs,2015-04-28,0.0634,Formal,5.86
LN100949,18271808,7.93,300,South Mumbai,2017-09-16,0.0367,Informal,6.21
LN100950,12634494,9.63,240,Mumbai Suburbs,2022-03-28,0.0978,Informal,4.36
LN100951,14799990,7.07,180,Navi Mumbai,2017-06-28,0.0477,Informal,4.34
LN100952,4578226,9.98,360,Mumbai Suburbs,2021-05-16,0.0231,Formal,6.98
LN100953,3427540,6.92,180,Mumbai Suburbs,2016-01-31,0.0588,Formal,4.17
LN100954,19492846,6.55,240,South Mumbai,2017-06-28,0.0877,Formal,5
LN100955,1318408,9.62,180,Mumbai Suburbs,2019-08-11,0.0766,Informal,7.28
LN100956,9856884,7.36,300,Mumbai Suburbs,2019-12-22,0.0445,Formal,5.61
LN100957,11543305,9.05,240,Mumbai Suburbs,2015-02-21,0.1132,Formal,6.36
LN100958,10272985,9.34,300,Navi Mumbai,2021-08-10,0.0578,Formal,4.78
LN100959,2898739,9.51,360,South Mumbai,2021-03-11,0.0086,Informal,4.95
LN100960,18794649,9.97,300,South Mumbai,2015-04-16,0.0778,Formal,5.78
LN100961,5661029,7.53,300,Navi Mumbai,2020-08-05,0.0559,Formal,6.23
LN100962,12149697,8.99,180,Mumbai Suburbs,2017-05-30,0.0578,Formal,7.36
LN100963,14757649,6.9,180,South Mumbai,2021-02-22,0.0867,Formal,6.01
LN100964,19358746,7.92,240,Mumbai Suburbs,2015-04-25,0.0522,Informal,4.34
LN100965,14427105,9.47,360,Navi Mumbai,2018-09-16,0.0513,Formal,5.28
LN100966,19864474,7.79,240,South Mumbai,2022-12-08,0.0224,Informal,4.85
LN100967,5856447,8.57,360,South Mumbai,2016-12-12,0.0441,Formal,4.89
LN100968,7857658,8.26,360,South Mumbai,2015-10-19,0.0673,Formal,5.77
LN100969,1996530,8.76,300,Navi Mumbai,2015-05-07,0.0424,Formal,5.11
LN100970,7231219,9.91,180,Navi Mumbai,2019-08-24,0.0099,Informal,5.01
LN100971,12292148,6.7,360,Mumbai Suburbs,2021-12-25,0.0795,Informal,7.39
LN100972,4364695,8.51,180,Mumbai Suburbs,2015-09-08,0.0808,Formal,6.04
LN100973,13966064,9.52,360,Mumbai Suburbs,2018-12-21,0.081,Formal,4.92
LN100974,11580030,8.18,180,South Mumbai,2020-11-08,0.0322,Informal,4.97
LN100975,18822698,6.77,240,Navi Mumbai,2018-01-15,0.0594,Informal,6.84
LN100976,6786265,8.46,180,South Mumbai,2020-09-22,0.0672,Formal,7.1
LN100977,8487345,7.66,300,Mumbai Suburbs,2020-08-14,0.0778,Informal,6.38
LN100978,1570451,7.04,360,Mumbai Suburbs,2020-08-16,0.0785,Formal,5.51
LN100979,1967344,9.47,300,South Mumbai,2019-12-05,0.0176,Formal,6.68
LN100980,12243667,8.33,360,Mumbai Suburbs,2022-07-15,0.1117,Informal,7.28
LN100981,3412149,9.77,300,Mumbai Suburbs,2016-06-29,0.0237,Formal,4.58
LN100982,6398869,9.32,360,Mumbai Suburbs,2019-05-21,0.0111,Informal,7.02
LN100983,17405566,8.93,180,South Mumbai,2016-04-22,0,Informal,6.97
LN100984,10427504,6.52,360,South Mumbai,2022-10-11,0.081,Informal,5.28
LN100985,12686214,8,300,Mumbai Suburbs,2017-01-31,0.1035,Formal,5.02
LN100986,8022336,7.19,300,Navi Mumbai,2020-05-30,0.041,Formal,5.98
LN100987,13485559,9.69,360,South Mumbai,2017-10-11,0.007,Formal,4.95
LN100988,9652831,7.11,360,Navi Mumbai,2019-12-18,0.0862,Formal,4.51
LN100989,14691164,7.5,240,Mumbai Suburbs,2017-03-19,0.0211,Informal,7.34
LN100990,12707868,8.31,240,Navi Mumbai,2019-07-29,0.0786,Formal,5.72
LN100991,15246173,7.42,180,South Mumbai,2017-11-27,0.0323,Informal,5.65
LN100992,3694287,7.23,180,Mumbai Suburbs,2016-08-17,0.0468,Formal,4.44
LN100993,11055079,8.6,180,South Mumbai,2017-01-13,0.0696,Formal,5.76
LN100994,7511634,6.81,180,Mumbai Suburbs,2015-09-29,0.0698,Formal,6.6
LN100995,14781009,6.7,180,Navi Mumbai,2018-04-22,0.0632,Formal,4.87
LN100996,9976973,7.8,360,South Mumbai,2018-12-04,0.1041,Formal,5.29
LN100997,14407602,9.02,240,Mumbai Suburbs,2018-06-27,0.1114,Formal,4.63
LN100998,1703662,8.44,360,South Mumbai,2022-11-14,0.1138,Informal,5.24
LN100999,19082801,7.98,240,Mumbai Suburbs,2020-09-03,0.0547,Formal,7.01
LN101000,5092097,8.48,240,South Mumbai,2020-08-21,0.0632,Formal,4.83
LN101001,14769205,7.78,300,South Mumbai,2021-10-01,0.1013,Informal,4.1
LN101002,15013403,9.78,300,Mumbai Suburbs,2015-08-07,0.0404,Informal,5.88
LN101003,10988209,6.69,240,Mumbai Suburbs,2020-12-24,0.0471,Formal,6.03
LN101004,7094467,8.86,360,South Mumbai,2016-12-10,0.0606,Formal,5.15
LN101005,10623424,9.62,240,South Mumbai,2015-06-14,0.0594,Formal,6.25
LN101006,11353564,9.31,180,South Mumbai,2020-10-01,0.0514,Formal,4.13
LN101007,4448678,7.14,360,Navi Mumbai,2022-09-10,0.032,Formal,5.19
LN101008,14942402,7.54,360,Mumbai Suburbs,2021-02-14,0.0856,Formal,4.51
LN101009,15493549,9.01,240,Mumbai Suburbs,2020-03-15,0.0484,Informal,4.8
LN101010,14490337,6.79,180,Mumbai Suburbs,2021-02-24,0.0647,Formal,5.34
LN101011,11669435,9.34,240,South Mumbai,2021-05-26,0.0598,Informal,5.73
LN101012,17642016,9.02,180,Mumbai Suburbs,2021-09-01,0.0803,Formal,4.33
LN101013,9370262,9.05,360,South Mumbai,2020-02-17,0.0737,Informal,4.35
LN101014,11174518,6.85,240,Mumbai Suburbs,2017-02-16,0.0523,Informal,6.36
LN101015,17541471,9.01,180,Mumbai Suburbs,2020-08-31,0.0476,Informal,5.41
LN101016,12484508,8.88,300,Mumbai Suburbs,2022-04-25,0.0567,Formal,4.62
LN101017,8449607,9.41,360,South Mumbai,2017-08-01,0.0267,Informal,4.82
LN101018,16713088,6.65,360,South Mumbai,2021-02-25,0.0359,Formal,6.52
LN101019,14839094,6.58,300,Mumbai Suburbs,2018-11-11,0.0759,Formal,4.18
LN101020,17701250,7.81,180,Mumbai Suburbs,2019-08-09,0.069,Informal,5.78
LN101021,4438550,7.02,360,South Mumbai,2018-06-26,0.031,Informal,5.26
LN101022,1076218,8.45,180,South Mumbai,2016-08-26,0.0564,Formal,6.84
LN101023,18547260,9.71,300,Navi Mumbai,2022-10-18,0.0131,Informal,6.77
LN101024,6579079,7.87,240,Mumbai Suburbs,2020-10-28,0.0641,Formal,6.41
LN101025,11935349,9.46,360,Navi Mumbai,2016-07-22,0.0499,Formal,5.35
LN101026,15318328,6.5,360,South Mumbai,2016-05-06,0.1229,Formal,6.21
LN101027,14061358,7.09,180,Mumbai Suburbs,2022-09-18,0.0776,Formal,6.24
LN101028,19505312,6.61,360,South Mumbai,2019-04-17,0.0314,Formal,5.16
LN101029,9736347,7.65,240,Mumbai Suburbs,2017-10-22,0.031,Formal,7.08
LN101030,17354286,9.68,300,South Mumbai,2021-09-09,0.0791,Informal,7.45
LN101031,9860935,6.84,360,South Mumbai,2020-04-09,0.0864,Informal,5.1
LN101032,3694946,8.62,300,South Mumbai,2020-06-22,0.1158,Formal,6.8
LN101033,5229215,8.08,180,Mumbai Suburbs,2021-12-05,0.0947,Formal,5.75
LN101034,19699351,9.78,240,Mumbai Suburbs,2018-08-08,0.0743,Formal,5.62
LN101035,16105101,6.93,360,Mumbai Suburbs,2018-11-05,0.1027,Informal,5.35
LN101036,8021855,7.24,300,Navi Mumbai,2016-03-06,0.0622,Informal,5.02
LN101037,18755255,6.6,240,Mumbai Suburbs,2018-08-20,0.0609,Formal,7.22
LN101038,10288493,8.02,300,Mumbai Suburbs,2018-05-30,0.0236,Informal,6.59
LN101039,9997354,7.47,180,Navi Mumbai,2017-02-26,0.1053,Informal,5.54
LN101040,8352207,9.54,240,Mumbai Suburbs,2021-08-03,0.064,Formal,6.63
LN101041,18277092,8.62,240,South Mumbai,2016-08-31,0.057,Formal,6.52
LN101042,2962165,8.65,180,Navi Mumbai,2016-07-17,0.0362,Formal,4.94
LN101043,8985620,8.36,180,South Mumbai,2015-11-25,0.0968,Formal,4.62
LN101044,1611213,6.82,360,Mumbai Suburbs,2022-04-14,0.0896,Formal,6.93
LN101045,18545950,8.06,180,Mumbai Suburbs,2021-12-12,0.0329,Formal,6.84
LN101046,16794998,10,180,Mumbai Suburbs,2022-11-24,0.0753,Formal,7.49
LN101047,5241361,9.42,300,Mumbai Suburbs,2019-04-26,0.0839,Formal,4.07
LN101048,2839433,9.63,240,South Mumbai,2020-07-29,0.0226,Formal,5.89
LN101049,7569632,9.38,300,Mumbai Suburbs,2015-10-22,0.0792,Informal,6.45
LN101050,19803796,6.86,180,Mumbai Suburbs,2018-07-23,0.0732,Informal,6.04
LN101051,14291666,7.3,360,South Mumbai,2015-06-08,0.0787,Informal,6.49
LN101052,8507324,6.51,300,Mumbai Suburbs,2018-12-21,0.1196,Informal,4.48
LN101053,7202258,7.56,300,South Mumbai,2020-03-25,0.1488,Formal,4.01
LN101054,10880860,6.88,240,Navi Mumbai,2018-01-21,0.0971,Formal,4.33
LN101055,4526737,8.15,240,Mumbai Suburbs,2020-10-17,0.0678,Formal,5.33
LN101056,9790529,8.87,240,Navi Mumbai,2016-04-17,0.0791,Formal,5.15
LN101057,19786176,9.56,360,South Mumbai,2020-03-31,0.073,Formal,7.06
LN101058,7918889,9.12,360,South Mumbai,2017-02-01,0.1306,Formal,4.29
LN101059,16823554,9.79,180,South Mumbai,2015-06-23,0.0641,Informal,5.55
LN101060,19715094,6.69,180,South Mumbai,2021-10-01,0.0476,Formal,7.35
LN101061,13790902,6.54,240,Mumbai Suburbs,2018-03-04,0.0765,Formal,5.76
LN101062,11473867,8.81,300,Navi Mumbai,2019-12-07,0.1226,Informal,4.46
LN101063,11864147,7.51,240,Mumbai Suburbs,2017-09-03,0.0309,Formal,5.02
LN101064,7193956,7.39,180,Navi Mumbai,2022-01-11,0.0398,Formal,6.19
LN101065,14579173,7.66,300,South Mumbai,2020-04-13,0.0382,Formal,4.04
LN101066,2705215,7.44,180,Navi Mumbai,2015-01-28,0.0241,Formal,7.39
LN101067,15529416,8.29,360,South Mumbai,2022-11-01,0.0315,Formal,5.98
LN101068,8271476,8.04,240,Navi Mumbai,2017-03-07,0.0882,Formal,6.46
LN101069,4266402,8.29,240,South Mumbai,2018-04-10,0.0666,Formal,5.75
LN101070,14489651,8.85,300,Navi Mumbai,2022-08-23,0.0212,Informal,7.35
LN101071,6499593,7.85,240,South Mumbai,2019-07-13,0.0806,Informal,6.06
LN101072,15072989,7.38,180,Mumbai Suburbs,2018-04-25,0.0704,Formal,6.32
LN101073,14126263,7.08,180,Mumbai Suburbs,2022-01-29,0.0885,Formal,7.01
LN101074,5261946,7.72,360,Mumbai Suburbs,2017-03-21,0.0419,Informal,7.02
LN101075,17867309,9.1,180,Mumbai Suburbs,2018-10-11,0.0232,Informal,4.1
LN101076,10944790,9.15,300,Navi Mumbai,2017-02-01,0.0804,Formal,4.99
LN101077,13800127,8.83,180,Mumbai Suburbs,2022-09-05,0.0848,Formal,4.86
LN101078,11392287,7.32,360,Mumbai Suburbs,2017-06-14,0.0269,Formal,4.02
LN101079,15338768,8.56,360,South Mumbai,2021-09-16,0.0671,Formal,7.07
LN101080,2732465,8.5,240,Mumbai Suburbs,2017-02-23,0.0415,Formal,5.11
LN101081,14109773,8.19,300,Mumbai Suburbs,2018-08-06,0.0891,Informal,5.21
LN101082,12045415,8.42,180,Navi Mumbai,2021-01-27,0.0799,Informal,4.35
LN101083,16175617,8.22,360,Mumbai Suburbs,2017-07-18,0.0966,Informal,7.46
LN101084,3859244,8.48,180,Mumbai Suburbs,2019-05-25,0.0348,Formal,6.89
LN101085,18663256,9,360,South Mumbai,2017-07-18,0.0393,Formal,6
LN101086,1322918,6.88,240,South Mumbai,2022-11-10,0.0489,Formal,6.7
LN101087,1116739,9.12,360,Mumbai Suburbs,2015-03-08,0.0441,Formal,6.72
LN101088,10675193,6.98,240,Mumbai Suburbs,2022-01-10,0.0711,Formal,6.3
LN101089,10168924,6.73,300,South Mumbai,2016-06-25,0.0277,Formal,4.61
LN101090,16985249,9.92,180,South Mumbai,2018-04-26,0.1056,Formal,6.52
LN101091,16016740,9.85,180,Navi Mumbai,2018-05-20,0.1123,Informal,5.99
LN101092,12878474,6.71,240,South Mumbai,2021-04-20,0.0933,Formal,6.53
LN101093,10755461,8.05,300,Navi Mumbai,2021-08-08,0.075,Formal,5.9
LN101094,2014929,7.15,240,South Mumbai,2020-02-11,0.0563,Informal,7.35
LN101095,3420564,8.2,360,South Mumbai,2020-08-11,0.0657,Informal,6.19
LN101096,11971177,9.41,240,Mumbai Suburbs,2020-02-03,0.0373,Formal,6.01
LN101097,3653093,9.83,300,Mumbai Suburbs,2017-04-01,0.0647,Formal,6.95
LN101098,13811416,8.72,360,Mumbai Suburbs,2021-07-15,0.0701,Informal,5.33
LN101099,7944121,7.74,180,Mumbai Suburbs,2015-10-09,0.0352,Formal,5.11
LN101100,7238795,8.61,180,South Mumbai,2018-07-23,0.1086,Informal,5.76
LN101101,15157398,7.59,180,Mumbai Suburbs,2021-06-09,0.0575,Formal,6.05
LN101102,14672297,9.68,300,Mumbai Suburbs,2015-04-05,0.0291,Formal,4.77
LN101103,18493972,9.55,300,Mumbai Suburbs,2019-03-25,0.0538,Formal,6.39
LN101104,7790968,8.45,300,Navi Mumbai,2015-07-10,0.0419,Formal,6.81
LN101105,4751198,7.64,300,Mumbai Suburbs,2015-02-20,0.0348,Informal,6.02
LN101106,16732903,7.53,300,Mumbai Suburbs,2021-06-18,0.1071,Formal,5.83
LN101107,4138145,6.62,360,Navi Mumbai,2018-05-19,0.0603,Formal,5.03
LN101108,2226476,9.36,240,Navi Mumbai,2022-06-23,0.0909,Formal,7.18
LN101109,5184056,8.08,180,Mumbai Suburbs,2022-02-25,0.0723,Informal,6.64
LN101110,9960820,7.64,300,South Mumbai,2020-05-21,0.0743,Informal,5.68
LN101111,16016390,8.15,180,Navi Mumbai,2018-04-23,0.0596,Formal,6.31
LN101112,13807049,9.37,300,South Mumbai,2022-12-17,0.047,Informal,5.18
LN101113,2500844,6.94,180,South Mumbai,2017-09-15,0.099,Formal,4.21
LN101114,10317776,9.5,240,Mumbai Suburbs,2016-07-22,0.0796,Formal,4.71
LN101115,2400283,9.64,180,Mumbai Suburbs,2015-12-16,0.0546,Formal,4.28
LN101116,15142073,9.81,180,Navi Mumbai,2016-05-25,0.0898,Formal,5.78
LN101117,1691757,7.89,300,Mumbai Suburbs,2020-09-02,0.1053,Informal,6.18
LN101118,1390719,7.26,360,Navi Mumbai,2021-07-07,0.071,Formal,5.33
LN101119,10916545,7.81,360,South Mumbai,2021-06-26,0.1065,Informal,5.86
LN101120,10538555,7.67,180,South Mumbai,2019-09-05,0.0457,Informal,4.3
LN101121,16713642,7.12,360,Mumbai Suburbs,2020-06-18,0.033,Formal,6.69
LN101122,19895540,8.63,240,Navi Mumbai,2018-09-10,0.0497,Formal,4.11
LN101123,7827299,8.17,240,Mumbai Suburbs,2018-10-06,0.0612,Informal,6.22
LN101124,14579033,9.53,360,South Mumbai,2020-02-19,0.1067,Formal,5.52
LN101125,5902666,6.61,360,South Mumbai,2019-08-30,0.0486,Informal,4.64
LN101126,18653247,8.75,240,South Mumbai,2020-06-19,0.0715,Formal,5.83
LN101127,7232739,9.17,360,Mumbai Suburbs,2016-09-09,0.093,Informal,6.73
LN101128,2270896,9.16,360,South Mumbai,2020-11-05,0.074,Informal,5.45
LN101129,12952314,9.6,300,Navi Mumbai,2019-09-18,0.0452,Informal,5.29
LN101130,2059622,9.05,300,Mumbai Suburbs,2019-07-02,0.0216,Formal,4.5
LN101131,5422375,9.75,360,Mumbai Suburbs,2021-03-26,0.0966,Formal,6.08
LN101132,17770274,7.66,360,South Mumbai,2019-06-14,0.0284,Formal,6.9
LN101133,18155381,8.26,300,South Mumbai,2020-07-27,0.0486,Formal,5.96
LN101134,5131479,6.55,300,Mumbai Suburbs,2018-07-25,0.061,Formal,4.58
LN101135,10400725,6.52,360,Navi Mumbai,2019-02-28,0.0979,Informal,6.31
LN101136,18192224,7.34,300,Mumbai Suburbs,2017-01-27,0.0899,Formal,4.11
LN101137,19409209,6.85,240,Navi Mumbai,2020-06-21,0.0645,Formal,6.93
LN101138,4351278,7.41,180,Navi Mumbai,2017-12-10,0.0964,Informal,7.23
LN101139,6703394,7.12,240,South Mumbai,2022-01-21,0.103,Informal,6.09
LN101140,12415376,6.6,300,South Mumbai,2021-08-06,0.0457,Informal,7.09
LN101141,18947581,9.68,240,Mumbai Suburbs,2019-04-29,0.0482,Informal,4.3
LN101142,10068026,6.53,180,Mumbai Suburbs,2015-11-15,0.0825,Informal,4.8
LN101143,14283692,9.08,300,South Mumbai,2020-11-15,0.1109,Formal,5.11
LN101144,3721864,7.03,240,Mumbai Suburbs,2020-09-22,0.0392,Informal,6.71
LN101145,7984720,9.69,240,Mumbai Suburbs,2015-01-10,0.0047,Formal,5.69
LN101146,15189784,9.62,180,Navi Mumbai,2016-03-04,0.0795,Formal,5.22
LN101147,8733308,8.79,300,South Mumbai,2016-08-11,0.1009,Informal,4.55
LN101148,4875754,8.85,360,South Mumbai,2016-11-15,0.0639,Formal,6.84
LN101149,19101286,6.52,300,Mumbai Suburbs,2015-07-02,0.139,Formal,4.07
LN101150,11912996,9.95,180,Mumbai Suburbs,2022-05-22,0.0349,Formal,5.18
LN101151,11047595,9.57,180,Mumbai Suburbs,2019-11-04,0.0377,Formal,4.85
LN101152,19439009,9.63,180,Navi Mumbai,2022-12-19,0.0373,Formal,4.45
LN101153,7576651,8.81,180,Mumbai Suburbs,2018-10-27,0.0626,Informal,4.6
LN101154,7867218,7.71,360,Mumbai Suburbs,2020-01-29,0.0633,Formal,5.73
LN101155,10004644,9.63,300,South Mumbai,2020-08-17,0.0369,Informal,5.49
LN101156,12780026,7.52,300,Mumbai Suburbs,2019-10-23,0.0937,Formal,5.81
LN101157,14963258,8.47,240,Mumbai Suburbs,2020-11-21,0.068,Formal,6.55
LN101158,5987696,6.85,360,Navi Mumbai,2020-04-06,0.029,Informal,7.12
LN101159,18206204,9.73,360,Navi Mumbai,2021-03-29,0.0784,Formal,4.41
LN101160,5084752,6.99,240,Mumbai Suburbs,2017-02-04,0.0474,Formal,4.29
LN101161,14143608,7.29,240,Mumbai Suburbs,2019-12-27,0.063,Formal,5.12
LN101162,3977590,8.45,300,South Mumbai,2019-08-28,0.0866,Formal,5.91
LN101163,4297291,9.17,300,South Mumbai,2018-04-19,0.09,Formal,4.35
LN101164,13191037,8.67,300,South Mumbai,2021-06-30,0.0875,Formal,6.51
LN101165,3490706,7.31,360,South Mumbai,2021-02-17,0.0615,Formal,5.95
LN101166,9047252,6.5,360,Mumbai Suburbs,2015-02-19,0.0308,Formal,6.62
LN101167,6254224,9.15,240,Mumbai Suburbs,2016-01-12,0.0504,Informal,5.25
LN101168,11880726,9.95,180,Mumbai Suburbs,2022-05-10,0.0607,Formal,5.4
LN101169,19979791,9.33,180,Mumbai Suburbs,2019-07-14,0.1064,Informal,6.83
LN101170,18241287,8.11,180,Mumbai Suburbs,2021-10-16,0.0442,Formal,4.93
LN101171,11563214,9.66,180,Mumbai Suburbs,2016-04-13,0.0661,Informal,5.33
LN101172,15143385,7.93,180,South Mumbai,2017-06-21,0.023,Formal,4.05
LN101173,2564718,8.34,300,Navi Mumbai,2018-11-01,0.0702,Formal,5.94
LN101174,11523401,8.17,240,South Mumbai,2021-04-29,0.0586,Formal,6.98
LN101175,10991183,8.07,180,Navi Mumbai,2021-02-26,0.0561,Formal,4.1
LN101176,15488262,9.21,180,Mumbai Suburbs,2021-07-23,0.0854,Informal,6.15
LN101177,4813270,8.34,180,Mumbai Suburbs,2022-04-10,0.0394,Formal,6.96
LN101178,5806425,7.61,300,South Mumbai,2018-04-17,0.102,Formal,5.73
LN101179,7123769,7.4,180,South Mumbai,2020-01-12,0.0372,Informal,5.1
LN101180,2524102,6.63,240,Mumbai Suburbs,2019-11-26,0.101,Formal,7.49
LN101181,12579149,8.54,300,Mumbai Suburbs,2019-04-17,0.0121,Formal,4.23
LN101182,15324046,7.3,300,South Mumbai,2015-09-07,0.0692,Formal,4.74
LN101183,10052788,7.02,360,Mumbai Suburbs,2016-07-02,0.0783,Formal,7.1
LN101184,3035848,8.79,360,South Mumbai,2019-11-02,0.0492,Formal,5.04
LN101185,11828463,8.88,300,Mumbai Suburbs,2016-11-26,0.0683,Informal,6.87
LN101186,10913841,9.13,180,Navi Mumbai,2017-08-20,0.0491,Formal,5.17
LN101187,13356830,8.26,180,Navi Mumbai,2015-05-23,0.0734,Formal,6.84
LN101188,12457501,9.63,180,Mumbai Suburbs,2019-04-17,0.0675,Informal,6.4
LN101189,1838003,9.78,180,South Mumbai,2019-07-20,0.1265,Informal,5.64
LN101190,4433382,9.33,360,South Mumbai,2016-01-10,0.0186,Formal,5.83
LN101191,9670178,8.72,240,Navi Mumbai,2021-09-17,0.066,Formal,4.62
LN101192,4395049,7.56,300,South Mumbai,2016-10-12,0.0474,Formal,4.41
LN101193,17843366,9.94,180,Navi Mumbai,2017-05-08,0.0637,Informal,6.51
LN101194,8429645,7.46,360,Mumbai Suburbs,2015-02-08,0.0559,Informal,6.97
LN101195,11822814,7.21,240,Navi Mumbai,2016-07-13,0.0495,Formal,6.53
LN101196,15801890,8.05,300,Mumbai Suburbs,2017-05-10,0.0443,Informal,7.2
LN101197,15514363,6.7,300,Mumbai Suburbs,2021-04-15,0.0814,Formal,7.12
LN101198,10388162,9.92,300,Mumbai Suburbs,2018-12-13,0.0488,Informal,6.72
LN101199,5193060,8.56,180,Navi Mumbai,2021-05-01,0.0593,Informal,7.14
LN101200,17911271,8.45,300,Navi Mumbai,2019-06-24,0.0656,Informal,4.59
LN101201,16170521,8.8,180,Mumbai Suburbs,2018-09-01,0.0383,Informal,6.56
LN101202,13267883,8.24,240,Mumbai Suburbs,2018-03-18,0.0783,Formal,6.64
LN101203,10084966,6.61,360,Mumbai Suburbs,2020-04-11,0.0312,Formal,4.54
LN101204,12984398,8.64,360,Mumbai Suburbs,2021-03-02,0.0748,Formal,7.18
LN101205,2841648,9.01,360,Navi Mumbai,2019-05-26,0.0721,Informal,4.03
LN101206,8132508,7.96,300,Mumbai Suburbs,2019-09-10,0.056,Informal,5.52
LN101207,15949772,9.15,360,Mumbai Suburbs,2021-11-06,0.0272,Formal,4.08
LN101208,4828433,7.29,240,Mumbai Suburbs,2017-10-20,0.0602,Formal,5.83
LN101209,14594639,7.27,180,Mumbai Suburbs,2015-05-14,0.029,Formal,5.44
LN101210,8152747,7.06,360,Navi Mumbai,2022-09-30,0.0566,Formal,6.18
LN101211,15790081,7.8,180,Mumbai Suburbs,2016-01-04,0.0837,Formal,6.68
LN101212,5137270,9.46,180,South Mumbai,2018-02-12,0.0595,Informal,6.69
LN101213,5317922,9.4,360,Mumbai Suburbs,2019-05-01,0.0976,Formal,6.53
LN101214,13504233,7.84,360,South Mumbai,2019-09-05,0.0689,Formal,4.36
LN101215,2020154,8.56,360,Mumbai Suburbs,2018-09-18,0.0832,Formal,5.46
LN101216,5945169,9.02,300,Navi Mumbai,2021-02-12,0.0815,Informal,6.86
LN101217,7733215,7.34,360,Mumbai Suburbs,2020-10-18,0.1022,Informal,6.29
LN101218,13465759,7.09,300,Navi Mumbai,2022-03-13,0.0208,Formal,6.38
LN101219,9195810,9.9,240,South Mumbai,2022-02-19,0.0443,Formal,4.79
LN101220,8185197,8.66,180,Navi Mumbai,2019-11-22,0.0608,Formal,5.14
LN101221,7714301,9.93,240,Mumbai Suburbs,2018-04-11,0.084,Informal,7.35
LN101222,12192304,7.68,360,South Mumbai,2017-07-09,0.0651,Informal,6.96
LN101223,16004124,8.96,180,Mumbai Suburbs,2015-05-08,0.0598,Informal,4.58
LN101224,15229748,7.28,360,Navi Mumbai,2018-10-25,0.0909,Formal,5.91
LN101225,14824747,7.41,360,South Mumbai,2021-09-21,0.0499,Formal,5.72
LN101226,11760888,8.29,180,Mumbai Suburbs,2022-06-17,0.0485,Formal,5.55
LN101227,12305231,7.62,240,Navi Mumbai,2022-02-01,0.0756,Formal,5.65
LN101228,12374857,7.09,360,South Mumbai,2020-07-05,0.1318,Informal,6.25
LN101229,16909784,7.42,180,Mumbai Suburbs,2021-09-04,0.0594,Formal,7.39
LN101230,2859582,6.63,240,Mumbai Suburbs,2018-03-08,0.0406,Formal,7.06
LN101231,14775236,8.97,300,Mumbai Suburbs,2020-11-23,0.043,Formal,7.06
LN101232,19907101,8.22,240,Mumbai Suburbs,2019-03-21,0.049,Informal,6.46
LN101233,15372528,6.83,240,South Mumbai,2021-10-20,0.0998,Informal,4.06
LN101234,5720642,7.1,180,Mumbai Suburbs,2021-05-17,0.049,Formal,5.54
LN101235,14141133,6.86,240,South Mumbai,2021-07-24,0.0691,Formal,5.79
LN101236,1549239,8.64,300,Mumbai Suburbs,2015-07-26,0.0572,Formal,6.95
LN101237,6408753,6.83,300,Mumbai Suburbs,2016-03-01,0.0206,Formal,7.23
LN101238,14619492,9.14,360,Mumbai Suburbs,2018-10-31,0.0502,Informal,5.58
LN101239,14016728,6.57,300,Mumbai Suburbs,2018-08-05,0,Informal,5.05
LN101240,17441775,7.37,360,Navi Mumbai,2021-10-20,0.0653,Informal,5.18
LN101241,10659072,9.62,300,Navi Mumbai,2016-07-30,0.0747,Informal,6.03
LN101242,18562548,9.01,240,Navi Mumbai,2015-09-03,0.0346,Informal,4.96
LN101243,15376941,6.76,360,Mumbai Suburbs,2018-11-30,0.0437,Formal,7.19
LN101244,1397710,9.37,300,Navi Mumbai,2018-10-16,0.0198,Informal,5.47
LN101245,7503216,8.23,240,Navi Mumbai,2021-06-04,0,Formal,7.47
LN101246,5317048,9.46,240,Mumbai Suburbs,2019-11-23,0.0148,Formal,4.38
LN101247,15133434,8.6,360,South Mumbai,2019-05-06,0.0796,Formal,4.66
LN101248,5785956,8.89,180,South Mumbai,2019-11-22,0.0506,Formal,5.79
LN101249,6025764,9.98,240,Mumbai Suburbs,2020-10-06,0.0663,Informal,7.04
LN101250,15918570,7.31,240,Navi Mumbai,2020-02-02,0.1212,Formal,5.24
LN101251,12238779,8.68,180,Mumbai Suburbs,2020-03-03,0.09,Formal,6.93
LN101252,16110853,8.11,360,Mumbai Suburbs,2018-09-18,0.0762,Formal,5.49
LN101253,18687991,6.64,300,South Mumbai,2017-07-27,0.0455,Informal,6.99
LN101254,6954878,6.55,300,South Mumbai,2019-10-05,0.1068,Informal,4.97
LN101255,18336140,6.92,240,Mumbai Suburbs,2018-11-11,0.0971,Informal,5.65
LN101256,13762264,8.77,180,Navi Mumbai,2022-07-11,0.0868,Formal,4.98
LN101257,6004998,8.49,240,Mumbai Suburbs,2021-07-18,0.0599,Formal,4.75
LN101258,11679043,8.44,360,Navi Mumbai,2015-05-04,0.0323,Formal,5.47
LN101259,14497927,6.61,240,South Mumbai,2018-02-08,0.1055,Informal,5.17
LN101260,9109916,8.14,300,Mumbai Suburbs,2022-01-03,0.0861,Informal,6.76
LN101261,6193278,9.74,180,Mumbai Suburbs,2020-07-09,0.0539,Informal,6.62
LN101262,18208629,7.89,360,Navi Mumbai,2016-06-02,0.0517,Formal,5.25
LN101263,11812658,8.69,240,South Mumbai,2022-01-19,0.0234,Informal,7.47
LN101264,14534573,9.23,300,South Mumbai,2020-11-05,0.0828,Formal,7.41
LN101265,18640777,9.24,240,South Mumbai,2017-09-18,0.0651,Formal,7.21
LN101266,1302186,8.32,300,Navi Mumbai,2015-06-17,0.0719,Informal,6.05
LN101267,6489464,9.5,180,South Mumbai,2019-01-01,0.0879,Formal,5.44
LN101268,8456985,7.87,360,South Mumbai,2017-06-19,0.0817,Informal,5.1
LN101269,18803769,9.61,240,Mumbai Suburbs,2021-03-22,0.0338,Formal,4.05
LN101270,17727556,7.34,360,Mumbai Suburbs,2015-09-21,0.0607,Formal,6.21
LN101271,14551364,7.48,180,Navi Mumbai,2015-10-18,0.0724,Formal,5.94
LN101272,2514542,6.69,300,Navi Mumbai,2018-06-07,0.0746,Formal,6.2
LN101273,5180656,9.28,180,Mumbai Suburbs,2019-07-30,0.0123,Informal,6.02
LN101274,12318792,7.96,180,Navi Mumbai,2015-12-12,0.0298,Formal,4.48
LN101275,16135763,7.3,360,Mumbai Suburbs,2021-09-03,0.0797,Formal,6.43
LN101276,12683705,7.31,180,South Mumbai,2020-01-11,0.0793,Formal,5.26
LN101277,7846192,9.65,240,Navi Mumbai,2018-05-13,0.1083,Formal,5.81
LN101278,9676924,9.42,300,Mumbai Suburbs,2021-02-17,0.0135,Formal,5.28
LN101279,11397562,8.44,180,Mumbai Suburbs,2020-12-06,0.0869,Formal,4.08
LN101280,2829553,8.66,240,Mumbai Suburbs,2020-03-11,0.0713,Formal,7.07
LN101281,4041341,8.16,300,Mumbai Suburbs,2020-03-22,0.0285,Formal,4.52
LN101282,18816720,7.87,360,South Mumbai,2022-12-08,0.007,Informal,6.04
LN101283,15315679,9.7,300,Mumbai Suburbs,2018-08-16,0.0882,Formal,7.09
LN101284,11493666,6.94,360,Navi Mumbai,2017-03-08,0.0305,Informal,4.77
LN101285,16527000,7.96,300,Mumbai Suburbs,2021-06-18,0.0206,Formal,5.44
LN101286,19453059,7.71,180,South Mumbai,2021-07-13,0.0736,Formal,5.32
LN101287,9423309,8.24,360,Navi Mumbai,2016-06-20,0.0597,Informal,4.31
LN101288,4229028,8.1,360,South Mumbai,2018-06-19,0.0772,Formal,5.48
LN101289,19498826,8.32,360,Mumbai Suburbs,2015-02-10,0.0729,Formal,5.68
LN101290,11569320,6.99,180,South Mumbai,2017-11-19,0.15,Formal,4.09
LN101291,3339767,8.3,180,South Mumbai,2018-09-10,0.0817,Informal,5.71
LN101292,1491036,7.35,300,Mumbai Suburbs,2021-10-14,0.0798,Formal,4.33
LN101293,11851224,7.15,300,Mumbai Suburbs,2017-02-23,0.0335,Formal,7.12
LN101294,3710241,6.73,180,Navi Mumbai,2016-10-02,0.1069,Formal,6.28
LN101295,12822411,9.17,180,Navi Mumbai,2022-11-11,0.0448,Formal,4.2
LN101296,18920169,8,360,Navi Mumbai,2015-11-11,0.0327,Informal,6.89
LN101297,4978702,8.69,300,Mumbai Suburbs,2022-02-27,0.0537,Informal,5.27
LN101298,9168984,9.05,300,Mumbai Suburbs,2022-07-21,0.0732,Formal,4.79
LN101299,18104132,8.88,360,Navi Mumbai,2021-01-15,0.0461,Formal,4.89
LN101300,4597706,8.15,360,Mumbai Suburbs,2018-08-29,0.0337,Formal,6.09
LN101301,5506554,7.86,360,Mumbai Suburbs,2021-09-19,0.0331,Formal,4.29
LN101302,1605409,7.82,240,Mumbai Suburbs,2019-09-03,0.0662,Informal,4.21
LN101303,10462743,8.74,240,Mumbai Suburbs,2020-01-13,0.0768,Formal,6.2
LN101304,12377787,8.23,180,Mumbai Suburbs,2017-05-21,0.0793,Informal,7.44
LN101305,9337735,9.47,300,Mumbai Suburbs,2020-09-12,0.0133,Formal,5.69
LN101306,2725690,9.56,360,Mumbai Suburbs,2020-12-19,0.0351,Informal,5.45
LN101307,9197295,7.1,360,Mumbai Suburbs,2019-03-24,0.0879,Formal,7.32
LN101308,16840857,6.98,300,Mumbai Suburbs,2017-05-07,0.0473,Informal,4.84
LN101309,6809041,8.71,240,Navi Mumbai,2015-01-19,0.0661,Formal,4.84
LN101310,13546501,7.55,300,Navi Mumbai,2019-06-19,0.1388,Formal,7.17
LN101311,6087268,6.56,180,South Mumbai,2021-10-31,0,Informal,6.26
LN101312,7155579,9.61,240,South Mumbai,2022-08-02,0.0561,Informal,4.19
LN101313,1403119,7.29,300,Mumbai Suburbs,2022-07-24,0.0812,Formal,6.36
LN101314,16338444,9.75,300,Mumbai Suburbs,2015-01-30,0.0305,Formal,6.87
LN101315,17556827,9.01,180,South Mumbai,2019-08-27,0.056,Formal,4.96
LN101316,13708903,9.17,300,Mumbai Suburbs,2016-04-26,0.024,Informal,5.34
LN101317,1402732,7.21,240,Navi Mumbai,2021-05-23,0.0773,Formal,4.69
LN101318,18283295,7.32,360,Mumbai Suburbs,2016-10-06,0.0399,Formal,6.22
LN101319,2950013,8.32,360,Mumbai Suburbs,2015-12-30,0.0471,Informal,6.32
LN101320,2132658,7.1,360,Mumbai Suburbs,2021-04-06,0.0869,Formal,4.24
LN101321,19762425,7.57,240,Mumbai Suburbs,2017-06-28,0.0767,Formal,6.37
LN101322,5322626,7.63,300,South Mumbai,2016-11-13,0.0892,Formal,6.3
LN101323,18434167,7.06,300,Mumbai Suburbs,2022-07-16,0.1127,Informal,4.12
LN101324,14881178,7.22,300,South Mumbai,2018-09-22,0.0622,Formal,5.94
LN101325,7026988,9.26,300,Mumbai Suburbs,2017-03-01,0.1235,Formal,6.15
LN101326,16590661,7.09,360,Mumbai Suburbs,2015-12-07,0.0658,Formal,5.51
LN101327,3366610,6.6,240,Mumbai Suburbs,2022-08-26,0.0995,Formal,7.15
LN101328,5180303,8.7,180,Mumbai Suburbs,2022-08-20,0.0591,Formal,5.15
LN101329,10456807,9.92,240,Mumbai Suburbs,2016-10-15,0.0852,Formal,4.24
LN101330,14305947,7.66,300,South Mumbai,2017-06-30,0.0472,Informal,6.35
LN101331,5684346,6.92,300,South Mumbai,2022-06-21,0.1002,Formal,6.12
LN101332,1458298,8.5,240,Mumbai Suburbs,2021-05-24,0.0945,Formal,7.46
LN101333,18824559,9.67,240,South Mumbai,2016-03-23,0.0536,Formal,4.81
LN101334,5620650,9.24,360,South Mumbai,2015-09-24,0.0647,Formal,5.38
LN101335,19532908,8.68,300,Mumbai Suburbs,2018-10-30,0.0317,Formal,5.61
LN101336,10272664,7.6,240,Mumbai Suburbs,2022-03-09,0.0879,Informal,7.02
LN101337,2730228,8.4,300,Mumbai Suburbs,2018-06-17,0.0852,Formal,5.45
LN101338,2946793,6.82,240,Mumbai Suburbs,2019-07-24,0.023,Formal,6.7
LN101339,19346339,8.88,300,Navi Mumbai,2015-05-01,0.1251,Formal,4.55
LN101340,7115518,9.04,240,Navi Mumbai,2022-04-30,0.0719,Formal,5.43
LN101341,16797914,9.88,300,Mumbai Suburbs,2015-10-06,0.053,Formal,4.54
LN101342,12667877,7.41,180,Navi Mumbai,2017-12-10,0.096,Formal,7.32
LN101343,8393979,6.56,360,Mumbai Suburbs,2021-10-01,0.0443,Formal,4.62
LN101344,11115078,8.41,180,Navi Mumbai,2018-08-01,0.0992,Informal,5.47
LN101345,2622572,8.97,360,Mumbai Suburbs,2016-07-02,0.0247,Informal,4.29
LN101346,18486878,9.27,360,Mumbai Suburbs,2015-05-05,0.0533,Formal,7.22
LN101347,17620937,7.18,240,Mumbai Suburbs,2020-08-31,0.0574,Formal,6.18
LN101348,9859060,7.42,180,Mumbai Suburbs,2021-08-31,0.0437,Informal,7.37
LN101349,6672605,8.29,360,Mumbai Suburbs,2015-04-15,0.0379,Formal,4.15
LN101350,11528294,7.66,300,South Mumbai,2016-05-22,0.0454,Formal,4.61
LN101351,5810833,9.51,240,South Mumbai,2021-08-04,0.044,Formal,5.33
LN101352,7417665,8.16,240,Mumbai Suburbs,2017-05-14,0.0459,Formal,6.17
LN101353,18219277,9.3,300,Navi Mumbai,2017-09-27,0.103,Formal,5.15
LN101354,4761675,8.53,300,Mumbai Suburbs,2019-04-27,0.073,Formal,6.49
LN101355,9551646,9.21,360,Mumbai Suburbs,2020-01-22,0.0574,Formal,4.58
LN101356,8281505,7.66,300,Mumbai Suburbs,2017-01-15,0.0829,Informal,6.1
LN101357,6124795,9.41,240,South Mumbai,2018-05-06,0.0571,Formal,5.39
LN101358,6411263,7.46,300,Mumbai Suburbs,2020-01-01,0.0362,Formal,5.78
LN101359,4963735,8.41,180,Mumbai Suburbs,2017-02-24,0.0118,Formal,5.99
LN101360,15812143,7.25,240,Navi Mumbai,2019-10-06,0.0897,Formal,4.21
LN101361,9989138,8.16,300,South Mumbai,2015-09-03,0,Formal,7.23
LN101362,14810077,7.61,240,Mumbai Suburbs,2021-05-05,0.0147,Formal,6.75
LN101363,13037574,7.43,360,South Mumbai,2017-07-26,0.0751,Formal,5.55
LN101364,10466441,9.88,180,South Mumbai,2015-11-15,0.0595,Formal,5.92
LN101365,11966248,7.06,360,Mumbai Suburbs,2018-03-03,0.1038,Informal,4.11
LN101366,9824031,9.26,180,Mumbai Suburbs,2021-04-30,0.0407,Formal,5.74
LN101367,18970145,9.94,300,South Mumbai,2016-12-19,0.0831,Formal,5.49
LN101368,7555035,6.57,240,South Mumbai,2021-12-01,0.0547,Informal,5.31
LN101369,11052829,8.95,300,Mumbai Suburbs,2016-02-24,0.0765,Informal,6.85
LN101370,16886372,7.39,360,Navi Mumbai,2015-07-02,0.0651,Informal,4.64
LN101371,5068316,6.64,240,Mumbai Suburbs,2020-01-31,0.0751,Informal,4.62
LN101372,9067987,7.91,300,Mumbai Suburbs,2016-08-20,0.0664,Formal,5.83
LN101373,2656671,9.77,300,South Mumbai,2019-11-13,0.0688,Formal,6.41
LN101374,9527171,6.54,240,Navi Mumbai,2022-04-21,0.0273,Informal,4.08
LN101375,18560282,8.56,240,Mumbai Suburbs,2018-02-26,0.0623,Formal,5.91
LN101376,10943231,8.25,360,Navi Mumbai,2019-02-09,0.0781,Formal,5.05
LN101377,18375113,9.56,180,South Mumbai,2021-01-10,0.0585,Formal,6.65
LN101378,10161408,6.79,180,Mumbai Suburbs,2018-02-11,0.0569,Formal,5.64
LN101379,14885461,8.89,240,Mumbai Suburbs,2017-07-28,0.0035,Formal,6.92
LN101380,17011737,8.88,180,South Mumbai,2018-06-19,0.106,Formal,5.39
LN101381,19820215,8.84,360,South Mumbai,2018-05-18,0.019,Formal,6.89
LN101382,4659985,9.8,180,Mumbai Suburbs,2022-05-20,0.0415,Informal,6.51
LN101383,19680113,9.38,240,Mumbai Suburbs,2020-05-21,0.0363,Informal,6.9
LN101384,18941166,6.65,360,South Mumbai,2016-05-10,0.0689,Formal,6.84
LN101385,1549148,8.15,240,Mumbai Suburbs,2016-08-23,0.0703,Formal,5.7
LN101386,3773707,7.89,360,South Mumbai,2022-09-29,0.0798,Formal,5.29
LN101387,3773939,7.59,360,South Mumbai,2018-04-12,0.0811,Formal,6.68
LN101388,2935740,8.08,240,Mumbai Suburbs,2021-10-06,0.1117,Formal,5.27
LN101389,4434955,7.84,300,Mumbai Suburbs,2020-08-03,0.0508,Formal,4.31
LN101390,5936710,8.01,240,Mumbai Suburbs,2020-03-25,0.0351,Formal,7.01
LN101391,14426716,9.93,360,Mumbai Suburbs,2019-10-18,0.053,Formal,5.39
LN101392,6155872,6.81,240,Mumbai Suburbs,2018-04-13,0.0268,Formal,4.46
LN101393,15163589,9.73,240,Mumbai Suburbs,2022-09-06,0.0496,Informal,6.26
LN101394,19331726,8.18,360,Navi Mumbai,2016-08-11,0.0135,Formal,7.11
LN101395,11774986,8.68,180,Mumbai Suburbs,2018-06-18,0.0349,Formal,7.01
LN101396,16495737,9.41,360,Mumbai Suburbs,2020-07-11,0.0094,Informal,5.94
LN101397,5421590,7.76,240,South Mumbai,2017-05-08,0.0963,Informal,4.31
LN101398,3534937,8.01,360,Mumbai Suburbs,2015-03-23,0.0633,Formal,6.44
LN101399,12546081,7.93,360,Mumbai Suburbs,2019-12-21,0.1164,Formal,6.13
LN101400,1812461,7.81,180,Mumbai Suburbs,2015-03-14,0.0933,Formal,4.74
LN101401,19495440,9.74,300,Mumbai Suburbs,2018-10-31,0.0963,Formal,7.15
LN101402,3710626,9.4,240,South Mumbai,2020-02-07,0.0558,Formal,4.3
LN101403,12369960,6.88,240,South Mumbai,2019-05-10,0.0747,Formal,5.31
LN101404,16404302,6.88,180,South Mumbai,2018-08-25,0.0331,Informal,4.33
LN101405,7440010,8,360,Mumbai Suburbs,2021-01-26,0.044,Formal,7.19
LN101406,9674163,6.85,300,Mumbai Suburbs,2019-01-17,0.0604,Informal,4.12
LN101407,18221407,8.67,240,South Mumbai,2021-08-31,0.0078,Formal,5.49
LN101408,19279553,7,300,Mumbai Suburbs,2015-05-10,0.0448,Formal,7.02
LN101409,4486669,8.33,300,South Mumbai,2022-08-10,0.0838,Formal,4.88
LN101410,15994515,6.53,360,South Mumbai,2021-05-23,0.0453,Formal,4.37
LN101411,4722946,7.61,360,Mumbai Suburbs,2017-08-02,0.0379,Formal,4.44
LN101412,10874813,8.87,360,Mumbai Suburbs,2018-10-14,0.0485,Formal,5.42
LN101413,12254507,8.19,240,South Mumbai,2020-04-10,0.0824,Formal,5.5
LN101414,1224695,9.92,300,South Mumbai,2018-12-07,0.0708,Formal,6.51
LN101415,12370075,9.56,300,Navi Mumbai,2015-11-12,0.0532,Formal,4.83
LN101416,15063918,7.76,240,South Mumbai,2020-05-08,0.0605,Formal,6.46
LN101417,16388755,6.66,180,Mumbai Suburbs,2017-09-24,0.0857,Formal,7.5
LN101418,10799314,9.46,360,Mumbai Suburbs,2017-08-13,0.0992,Formal,7.02
LN101419,4340216,9.69,240,Mumbai Suburbs,2015-12-10,0.0458,Formal,6.22
LN101420,14245696,9.37,360,Mumbai Suburbs,2018-05-09,0.0575,Formal,7.29
LN101421,2847865,6.95,300,Navi Mumbai,2016-06-12,0.0973,Formal,7.47
LN101422,15921595,9.99,240,South Mumbai,2022-04-18,0.0757,Formal,6
LN101423,15568974,7.41,180,Mumbai Suburbs,2017-03-08,0.0179,Informal,4.96
LN101424,16674529,9.03,360,South Mumbai,2019-01-23,0.0332,Formal,7.2
LN101425,10308092,9.68,300,Mumbai Suburbs,2020-09-27,0.0341,Formal,6.95
LN101426,5017136,7.32,300,Navi Mumbai,2020-04-22,0.0475,Formal,4.3
LN101427,14869848,9.68,180,Mumbai Suburbs,2017-08-28,0.0711,Informal,7.28
LN101428,18122071,7.58,180,Mumbai Suburbs,2018-02-22,0.1166,Formal,5.28
LN101429,6750283,9.92,360,Navi Mumbai,2020-11-13,0.0575,Formal,5.13
LN101430,2074961,7.48,300,South Mumbai,2022-12-16,0.0798,Informal,5.2
LN101431,12950571,9.84,180,Mumbai Suburbs,2015-10-24,0.094,Formal,5.12
LN101432,18911322,6.69,240,Navi Mumbai,2017-01-13,0.1046,Formal,5.81
LN101433,13866619,8.98,180,Mumbai Suburbs,2015-12-25,0.094,Formal,6.03
LN101434,3474968,8.36,240,South Mumbai,2019-06-08,0.0376,Formal,5.49
LN101435,7166160,8.17,300,South Mumbai,2019-07-15,0.0165,Formal,5.44
LN101436,14569332,7.28,360,South Mumbai,2015-10-20,0.0411,Formal,6.58
LN101437,3442266,8.97,300,South Mumbai,2021-05-30,0.0651,Formal,4.01
LN101438,5437677,7.17,300,Mumbai Suburbs,2021-06-18,0.0377,Formal,7.31
LN101439,14793267,8.43,300,South Mumbai,2018-01-08,0.0112,Informal,6.5
LN101440,10607366,7.39,300,South Mumbai,2021-01-15,0.0235,Informal,6.48
LN101441,6241218,9.84,360,Mumbai Suburbs,2021-08-26,0.15,Formal,5.48
LN101442,6481140,6.6,180,Mumbai Suburbs,2020-11-26,0.0534,Formal,7.38
LN101443,5981262,7.2,360,Mumbai Suburbs,2015-02-05,0.114,Informal,4
LN101444,6290717,7.35,360,Mumbai Suburbs,2017-05-25,0.053,Formal,4.27
LN101445,1518349,7.95,360,South Mumbai,2021-07-06,0.0838,Informal,6.81
LN101446,1797968,7.31,360,South Mumbai,2019-09-18,0.0557,Formal,6.59
LN101447,3655971,8.22,180,South Mumbai,2018-12-13,0.0602,Informal,4.95
LN101448,16999496,9.55,300,Mumbai Suburbs,2020-06-07,0.0834,Formal,6.08
LN101449,8339838,8.99,180,South Mumbai,2020-02-05,0.0479,Formal,5.86
LN101450,14236949,8.53,180,Mumbai Suburbs,2016-11-11,0.0242,Formal,5.84
LN101451,17520181,6.81,300,South Mumbai,2015-12-28,0.0358,Formal,6.08
LN101452,15467188,8.93,180,Navi Mumbai,2021-10-02,0.0357,Informal,7.48
LN101453,19581889,7.08,360,Mumbai Suburbs,2020-06-24,0.0625,Informal,7.46
LN101454,3938199,9.25,360,Mumbai Suburbs,2022-12-03,0.0031,Informal,7.44
LN101455,16286855,7.38,300,Mumbai Suburbs,2016-04-14,0.0692,Formal,5.92
LN101456,9998604,7.96,300,Mumbai Suburbs,2021-01-05,0.098,Informal,5.11
LN101457,5909776,7.73,300,Mumbai Suburbs,2021-09-27,0.0448,Formal,5.96
LN101458,17355399,9.51,360,Navi Mumbai,2018-02-26,0.0404,Informal,6.18
LN101459,16724308,6.94,300,Mumbai Suburbs,2016-09-12,0.119,Formal,5.09
LN101460,10167121,8.48,180,Navi Mumbai,2018-04-01,0.1042,Formal,6.21
LN101461,4303389,7,180,Mumbai Suburbs,2017-01-18,0.0728,Informal,6.18
LN101462,9025407,8.97,240,Navi Mumbai,2022-01-29,0.0376,Informal,7.16
LN101463,15501229,9.67,240,South Mumbai,2015-08-31,0.0775,Informal,4.83
LN101464,14476005,8.02,300,South Mumbai,2015-08-15,0.0297,Formal,6.44
LN101465,12167263,8.21,240,Mumbai Suburbs,2020-01-19,0.0203,Informal,5.58
LN101466,4151882,9.75,360,South Mumbai,2017-12-02,0.0736,Formal,4.45
LN101467,4210016,8.32,360,South Mumbai,2018-12-12,0.0457,Formal,5.11
LN101468,7737320,8.21,180,Mumbai Suburbs,2021-02-12,0,Formal,4.2
LN101469,3389383,8.52,180,Mumbai Suburbs,2021-10-29,0.0776,Informal,5.12
LN101470,17941269,8.91,240,Navi Mumbai,2018-12-02,0.1038,Formal,4.24
LN101471,15464087,6.87,240,Mumbai Suburbs,2019-05-11,0.0798,Formal,7.24
LN101472,6282379,9.37,360,Navi Mumbai,2021-04-13,0.045,Formal,4.36
LN101473,10825144,8.02,180,Mumbai Suburbs,2017-10-21,0,Informal,6.86
LN101474,3542637,6.75,240,South Mumbai,2020-05-25,0.0644,Formal,7.17
LN101475,9033951,9.25,360,South Mumbai,2019-03-29,0.0403,Formal,5.64
LN101476,12779534,7.82,180,Mumbai Suburbs,2015-02-26,0.033,Formal,4.19
LN101477,5158549,6.85,360,Mumbai Suburbs,2022-08-05,0.0016,Formal,6.09
LN101478,10734816,8.72,360,South Mumbai,2021-05-23,0.1163,Formal,4.82
LN101479,11167207,9.58,180,Mumbai Suburbs,2022-11-16,0.0271,Informal,4.62
LN101480,9411039,9.61,360,Mumbai Suburbs,2019-11-17,0.0054,Formal,5.98
LN101481,17052465,9.85,240,Mumbai Suburbs,2017-01-12,0.1108,Formal,5.25
LN101482,10035616,9.54,360,Navi Mumbai,2018-05-16,0.0609,Formal,6.56
LN101483,9962049,6.51,240,Mumbai Suburbs,2016-09-07,0.0563,Formal,6.07
LN101484,13851424,7.83,300,Mumbai Suburbs,2017-10-17,0.0693,Formal,6.9
LN101485,9284960,9.36,300,Navi Mumbai,2022-11-06,0.0731,Informal,4.2
LN101486,19827165,7.78,300,South Mumbai,2021-04-17,0.0664,Formal,4.82
LN101487,9388512,8.61,360,Mumbai Suburbs,2015-04-03,0.0148,Formal,5.98
LN101488,19045516,8.62,300,Navi Mumbai,2016-09-23,0.0125,Formal,7.08
LN101489,2947763,7.78,300,Mumbai Suburbs,2019-01-18,0.0381,Formal,6.85
LN101490,8654502,9.67,360,Mumbai Suburbs,2022-07-05,0.0447,Formal,6.38
LN101491,4882149,8.26,180,Mumbai Suburbs,2016-08-06,0.0492,Informal,6.01
LN101492,9439469,8.13,360,Mumbai Suburbs,2017-11-29,0.0669,Formal,6.21
LN101493,16941617,9.99,240,South Mumbai,2022-07-04,0.0516,Formal,4.75
LN101494,5845710,8.23,360,Navi Mumbai,2019-12-15,0.0396,Informal,6.08
LN101495,10109609,7.12,180,Navi Mumbai,2015-01-12,0.0718,Informal,5.73
LN101496,15689142,8.3,300,Navi Mumbai,2020-07-24,0.0814,Formal,5.35
LN101497,13907824,9.35,360,Mumbai Suburbs,2015-05-22,0.0357,Formal,7.11
LN101498,16538122,9.22,300,South Mumbai,2019-03-03,0.019,Formal,6.9
LN101499,15391234,9.26,240,South Mumbai,2016-10-01,0.0654,Informal,4.27
LN101500,2443717,8.98,180,Navi Mumbai,2016-10-16,0.0474,Formal,7.45
LN101501,5409352,7.39,300,Mumbai Suburbs,2016-01-13,0.0851,Formal,4.8
LN101502,16329502,9.52,300,South Mumbai,2016-07-31,0.0304,Informal,4.75
LN101503,10594271,9.63,300,Mumbai Suburbs,2016-03-20,0.0238,Formal,7.3
LN101504,9421928,7.18,300,Mumbai Suburbs,2018-06-20,0.041,Formal,5.56
LN101505,17241927,6.96,360,Mumbai Suburbs,2020-08-08,0.0756,Formal,6.82
LN101506,9752967,9.91,180,Mumbai Suburbs,2015-10-18,0.0495,Formal,5.01
LN101507,14526705,9.54,180,Mumbai Suburbs,2015-04-27,0.0573,Informal,7.06
LN101508,2308507,9.63,300,Navi Mumbai,2016-01-12,0.0451,Formal,6.91
LN101509,10331795,9.6,180,South Mumbai,2016-08-03,0.0905,Formal,5.82
LN101510,16086909,8.4,300,Mumbai Suburbs,2017-08-28,0.0745,Informal,6.47
LN101511,13382318,8.76,240,Mumbai Suburbs,2018-09-15,0.0143,Formal,7.37
LN101512,10986298,8.41,240,Navi Mumbai,2021-04-12,0.087,Formal,5.58
LN101513,1100734,6.68,240,Mumbai Suburbs,2016-09-03,0.0777,Formal,5.73
LN101514,9546310,9.11,180,Mumbai Suburbs,2020-07-13,0.0925,Informal,6.53
LN101515,19003027,8.27,300,Mumbai Suburbs,2016-10-04,0.0441,Informal,5.35
LN101516,4081091,8.77,360,Mumbai Suburbs,2021-07-10,0.0318,Formal,7.36
LN101517,17002437,8.26,360,Navi Mumbai,2015-08-04,0.0575,Formal,4.14
LN101518,12091989,8.22,240,Navi Mumbai,2018-09-08,0.0649,Informal,5.41
LN101519,19645886,7.1,240,Mumbai Suburbs,2015-03-28,0.0956,Formal,6.5
LN101520,13681730,7.48,180,Mumbai Suburbs,2015-09-26,0.0791,Formal,5.5
LN101521,8265406,7.06,360,South Mumbai,2020-07-14,0.0645,Formal,4.91
LN101522,13735272,7.18,180,Mumbai Suburbs,2015-05-12,0.0562,Informal,5.45
LN101523,5755469,9.91,240,Mumbai Suburbs,2015-09-16,0.0605,Informal,7.09
LN101524,16053770,7.04,300,Mumbai Suburbs,2017-05-01,0.0482,Informal,5.91
LN101525,8974411,7.44,300,South Mumbai,2015-10-17,0.0804,Informal,5.17
LN101526,15150540,8.57,300,Navi Mumbai,2017-11-29,0.0164,Informal,6.35
LN101527,12666968,8.64,240,Mumbai Suburbs,2021-07-07,0.0603,Formal,6.14
LN101528,2992825,7.04,180,Mumbai Suburbs,2016-03-13,0.0913,Formal,5.96
LN101529,4832978,9.28,300,South Mumbai,2015-12-13,0.0259,Informal,5.37
LN101530,7152941,9.25,360,Mumbai Suburbs,2016-08-13,0.1183,Formal,4.25
LN101531,5115811,7.33,360,Navi Mumbai,2020-06-28,0.0277,Informal,6.17
LN101532,9983212,7.51,240,Mumbai Suburbs,2021-10-31,0.0449,Informal,5.47
LN101533,11438535,9.78,360,Mumbai Suburbs,2015-07-11,0.0908,Formal,5.5
LN101534,3731638,9.39,360,South Mumbai,2015-12-01,0.1036,Formal,4.82
LN101535,18041716,8.94,240,Mumbai Suburbs,2020-06-08,0.0707,Formal,4.87
LN101536,11556086,6.79,180,Navi Mumbai,2022-06-04,0.0699,Formal,6.76
LN101537,3903633,7.96,300,Mumbai Suburbs,2019-08-06,0.1136,Informal,5.68
LN101538,2940369,8.46,240,Navi Mumbai,2019-01-12,0.019,Formal,4.38
LN101539,9127125,7.16,360,Navi Mumbai,2019-08-30,0.0083,Informal,4.16
LN101540,18994276,8.07,300,Navi Mumbai,2016-07-26,0.0023,Formal,4.79
LN101541,18808735,8.6,300,Navi Mumbai,2020-01-12,0.0345,Informal,5.71
LN101542,15672183,7.65,300,South Mumbai,2016-09-01,0.0385,Formal,6.16
LN101543,5678714,9.23,240,Navi Mumbai,2020-07-04,0.0714,Formal,4.5
LN101544,9109698,9.44,300,South Mumbai,2015-10-20,0.0902,Formal,5.52
LN101545,15609307,7.63,180,South Mumbai,2018-11-13,0.0873,Formal,4.25
LN101546,19167497,9.44,360,South Mumbai,2019-10-16,0.0864,Formal,4.13
LN101547,3322466,6.86,240,Mumbai Suburbs,2019-10-06,0.0313,Informal,7.02
LN101548,8778748,9.43,240,Mumbai Suburbs,2015-09-12,0.0715,Formal,6.3
LN101549,9099932,7.03,300,Mumbai Suburbs,2019-04-07,0.038,Formal,6.73
LN101550,19628533,6.79,360,South Mumbai,2021-02-18,0.078,Informal,4.64
LN101551,2946830,8.75,300,Mumbai Suburbs,2017-11-22,0.0613,Informal,5.13
LN101552,8238987,8.15,300,Mumbai Suburbs,2018-11-13,0.0865,Formal,5.55
LN101553,10957168,9.68,240,Mumbai Suburbs,2017-08-26,0.1313,Formal,6.3
LN101554,5660061,7.77,180,South Mumbai,2019-11-15,0.059,Formal,5.87
LN101555,3605214,7.51,360,South Mumbai,2016-02-16,0.0269,Formal,5.93
LN101556,8923641,8.25,360,South Mumbai,2019-05-17,0.0111,Formal,4.55
LN101557,3229180,8.1,360,Mumbai Suburbs,2021-12-25,0.0331,Formal,5.66
LN101558,11717207,7.71,360,Mumbai Suburbs,2015-04-09,0.092,Formal,6.88
LN101559,16540627,8.93,180,Mumbai Suburbs,2021-02-24,0.0745,Formal,5.78
LN101560,17169764,9.16,240,Mumbai Suburbs,2018-01-03,0.0669,Formal,4.7
LN101561,10384451,9.49,180,Mumbai Suburbs,2017-10-12,0.0714,Formal,5.45
LN101562,5188891,9.9,300,Mumbai Suburbs,2018-04-10,0.0816,Formal,6.64
LN101563,17541035,7.43,240,Navi Mumbai,2018-06-12,0.0133,Formal,4.47
LN101564,10014653,9.01,180,South Mumbai,2017-04-28,0.0896,Formal,6.03
LN101565,15064147,7.88,360,Navi Mumbai,2018-09-02,0.0717,Formal,7.38
LN101566,5495511,8.87,360,Mumbai Suburbs,2022-06-21,0.0168,Informal,5.33
LN101567,19202161,8.17,240,South Mumbai,2021-03-12,0.0701,Formal,4.15
LN101568,3363999,9.98,180,Navi Mumbai,2018-11-10,0.0209,Informal,6.22
LN101569,10109096,9.05,240,Mumbai Suburbs,2018-12-21,0.0753,Formal,4.16
LN101570,5790691,9.83,360,Mumbai Suburbs,2019-06-24,0.0636,Formal,4.67
LN101571,10852415,9.42,180,Mumbai Suburbs,2020-03-29,0.0297,Formal,4.17
LN101572,18066318,9.66,360,Mumbai Suburbs,2021-07-17,0.0724,Formal,4.6
LN101573,10725345,9.35,240,South Mumbai,2021-05-15,0.0843,Formal,6.99
LN101574,17722851,8.11,240,South Mumbai,2017-02-20,0.0428,Formal,6.57
LN101575,15561193,7.38,240,Navi Mumbai,2018-12-15,0.0835,Formal,5.2
LN101576,12186361,7.8,240,Navi Mumbai,2020-05-15,0.0516,Formal,7.14
LN101577,5443778,6.57,240,South Mumbai,2015-03-23,0.0862,Formal,6.33
LN101578,1260116,8.33,300,Mumbai Suburbs,2020-07-24,0.0571,Formal,5.57
LN101579,7086368,8.27,240,Mumbai Suburbs,2019-12-08,0.0952,Informal,4.24
LN101580,12006745,8.34,240,South Mumbai,2021-12-30,0.0326,Formal,6.56
LN101581,12950831,9.91,360,Mumbai Suburbs,2022-02-01,0.0335,Formal,5.31
LN101582,2257949,9.69,240,Mumbai Suburbs,2021-02-23,0.0364,Informal,5.06
LN101583,14607851,7.07,180,Mumbai Suburbs,2019-05-18,0.0638,Formal,5.01
LN101584,12360589,7.79,240,Navi Mumbai,2020-02-08,0.0554,Informal,4.03
LN101585,6538166,7.98,300,South Mumbai,2022-11-21,0.0686,Formal,6.6
LN101586,13122948,7.76,240,Mumbai Suburbs,2016-07-19,0.0251,Formal,4.51
LN101587,1388076,9.29,360,Mumbai Suburbs,2019-10-27,0.0385,Formal,5.82
LN101588,16648245,8.33,180,Mumbai Suburbs,2016-02-20,0.0981,Formal,4.06
LN101589,16300411,8.5,180,South Mumbai,2020-03-17,0.0711,Formal,6.2
LN101590,6540070,9.49,240,Mumbai Suburbs,2016-09-26,0.0787,Formal,5.29
LN101591,7491878,9.32,240,Navi Mumbai,2018-11-22,0.0523,Formal,6.21
LN101592,16830160,6.96,240,Mumbai Suburbs,2020-12-02,0.0688,Formal,4.31
LN101593,2960826,9,240,Mumbai Suburbs,2017-05-11,0.0458,Formal,4.93
LN101594,3844664,8.02,360,Navi Mumbai,2018-06-22,0.0045,Informal,4.39
LN101595,3613275,7.53,360,South Mumbai,2022-01-18,0.0911,Formal,6.26
LN101596,2378369,6.68,180,Navi Mumbai,2019-12-13,0.0655,Informal,4.38
LN101597,3090212,8.21,240,Mumbai Suburbs,2019-02-23,0.038,Formal,6.16
LN101598,6230852,7.74,360,South Mumbai,2017-07-14,0.06,Formal,4.47
LN101599,11630592,7.38,360,South Mumbai,2016-08-16,0.046,Formal,7.3
LN101600,1152999,8.93,180,South Mumbai,2016-10-17,0.105,Informal,5.46
LN101601,5600108,9.19,180,South Mumbai,2018-05-03,0.0801,Informal,4.44
LN101602,12393942,7.36,300,Mumbai Suburbs,2018-06-10,0.0256,Formal,4.15
LN101603,3854190,6.67,360,South Mumbai,2021-05-25,0.0215,Formal,5.15
LN101604,2284382,9.47,180,Navi Mumbai,2020-05-28,0.0675,Formal,7.12
LN101605,8196042,6.53,360,Mumbai Suburbs,2017-04-08,0.064,Formal,4.5
LN101606,4853321,9.78,360,Mumbai Suburbs,2021-06-26,0.0755,Formal,6.77
LN101607,14676226,8.7,240,Mumbai Suburbs,2016-04-06,0.0557,Informal,5.46
LN101608,12872847,7.63,240,Mumbai Suburbs,2018-10-29,0.0406,Formal,6.81
LN101609,18819593,7.36,240,Mumbai Suburbs,2018-04-25,0.0753,Informal,7.06
LN101610,15882396,6.53,240,South Mumbai,2016-05-16,0.0778,Formal,7.49
LN101611,5577033,7.32,360,Navi Mumbai,2017-09-21,0.0977,Informal,4.24
LN101612,4257181,6.98,300,Mumbai Suburbs,2015-01-23,0.082,Formal,6.79
LN101613,6154048,8.64,300,South Mumbai,2016-03-06,0.0349,Formal,4.24
LN101614,18700996,7.08,300,Mumbai Suburbs,2018-10-01,0.0677,Formal,5.1
LN101615,9361735,8.35,360,Mumbai Suburbs,2015-09-07,0.0514,Formal,6.26
LN101616,15048203,8.57,300,South Mumbai,2015-07-07,0.0316,Formal,5.57
LN101617,16686144,7.54,360,Navi Mumbai,2017-09-11,0.0063,Informal,5.98
LN101618,11856760,6.62,180,Mumbai Suburbs,2016-05-14,0.1274,Informal,7.38
LN101619,13796479,6.63,300,Mumbai Suburbs,2018-07-31,0.0432,Formal,6.87
LN101620,16275987,6.59,360,Mumbai Suburbs,2015-01-25,0.0562,Formal,5.27
LN101621,19720027,9.09,180,Navi Mumbai,2019-11-01,0.0666,Informal,6.1
LN101622,18075306,7.61,240,South Mumbai,2022-01-30,0.0634,Formal,4.17
LN101623,9705956,9.29,180,Mumbai Suburbs,2015-04-11,0,Informal,5.59
LN101624,10714891,8.01,180,Mumbai Suburbs,2022-08-15,0.055,Formal,6.13
LN101625,3320688,8.09,300,Mumbai Suburbs,2016-09-19,0.1131,Informal,6.5
LN101626,2805808,8.3,240,South Mumbai,2015-10-07,0.0536,Formal,7.16
LN101627,10709175,9,240,South Mumbai,2016-12-29,0.1091,Formal,4.99
LN101628,5220459,7.46,300,Navi Mumbai,2020-08-05,0.0609,Formal,7.16
LN101629,5536119,6.93,180,Mumbai Suburbs,2020-01-10,0.0495,Informal,6.32
LN101630,5654798,8.45,360,Mumbai Suburbs,2016-12-18,0.0643,Formal,4.27
LN101631,15829445,7.64,300,Mumbai Suburbs,2018-07-21,0.0611,Informal,5.33
LN101632,12666027,8.05,180,Mumbai Suburbs,2018-07-21,0.0605,Formal,5.67
LN101633,4622138,8.76,360,South Mumbai,2019-10-11,0.0425,Informal,5.23
LN101634,11929084,8.23,300,South Mumbai,2015-12-27,0.0191,Formal,4.41
LN101635,13617619,8.67,300,Navi Mumbai,2019-08-28,0.0768,Formal,5.93
LN101636,18715057,8.4,240,Mumbai Suburbs,2016-04-06,0.0628,Informal,4.46
LN101637,10955661,9.09,240,Mumbai Suburbs,2016-03-16,0.1099,Informal,7.2
LN101638,11305153,8.97,240,Navi Mumbai,2022-06-12,0.059,Formal,7.03
LN101639,2207068,8.37,360,Mumbai Suburbs,2017-10-07,0.0146,Informal,5.66
LN101640,2386980,8.88,300,South Mumbai,2018-05-17,0.0697,Formal,4.24
LN101641,18985268,9.56,240,South Mumbai,2017-09-10,0.0623,Formal,5.93
LN101642,12244602,8.01,240,Mumbai Suburbs,2018-06-01,0.0471,Formal,6.07
LN101643,16702852,7.94,300,Navi Mumbai,2015-11-24,0.0786,Formal,7.11
LN101644,8500960,9.17,360,South Mumbai,2019-06-20,0.0749,Formal,4.24
LN101645,11781901,8.54,240,South Mumbai,2022-09-16,0.0241,Formal,6.42
LN101646,4040267,6.75,180,Navi Mumbai,2020-05-30,0.046,Formal,5.97
LN101647,10685684,9.62,360,South Mumbai,2015-02-13,0.0928,Formal,4.61
LN101648,15321905,6.61,240,Mumbai Suburbs,2022-07-08,0.0306,Formal,4.43
LN101649,18958103,9.12,180,South Mumbai,2019-10-20,0.0548,Formal,6.43
LN101650,8536765,9.16,240,Mumbai Suburbs,2015-05-10,0.0668,Formal,5.19
LN101651,13103896,9.84,360,Mumbai Suburbs,2019-09-26,0.0254,Formal,7.5
LN101652,19673436,6.69,300,South Mumbai,2022-08-20,0.057,Informal,7.13
LN101653,4138744,8.59,300,Mumbai Suburbs,2021-11-18,0.0561,Formal,5.98
LN101654,9535078,8,360,Mumbai Suburbs,2016-05-09,0.0503,Informal,6.25
LN101655,7935774,7.66,240,Mumbai Suburbs,2019-07-03,0.0141,Formal,4.56
LN101656,19144439,6.82,360,Mumbai Suburbs,2019-10-16,0.06,Formal,7.13
LN101657,13033451,8.47,180,Mumbai Suburbs,2022-10-25,0.0414,Formal,5.61
LN101658,5273445,8.18,240,Mumbai Suburbs,2018-04-06,0.092,Formal,5.82
LN101659,4184790,6.87,360,Mumbai Suburbs,2020-05-13,0.0725,Informal,7.06
LN101660,14926188,8.64,300,Mumbai Suburbs,2017-12-08,0.0367,Formal,4.02
LN101661,13529971,9.08,360,Mumbai Suburbs,2016-06-15,0.0481,Formal,5.73
LN101662,7681935,9.19,240,Mumbai Suburbs,2017-02-06,0.0638,Formal,6.19
LN101663,10963441,9.67,360,South Mumbai,2016-04-05,0.0481,Formal,4.56
LN101664,7689142,7.93,300,South Mumbai,2021-01-29,0.0145,Informal,4.24
LN101665,5990961,9.84,180,South Mumbai,2021-06-17,0.0688,Formal,5.87
LN101666,4646804,9.53,360,Navi Mumbai,2022-08-15,0.0758,Formal,5.92
LN101667,1647296,7.54,360,Mumbai Suburbs,2018-08-26,0.0822,Informal,5.16
LN101668,19326518,7.06,180,Mumbai Suburbs,2017-06-05,0.0882,Formal,7.09
LN101669,4122951,8.02,360,South Mumbai,2018-06-05,0.0351,Formal,5.05
LN101670,1800101,7.91,300,South Mumbai,2022-08-25,0.0835,Formal,5.81
LN101671,5100612,8.52,180,Navi Mumbai,2017-01-19,0.0257,Formal,4.65
LN101672,11348014,8.54,300,Navi Mumbai,2017-09-10,0.0707,Formal,4.04
LN101673,10353526,9.12,300,South Mumbai,2021-08-12,0.0387,Formal,5.49
LN101674,9885366,8.28,300,Mumbai Suburbs,2018-01-22,0.0725,Informal,5.84
LN101675,16292361,6.87,240,Mumbai Suburbs,2015-10-10,0.0148,Informal,6.68
LN101676,9121757,9.5,180,Mumbai Suburbs,2022-12-01,0.0763,Formal,5.57
LN101677,9417233,7.58,240,Mumbai Suburbs,2021-02-03,0.0364,Formal,4.98
LN101678,3833552,9.9,240,Mumbai Suburbs,2018-02-21,0.0745,Formal,6.11
LN101679,12820569,6.91,360,Mumbai Suburbs,2021-08-29,0.0712,Formal,5.33
LN101680,8376519,9.85,180,South Mumbai,2018-11-07,0.0716,Formal,4.82
LN101681,2276647,6.82,360,Mumbai Suburbs,2021-01-18,0.0614,Informal,7.19
LN101682,13431216,7.31,240,Mumbai Suburbs,2021-02-06,0.025,Formal,5.88
LN101683,17040922,6.66,360,Mumbai Suburbs,2015-07-08,0.1047,Informal,4.7
LN101684,6416775,8.97,300,Mumbai Suburbs,2015-05-25,0.0561,Formal,6.35
LN101685,9704813,9.48,240,South Mumbai,2018-09-17,0.056,Formal,6.81
LN101686,15497054,8.02,300,Mumbai Suburbs,2022-05-08,0.1015,Informal,6.65
LN101687,12319247,9.75,180,Mumbai Suburbs,2018-10-22,0.0333,Formal,6.1
LN101688,14913140,8.57,360,Mumbai Suburbs,2015-06-09,0.0586,Informal,5.82
LN101689,13494127,8.71,240,Mumbai Suburbs,2017-01-03,0.0651,Formal,6.72
LN101690,13006468,9.46,180,Mumbai Suburbs,2022-07-22,0.053,Formal,6.48
LN101691,7851803,7.54,300,South Mumbai,2019-06-11,0.0682,Informal,6
LN101692,14045697,7.74,360,Mumbai Suburbs,2020-02-04,0.0426,Formal,6.3
LN101693,15566079,9.67,360,South Mumbai,2022-09-21,0.058,Formal,4.59
LN101694,6742533,9.65,240,South Mumbai,2021-06-08,0.0639,Formal,4.07
LN101695,3627144,9.92,360,South Mumbai,2021-09-10,0.101,Formal,7.26
LN101696,3825896,9.66,360,South Mumbai,2017-07-23,0.1097,Formal,7.27
LN101697,5936792,6.95,300,Mumbai Suburbs,2017-01-19,0.0651,Informal,6.76
LN101698,16315631,9.38,300,Navi Mumbai,2020-12-22,0.096,Informal,5.3
LN101699,11427148,7.93,300,South Mumbai,2021-04-05,0.0382,Formal,4.53
LN101700,5876872,9.97,180,Navi Mumbai,2017-08-23,0.1275,Formal,5.25
LN101701,18498600,8.15,180,South Mumbai,2018-09-22,0.0527,Formal,6.54
LN101702,16099203,8.44,360,Mumbai Suburbs,2018-03-28,0.059,Informal,5.17
LN101703,9908385,8.35,180,Mumbai Suburbs,2017-06-23,0.076,Formal,6.79
LN101704,17320131,7.63,240,Navi Mumbai,2021-10-17,0.0856,Formal,6.36
LN101705,16165029,6.76,300,South Mumbai,2016-07-07,0.0549,Formal,6.2
LN101706,3887698,9.63,180,Mumbai Suburbs,2016-10-05,0,Informal,7.26
LN101707,14565381,9.31,360,South Mumbai,2022-05-24,0.0797,Formal,7.13
LN101708,13619233,6.99,300,Mumbai Suburbs,2018-04-16,0.0327,Formal,6.49
LN101709,13417420,9.22,180,Navi Mumbai,2018-03-23,0.0832,Formal,4.7
LN101710,5031464,8.69,300,Mumbai Suburbs,2018-10-11,0.0826,Formal,7.29
LN101711,8357804,7.93,180,Mumbai Suburbs,2017-04-19,0.0658,Formal,4.79
LN101712,3887296,7.39,360,Mumbai Suburbs,2020-12-21,0.0871,Formal,5.3
LN101713,13977495,9.51,180,Navi Mumbai,2019-08-21,0.0453,Formal,6.89
LN101714,3736582,8.95,180,Mumbai Suburbs,2020-04-10,0.1012,Formal,4.73
LN101715,2100500,8.42,180,South Mumbai,2022-07-17,0.0649,Formal,6.24
LN101716,19353806,8.63,300,Navi Mumbai,2019-09-07,0.0544,Formal,5.6
LN101717,2961977,6.82,180,South Mumbai,2016-05-17,0.0942,Formal,6.18
LN101718,5032654,8.16,180,South Mumbai,2015-01-06,0.04,Formal,7.35
LN101719,1664468,7.18,180,South Mumbai,2019-07-02,0,Formal,6.83
LN101720,7978140,7.23,300,Mumbai Suburbs,2017-03-18,0.0226,Formal,5.04
LN101721,15521816,8.81,360,Mumbai Suburbs,2016-10-28,0.1031,Formal,4.2
LN101722,12748768,9.69,360,South Mumbai,2020-02-20,0.0675,Formal,7.38
LN101723,14611312,7.91,360,Mumbai Suburbs,2019-04-17,0.0651,Formal,6.05
LN101724,4037099,7.23,180,Mumbai Suburbs,2016-04-23,0.0873,Formal,4.61
LN101725,13384217,8.77,300,Navi Mumbai,2021-12-27,0.0689,Formal,6.19
LN101726,5828426,9.55,360,Mumbai Suburbs,2019-07-13,0.0517,Formal,4.15
LN101727,9100706,9.12,360,Mumbai Suburbs,2017-06-22,0.0468,Formal,4.66
LN101728,19820039,9.54,360,Mumbai Suburbs,2022-10-10,0.0247,Formal,6.21
LN101729,18825389,8.38,240,South Mumbai,2016-04-16,0.028,Informal,5.41
LN101730,9379341,9.13,300,Mumbai Suburbs,2019-02-03,0.0652,Formal,5.14
LN101731,10890633,6.99,240,Mumbai Suburbs,2019-06-12,0.0553,Formal,6.29
LN101732,7579137,7.72,180,South Mumbai,2022-11-01,0.0746,Formal,7.03
LN101733,11980269,7.86,360,South Mumbai,2022-06-15,0.0574,Formal,6.38
LN101734,2912584,8.29,180,Mumbai Suburbs,2022-05-30,0.0281,Formal,5.62
LN101735,15178388,9.75,300,South Mumbai,2018-02-09,0.0674,Informal,6.31
LN101736,18002265,9.56,180,South Mumbai,2019-11-11,0.0656,Formal,6.43
LN101737,15846767,6.97,180,Mumbai Suburbs,2021-11-27,0.0605,Formal,6.71
LN101738,15677441,7.1,360,Mumbai Suburbs,2021-12-30,0.0647,Informal,5.07
LN101739,12250117,7.75,300,Navi Mumbai,2017-04-13,0.119,Formal,4.4
LN101740,1747419,7.52,180,Mumbai Suburbs,2016-12-04,0.0242,Formal,6.39
LN101741,10468532,8.65,240,Mumbai Suburbs,2017-09-05,0.0313,Formal,4.42
LN101742,6438684,9.66,360,Mumbai Suburbs,2017-06-08,0.0089,Formal,5.62
LN101743,3380932,9.87,240,South Mumbai,2017-05-30,0.0628,Informal,4.81
LN101744,2654753,8.79,360,South Mumbai,2018-11-26,0.0019,Formal,5.16
LN101745,14685039,9.43,180,Mumbai Suburbs,2020-10-27,0.0667,Informal,5.65
LN101746,9793380,8.34,360,Mumbai Suburbs,2018-08-17,0.0583,Informal,7.14
LN101747,17673742,7.23,180,Mumbai Suburbs,2022-04-28,0.0428,Formal,6.38
LN101748,11104107,8.34,240,Mumbai Suburbs,2022-08-29,0.0742,Formal,4.6
LN101749,1571107,8.44,180,South Mumbai,2015-01-29,0.0689,Formal,7.08
LN101750,17064554,9.1,360,Mumbai Suburbs,2020-02-18,0.1082,Informal,5.75
LN101751,11905942,7.27,360,Mumbai Suburbs,2016-10-10,0.0784,Formal,4.71
LN101752,3086213,7.79,360,Mumbai Suburbs,2020-02-08,0.0581,Formal,5.85
LN101753,11302330,7.77,240,Mumbai Suburbs,2018-06-25,0,Informal,4.67
LN101754,12199468,9.86,300,Navi Mumbai,2015-03-08,0.0879,Formal,5.29
LN101755,9937492,8.05,240,Navi Mumbai,2019-06-04,0.0881,Formal,6.82
LN101756,2999254,9.14,180,Navi Mumbai,2018-08-13,0.0997,Formal,6.31
LN101757,6044842,9.13,180,South Mumbai,2016-03-06,0,Formal,5.67
LN101758,5156532,7.43,240,South Mumbai,2022-06-17,0.0662,Formal,4.79
LN101759,7592910,8.5,240,South Mumbai,2015-09-17,0.0798,Informal,4.99
LN101760,6561112,9.63,180,South Mumbai,2016-03-26,0.096,Formal,7.42
LN101761,8909699,8.16,180,Mumbai Suburbs,2021-06-11,0.0781,Formal,5.2
LN101762,12255948,9.81,180,Mumbai Suburbs,2017-09-05,0.0618,Formal,6.16
LN101763,1258517,7.25,300,Mumbai Suburbs,2017-09-23,0.0294,Informal,5.75
LN101764,10745741,6.76,300,Navi Mumbai,2020-11-04,0.0565,Informal,4.08
LN101765,7428540,9.62,240,Navi Mumbai,2022-03-15,0.0717,Formal,7.31
LN101766,1705475,9.47,240,South Mumbai,2018-11-26,0.0835,Formal,4.31
LN101767,16560243,9.97,300,Navi Mumbai,2019-07-18,0.0124,Informal,6.31
LN101768,12177498,8.88,360,Mumbai Suburbs,2021-02-01,0.0689,Formal,6.84
LN101769,5338843,9.78,300,Mumbai Suburbs,2019-03-05,0.0158,Formal,6.62
LN101770,1424226,9.39,240,Mumbai Suburbs,2016-08-15,0.068,Formal,6.83
LN101771,13056199,9.46,300,South Mumbai,2019-11-13,0.0256,Formal,6.59
LN101772,16843433,8.49,360,Navi Mumbai,2015-01-12,0.0167,Formal,5.56
LN101773,5117923,7.84,240,Mumbai Suburbs,2015-01-08,0.1143,Informal,7.14
LN101774,7303745,9.77,180,Navi Mumbai,2019-07-14,0.0185,Formal,7.19
LN101775,1698956,8.01,240,Navi Mumbai,2017-09-13,0.0409,Formal,5.53
LN101776,13290137,8.39,300,Mumbai Suburbs,2022-07-03,0.0594,Formal,5.7
LN101777,7278602,8.06,300,South Mumbai,2017-04-21,0,Formal,5.7
LN101778,7143326,8.48,360,South Mumbai,2021-09-15,0.0836,Formal,4.98
LN101779,1175211,8.15,300,Mumbai Suburbs,2015-09-12,0.039,Formal,4.4
LN101780,8519817,6.67,360,South Mumbai,2022-12-25,0.0294,Formal,4.92
LN101781,13481574,9.59,240,Navi Mumbai,2022-03-13,0.0877,Formal,6.95
LN101782,8412620,8.06,300,South Mumbai,2018-09-28,0.0199,Formal,5.9
LN101783,19660592,8.56,240,Navi Mumbai,2018-05-07,0.0734,Informal,6.98
LN101784,16848375,6.99,180,Mumbai Suburbs,2015-07-12,0.0607,Formal,6.61
LN101785,9544291,6.51,180,South Mumbai,2015-08-25,0.0617,Informal,5.22
LN101786,12392083,7.36,360,Mumbai Suburbs,2019-08-09,0.0583,Formal,4.65
LN101787,5730741,8.97,300,Mumbai Suburbs,2015-07-05,0.0639,Formal,5.99
LN101788,6605126,6.85,240,Mumbai Suburbs,2018-03-10,0,Formal,7.28
LN101789,14952821,9.68,240,Mumbai Suburbs,2021-03-13,0.0338,Formal,6.94
LN101790,15394752,7.25,300,South Mumbai,2021-07-24,0.0326,Formal,6.67
LN101791,19683255,7.22,240,Mumbai Suburbs,2017-04-09,0.0932,Formal,6.67
LN101792,14149868,7.14,300,Mumbai Suburbs,2016-03-28,0.0648,Formal,5.85
LN101793,2455465,6.55,300,Mumbai Suburbs,2020-10-25,0.0603,Formal,4.59
LN101794,13581422,9.2,180,Navi Mumbai,2016-08-27,0.1157,Formal,5
LN101795,12098252,9.56,300,South Mumbai,2019-01-26,0,Formal,6.02
LN101796,1211830,8.65,240,South Mumbai,2018-04-14,0.1024,Formal,5.11
LN101797,6987029,7.16,300,Mumbai Suburbs,2021-07-18,0.0604,Informal,6.74
LN101798,7516616,7.5,180,Navi Mumbai,2019-02-26,0.0373,Formal,5.31
LN101799,5755976,8.17,180,Mumbai Suburbs,2022-06-09,0.044,Formal,4.4
LN101800,7897673,9.84,360,South Mumbai,2018-02-03,0.0451,Informal,6.74
LN101801,13448727,7.37,240,South Mumbai,2022-12-02,0.105,Formal,6.44
LN101802,7002296,9.06,300,South Mumbai,2019-07-26,0.0672,Formal,4.89
LN101803,17852604,8.04,240,Mumbai Suburbs,2016-05-09,0.0806,Informal,7.43
LN101804,7810183,7.54,240,Mumbai Suburbs,2019-09-10,0.0377,Formal,5.41
LN101805,19552983,8.1,300,Mumbai Suburbs,2019-09-26,0.0633,Formal,6.38
LN101806,8983823,6.75,180,South Mumbai,2020-07-29,0.0873,Formal,7.19
LN101807,9373296,9.3,240,South Mumbai,2018-08-28,0.0938,Formal,4.55
LN101808,11718361,7.35,360,Mumbai Suburbs,2017-11-09,0.0198,Informal,7.08
LN101809,6877809,9.04,240,Navi Mumbai,2021-04-07,0.0843,Formal,6.46
LN101810,10886226,6.74,180,Mumbai Suburbs,2022-07-06,0.0556,Formal,4.59
LN101811,9002619,9.84,360,Navi Mumbai,2015-03-03,0.071,Formal,6.33
LN101812,15978249,7.18,360,Mumbai Suburbs,2017-07-29,0.0442,Formal,7.06
LN101813,8667857,9.59,360,South Mumbai,2015-11-05,0.1058,Formal,6.8
LN101814,5428690,9.33,360,South Mumbai,2018-12-24,0.0678,Informal,6.66
LN101815,6439433,9.89,300,Mumbai Suburbs,2017-01-27,0.0424,Informal,4.56
LN101816,9889782,8.17,300,Mumbai Suburbs,2016-05-03,0.0453,Formal,4.67
LN101817,3881777,9.05,300,Mumbai Suburbs,2018-11-11,0.0858,Formal,5.92
LN101818,17972462,7.8,360,Mumbai Suburbs,2022-07-20,0.0816,Formal,6.03
LN101819,4696176,7.15,180,Mumbai Suburbs,2022-12-02,0.0624,Formal,7.3
LN101820,11732002,8.05,240,South Mumbai,2018-04-13,0.0484,Formal,5.64
LN101821,9899691,7.08,360,Navi Mumbai,2016-08-26,0.0887,Informal,5.06
LN101822,15697697,9.94,180,Mumbai Suburbs,2017-09-18,0.0442,Formal,4.67
LN101823,18789600,6.84,240,Mumbai Suburbs,2022-02-02,0.0427,Informal,4.19
LN101824,18644180,8.56,360,Mumbai Suburbs,2017-03-28,0.1358,Formal,4.24
LN101825,9437712,8.69,240,Mumbai Suburbs,2020-10-11,0.0714,Informal,6.01
LN101826,1863663,8.38,300,South Mumbai,2017-08-29,0.0575,Formal,4.62
LN101827,6783182,8.82,300,Mumbai Suburbs,2022-06-17,0.0467,Informal,6.98
LN101828,16821218,6.91,300,Mumbai Suburbs,2018-12-04,0.0537,Formal,6.09
LN101829,14147590,8.44,180,Mumbai Suburbs,2022-10-01,0.0974,Informal,7.03
LN101830,2206861,7.51,300,South Mumbai,2018-06-30,0.0849,Informal,5.5
LN101831,4119612,9.79,180,South Mumbai,2016-10-27,0.0405,Informal,6.09
LN101832,17179640,9.17,300,South Mumbai,2016-06-07,0.0501,Formal,5.84
LN101833,5936600,9.9,300,Mumbai Suburbs,2020-02-13,0.0205,Formal,7.45
LN101834,15648065,6.63,300,Navi Mumbai,2016-04-06,0.0679,Formal,6.79
LN101835,5736319,7.5,180,South Mumbai,2021-08-24,0,Formal,6.08
LN101836,16578914,7.18,240,Mumbai Suburbs,2022-12-06,0.0138,Informal,6.12
LN101837,15160134,6.54,180,Mumbai Suburbs,2018-10-21,0.0628,Formal,4.87
LN101838,18034897,7.35,360,Mumbai Suburbs,2015-05-03,0,Formal,6.57
LN101839,3054780,8.88,360,South Mumbai,2019-07-15,0.1285,Formal,7.44
LN101840,1842186,7.31,180,South Mumbai,2022-01-04,0.0334,Formal,4.45
LN101841,15578363,8.28,180,South Mumbai,2021-11-06,0.0745,Formal,6.23
LN101842,11939922,9.61,240,Navi Mumbai,2018-08-14,0.098,Formal,5.81
LN101843,8116355,8.93,180,Mumbai Suburbs,2018-11-07,0.0681,Formal,6.98
LN101844,6538917,7.88,300,South Mumbai,2022-03-10,0.0598,Formal,4
LN101845,2124905,7.8,240,South Mumbai,2018-06-25,0.043,Formal,4.48
LN101846,4105958,8.1,180,South Mumbai,2020-02-22,0.0205,Informal,4.13
LN101847,6559277,7.12,180,South Mumbai,2021-08-26,0.0457,Informal,4.57
LN101848,16315296,8.72,360,Mumbai Suburbs,2018-11-30,0.0631,Formal,6.48
LN101849,9593059,7.77,240,Mumbai Suburbs,2015-12-04,0.0592,Formal,4.49
LN101850,19757506,9.48,360,Mumbai Suburbs,2021-12-03,0.0314,Formal,6.18
LN101851,12812936,9.15,180,Mumbai Suburbs,2022-12-10,0.0919,Informal,7.04
LN101852,14138567,8.64,240,Mumbai Suburbs,2019-10-27,0.0171,Formal,4.12
LN101853,1403322,7.77,300,South Mumbai,2018-07-02,0.0778,Formal,4.09
LN101854,15748072,7.23,180,Mumbai Suburbs,2020-07-30,0.0855,Informal,7.46
LN101855,15752304,9.22,180,Mumbai Suburbs,2016-07-15,0.0671,Informal,6.36
LN101856,17055099,8.2,360,South Mumbai,2018-12-01,0.1099,Informal,4.49
LN101857,15952964,7.29,300,Mumbai Suburbs,2021-03-18,0.0722,Informal,5.07
LN101858,5077716,7.18,180,Navi Mumbai,2016-05-11,0.1014,Informal,7.45
LN101859,11479153,7.08,360,South Mumbai,2017-11-16,0,Informal,4.8
LN101860,2908802,9.22,360,Navi Mumbai,2022-10-09,0.0881,Formal,6.63
LN101861,8334901,7.3,180,South Mumbai,2018-02-25,0.0776,Informal,4.84
LN101862,19325291,8.34,240,Mumbai Suburbs,2015-01-31,0.076,Informal,5.39
LN101863,18271164,8.08,180,Mumbai Suburbs,2018-02-08,0.0785,Formal,7.08
LN101864,17035897,8.53,300,Mumbai Suburbs,2017-06-29,0.0456,Formal,4.1
LN101865,13132693,9.57,180,South Mumbai,2016-07-17,0.0828,Formal,5.08
LN101866,9383190,9.54,240,Mumbai Suburbs,2016-10-25,0.1134,Formal,5.71
LN101867,15931115,8.08,360,Navi Mumbai,2016-12-05,0.0037,Informal,6.19
LN101868,16329893,6.55,300,South Mumbai,2021-04-28,0.0957,Formal,4.1
LN101869,14296848,7.99,300,Navi Mumbai,2018-01-11,0.0561,Informal,5.44
LN101870,15143266,8.62,300,Mumbai Suburbs,2021-07-03,0.0402,Formal,5.21
LN101871,18557857,8.45,300,Navi Mumbai,2017-05-15,0.0237,Formal,4.09
LN101872,5466134,8.78,240,South Mumbai,2019-06-19,0.0714,Informal,5.24
LN101873,19331421,7.04,240,Mumbai Suburbs,2021-12-29,0.1075,Formal,7.26
LN101874,11093205,8.76,240,South Mumbai,2017-06-08,0.0483,Informal,4.96
LN101875,13154297,7.14,240,Navi Mumbai,2022-11-02,0.08,Formal,6.05
LN101876,4127748,9.13,360,Mumbai Suburbs,2017-09-07,0.0597,Informal,5.04
LN101877,15722892,7.69,180,Mumbai Suburbs,2018-12-11,0.0107,Formal,4.37
LN101878,10223644,8.98,240,South Mumbai,2022-10-22,0.0546,Formal,5.01
LN101879,11758430,6.67,180,Navi Mumbai,2022-01-31,0.0401,Informal,5.65
LN101880,14863529,7.93,300,Mumbai Suburbs,2021-03-03,0.0296,Formal,5.04
LN101881,13569021,8.97,360,Mumbai Suburbs,2017-04-24,0.0471,Informal,6.18
LN101882,4496605,7.29,360,Mumbai Suburbs,2021-03-22,0.0504,Informal,7.32
LN101883,7416438,9.28,180,Navi Mumbai,2019-02-14,0.0902,Formal,4.24
LN101884,6311499,8.71,180,Mumbai Suburbs,2020-09-24,0.0607,Formal,6.51
LN101885,17413328,8.56,180,South Mumbai,2019-11-19,0.0179,Formal,4
LN101886,18085839,7.74,360,Navi Mumbai,2016-07-15,0.0962,Formal,4
LN101887,4647371,8.19,240,Mumbai Suburbs,2022-04-23,0.0716,Formal,4.47
LN101888,2147116,8.59,360,Mumbai Suburbs,2018-07-21,0.0684,Formal,5.68
LN101889,12345174,8.15,240,South Mumbai,2019-02-07,0.0862,Informal,4.17
LN101890,4772763,8.94,300,Navi Mumbai,2015-08-23,0.0594,Formal,6.53
LN101891,18087591,8.02,240,South Mumbai,2017-01-04,0.0439,Formal,4.1
LN101892,19903669,7.21,180,Mumbai Suburbs,2022-10-12,0.0704,Formal,5.73
LN101893,2271300,7.25,240,Navi Mumbai,2020-04-26,0.0787,Formal,6.37
LN101894,13048339,6.52,240,South Mumbai,2020-11-25,0.0714,Informal,4.83
LN101895,13776695,7.55,360,Navi Mumbai,2015-06-27,0.0843,Formal,6.03
LN101896,4842411,9.12,180,Mumbai Suburbs,2015-12-20,0.063,Informal,4.92
LN101897,7310208,9.28,300,Mumbai Suburbs,2021-09-13,0.0301,Formal,4.75
LN101898,14687761,7.21,240,Mumbai Suburbs,2021-02-05,0.0411,Formal,6.86
LN101899,12654304,9.86,300,Mumbai Suburbs,2022-10-26,0.1012,Informal,5.17
LN101900,4341861,8.26,180,South Mumbai,2016-03-18,0.061,Informal,6.85
LN101901,14116915,9.71,240,South Mumbai,2015-11-22,0.0262,Informal,4.76
LN101902,3615804,8.97,360,Navi Mumbai,2020-11-12,0.0233,Formal,5.25
LN101903,2982243,9.03,300,South Mumbai,2021-03-07,0.0198,Formal,4.36
LN101904,4413654,6.8,360,Navi Mumbai,2022-06-06,0.0847,Formal,5.74
LN101905,4270209,7.27,300,South Mumbai,2015-06-19,0.0693,Formal,5.34
LN101906,8323988,6.53,180,Mumbai Suburbs,2016-03-04,0.1153,Formal,4.02
LN101907,12045633,9.01,240,Navi Mumbai,2022-10-10,0.0773,Informal,5.63
LN101908,9210880,7.71,300,South Mumbai,2021-10-28,0.0791,Formal,4.26
LN101909,4594058,9.25,360,Navi Mumbai,2020-12-25,0.1197,Formal,6.93
LN101910,9117654,7.69,300,Mumbai Suburbs,2017-12-18,0.0309,Formal,5.73
LN101911,1233782,9.37,300,Mumbai Suburbs,2015-05-25,0.015,Formal,6.42
LN101912,19360462,6.96,300,Mumbai Suburbs,2015-02-20,0.0766,Formal,6.87
LN101913,18503547,7.11,300,Mumbai Suburbs,2018-04-12,0.0527,Informal,4.18
LN101914,2794291,7.69,300,Mumbai Suburbs,2018-02-01,0.0689,Informal,5.18
LN101915,5952075,7.93,300,Mumbai Suburbs,2017-09-19,0.0967,Formal,4.09
LN101916,4898606,7.72,360,Mumbai Suburbs,2019-01-21,0.0828,Formal,4.17
LN101917,3878117,9.17,300,South Mumbai,2016-03-24,0.1055,Informal,4.13
LN101918,13670380,6.84,300,Navi Mumbai,2022-07-31,0.0328,Formal,5.67
LN101919,11431645,7.73,300,Navi Mumbai,2021-03-12,0.0869,Formal,5.58
LN101920,13774615,9.43,240,Mumbai Suburbs,2018-08-11,0.0368,Formal,4.21
LN101921,6287913,6.73,180,Mumbai Suburbs,2015-05-11,0.1101,Formal,4.92
LN101922,4733149,9.8,180,Mumbai Suburbs,2015-10-27,0.0734,Informal,4.86
LN101923,12476429,9.95,180,Mumbai Suburbs,2021-07-24,0.0752,Informal,5.04
LN101924,6316741,6.81,360,Mumbai Suburbs,2018-02-28,0.0425,Formal,6.24
LN101925,3804802,7.52,360,Navi Mumbai,2015-03-22,0.0441,Formal,6.44
LN101926,5157263,7.8,360,South Mumbai,2018-11-30,0.0722,Formal,5.19
LN101927,5488198,9.22,300,Mumbai Suburbs,2021-05-08,0.1124,Formal,6.76
LN101928,13001352,8.59,180,Navi Mumbai,2016-09-15,0.1075,Informal,5.46
LN101929,10515406,8.76,300,Mumbai Suburbs,2015-06-11,0.0708,Formal,5.83
LN101930,8084609,9.15,240,Navi Mumbai,2020-08-15,0.0474,Formal,4.51
LN101931,11091985,6.91,180,Mumbai Suburbs,2015-04-20,0.0772,Formal,4.82
LN101932,19029773,9.42,240,South Mumbai,2022-04-23,0.0976,Formal,6.55
LN101933,12720657,8.97,240,Navi Mumbai,2017-03-13,0.0664,Formal,7.42
LN101934,2490687,8.52,300,Mumbai Suburbs,2016-10-13,0.0484,Formal,6.47
LN101935,14070601,9.61,180,Mumbai Suburbs,2020-07-31,0.0804,Informal,4.19
LN101936,10311768,8.95,240,South Mumbai,2021-07-02,0.0528,Formal,4.5
LN101937,12991292,7.21,180,Mumbai Suburbs,2021-03-16,0.0493,Formal,5.56
LN101938,12336501,8,240,Mumbai Suburbs,2018-08-30,0.0583,Informal,6.56
LN101939,6272864,8.23,240,South Mumbai,2018-07-26,0.08,Informal,4.58
LN101940,4788963,6.69,300,Mumbai Suburbs,2019-01-02,0.0533,Formal,6.63
LN101941,12540237,9.84,180,Mumbai Suburbs,2015-07-03,0.0589,Formal,5.95
LN101942,6185773,6.95,300,South Mumbai,2019-11-26,0.0643,Informal,6.71
LN101943,13728700,8.94,300,Mumbai Suburbs,2016-10-27,0.0485,Formal,5.95
LN101944,12021186,8.27,300,Mumbai Suburbs,2016-10-12,0.1065,Informal,6.11
LN101945,1968616,6.59,300,South Mumbai,2021-02-16,0.1153,Formal,4.87
LN101946,10639564,9.74,300,Mumbai Suburbs,2018-03-05,0.0509,Informal,6.52
LN101947,2490036,9.48,240,Mumbai Suburbs,2020-05-14,0.0361,Formal,6.95
LN101948,8179156,8.33,180,South Mumbai,2022-02-05,0.0461,Informal,7.05
LN101949,11197985,7.3,180,Mumbai Suburbs,2018-10-02,0.0734,Formal,4.1
LN101950,11109464,6.93,300,Mumbai Suburbs,2019-02-25,0.0574,Formal,6.19
LN101951,10352771,7.77,180,Navi Mumbai,2018-09-17,0.0216,Formal,7.46
LN101952,8904428,7.39,240,South Mumbai,2017-01-21,0.0553,Formal,6.05
LN101953,12401147,8.27,300,Mumbai Suburbs,2016-11-09,0.0722,Informal,4.6
LN101954,15113803,9.88,360,South Mumbai,2021-08-13,0.0895,Formal,7.07
LN101955,13070495,8.51,360,Mumbai Suburbs,2021-06-19,0.1127,Formal,4.93
LN101956,3322523,9.61,240,Mumbai Suburbs,2018-08-27,0.0466,Formal,4.16
LN101957,5746771,8.78,240,Mumbai Suburbs,2020-10-13,0.0413,Formal,5.51
LN101958,9640145,8.16,360,Mumbai Suburbs,2017-09-29,0.0525,Formal,4.35
LN101959,19533340,9.49,300,Navi Mumbai,2020-12-22,0.0316,Formal,4.4
LN101960,18618747,8.15,240,Mumbai Suburbs,2016-05-18,0.039,Formal,5.62
LN101961,1864645,9.54,360,Navi Mumbai,2015-11-29,0.0392,Informal,6.14
LN101962,2428127,7.52,300,South Mumbai,2016-03-05,0.0698,Informal,7.17
LN101963,9859690,6.95,240,Mumbai Suburbs,2016-04-13,0.035,Informal,6.47
LN101964,11309885,9.49,180,Mumbai Suburbs,2015-04-14,0.0847,Formal,6.95
LN101965,5254849,8.56,180,Mumbai Suburbs,2021-06-04,0.0945,Informal,5.44
LN101966,8574587,9.61,180,South Mumbai,2018-04-27,0.0262,Formal,5.12
LN101967,16407570,9.78,300,Navi Mumbai,2019-09-09,0.0209,Formal,6.07
LN101968,16669534,6.69,240,South Mumbai,2022-11-13,0.0439,Formal,6.43
LN101969,9336900,8.25,360,South Mumbai,2018-11-22,0.048,Formal,5.99
LN101970,19392993,7.81,240,Mumbai Suburbs,2015-02-13,0.098,Informal,4.93
LN101971,4512664,8.69,180,Mumbai Suburbs,2015-08-20,0.0585,Formal,5.29
LN101972,15930561,9.28,180,Mumbai Suburbs,2016-02-15,0.0726,Informal,5.57
LN101973,1973181,7.48,300,Mumbai Suburbs,2022-07-07,0.0725,Formal,4.05
LN101974,12505418,8.45,360,Mumbai Suburbs,2020-11-16,0.0336,Formal,7.08
LN101975,19268849,8.98,300,Mumbai Suburbs,2017-09-04,0.0525,Formal,5.79
LN101976,14284604,6.97,360,Mumbai Suburbs,2019-08-14,0.0596,Formal,6.63
LN101977,10922462,9.35,240,Navi Mumbai,2020-10-01,0.0713,Informal,4.6
LN101978,3061774,8.62,300,Navi Mumbai,2020-06-21,0.017,Formal,5.95
LN101979,3790358,9.82,300,Mumbai Suburbs,2020-01-09,0.0422,Formal,7.24
LN101980,7976610,7.69,300,South Mumbai,2018-04-24,0.0603,Formal,4.75
LN101981,19542740,6.88,180,Navi Mumbai,2020-11-24,0.0468,Formal,5.21
LN101982,19027848,8.27,180,South Mumbai,2016-08-31,0.0179,Formal,5.36
LN101983,7210715,6.8,360,South Mumbai,2018-07-19,0.0383,Informal,5.34
LN101984,18686927,9.89,240,South Mumbai,2016-03-17,0.0182,Formal,6.1
LN101985,4711584,6.64,300,South Mumbai,2018-01-25,0.1014,Formal,5.38
LN101986,7913283,9.14,180,Navi Mumbai,2019-12-06,0.0504,Formal,6.36
LN101987,2619715,8.34,300,Mumbai Suburbs,2021-03-21,0.058,Formal,5.7
LN101988,11016295,7.79,360,Navi Mumbai,2021-06-01,0.0306,Formal,4.55
LN101989,7314768,6.73,360,South Mumbai,2019-04-30,0.0669,Informal,7.32
LN101990,9815995,8.68,240,Mumbai Suburbs,2020-04-01,0.0809,Formal,4.84
LN101991,7726451,8.55,360,Navi Mumbai,2015-01-18,0.0325,Formal,5.97
LN101992,9064220,7.48,300,Navi Mumbai,2018-11-04,0.0332,Informal,4.21
LN101993,16478907,9.69,240,Mumbai Suburbs,2020-05-21,0.0451,Formal,7.22
LN101994,19321829,7.56,240,South Mumbai,2020-11-04,0.018,Formal,7.25
LN101995,19074854,8.07,180,Mumbai Suburbs,2018-09-11,0.0714,Formal,5.28
LN101996,14018596,8.4,300,Mumbai Suburbs,2019-02-07,0.0828,Informal,4.42
LN101997,17285299,6.85,360,Mumbai Suburbs,2022-02-18,0.017,Formal,6.69
LN101998,12483618,9.76,180,Mumbai Suburbs,2020-08-07,0.0864,Formal,4.92
LN101999,3456070,7.81,300,Mumbai Suburbs,2016-08-21,0.0865,Formal,6.45
LN102000,9878234,6.78,300,Mumbai Suburbs,2020-01-27,0,Formal,7.2
LN102001,1288859,7.86,240,Mumbai Suburbs,2016-05-14,0.0269,Formal,6.07
LN102002,19323452,8.6,240,South Mumbai,2018-04-24,0.0418,Formal,7.01
LN102003,16805013,8.3,300,Mumbai Suburbs,2015-10-22,0.0771,Formal,4.79
LN102004,13390020,8.93,180,Mumbai Suburbs,2017-08-08,0.0731,Informal,7.19
LN102005,14824509,6.69,240,South Mumbai,2019-04-30,0.0323,Informal,4.79
LN102006,9982913,7.5,240,Mumbai Suburbs,2020-08-12,0.1087,Formal,4.79
LN102007,5257341,9.37,300,South Mumbai,2018-08-07,0.039,Informal,7.08
LN102008,16321333,6.78,300,Mumbai Suburbs,2015-03-21,0.0349,Formal,5.94
LN102009,6477093,9.49,240,Navi Mumbai,2015-11-14,0.0252,Formal,6.8
LN102010,9592974,6.82,180,South Mumbai,2019-08-18,0.0546,Formal,6.81
LN102011,18279636,9.42,240,Mumbai Suburbs,2017-11-14,0.0871,Formal,6.26
LN102012,11640009,7.76,300,Mumbai Suburbs,2022-09-01,0.033,Formal,4.66
LN102013,6529046,8.64,240,South Mumbai,2017-12-21,0.0663,Formal,6.42
LN102014,19456377,7.04,300,Navi Mumbai,2015-09-14,0.0661,Informal,4.22
LN102015,10426807,6.73,240,Mumbai Suburbs,2020-01-01,0.0591,Formal,4.7
LN102016,18438118,7.26,300,Navi Mumbai,2019-04-29,0.0697,Formal,6.25
LN102017,8562116,6.95,300,South Mumbai,2018-12-28,0.0872,Informal,7.18
LN102018,19315328,7.59,180,South Mumbai,2022-04-27,0.0682,Formal,6.7
LN102019,14691916,8.3,300,Mumbai Suburbs,2020-05-07,0.0914,Formal,5.16
LN102020,19503892,8.56,240,Mumbai Suburbs,2015-06-07,0.027,Formal,6.88
LN102021,19463212,9.26,300,Navi Mumbai,2018-05-31,0.0467,Informal,7.38
LN102022,16220404,8.8,360,South Mumbai,2022-04-19,0.027,Formal,5.16
LN102023,10091044,8.63,240,Mumbai Suburbs,2016-03-31,0.0764,Formal,4.65
LN102024,16336095,7.94,180,South Mumbai,2018-07-10,0.0967,Formal,4.69
LN102025,15942371,8.16,240,Navi Mumbai,2019-04-07,0.0507,Formal,5.4
LN102026,19129360,7.95,180,Mumbai Suburbs,2020-02-05,0.0684,Informal,4.18
LN102027,2551330,9.45,360,Mumbai Suburbs,2018-02-15,0.0152,Formal,5.71
LN102028,1971248,7.31,180,South Mumbai,2019-11-05,0.0606,Informal,6.56
LN102029,5657851,6.52,300,Mumbai Suburbs,2016-03-18,0.0098,Formal,5.86
LN102030,6378750,8.78,360,South Mumbai,2022-06-14,0.0618,Formal,7.4
LN102031,3607411,7.21,360,South Mumbai,2021-11-02,0.0023,Informal,5.62
LN102032,2693439,9.62,180,Mumbai Suburbs,2016-11-01,0.1108,Formal,4.05
LN102033,19608310,9.51,240,Navi Mumbai,2021-02-22,0.0585,Informal,5.65
LN102034,4437172,6.77,180,Navi Mumbai,2015-02-19,0.0573,Formal,7.25
LN102035,17604953,6.87,180,Mumbai Suburbs,2017-07-17,0.1173,Informal,4.34
LN102036,10447933,8.23,360,Mumbai Suburbs,2018-02-05,0.062,Informal,4.78
LN102037,7919875,8.63,300,Navi Mumbai,2019-11-08,0.0117,Informal,6.5
LN102038,19740787,7.46,240,Mumbai Suburbs,2022-10-12,0.0471,Informal,5.03
LN102039,6542511,9.01,180,Mumbai Suburbs,2019-07-15,0.1184,Formal,6.68
LN102040,13807931,8.58,300,Navi Mumbai,2016-09-15,0.0331,Formal,5.47
LN102041,15058065,7.64,300,South Mumbai,2021-07-22,0.0468,Informal,6.79
LN102042,4815144,6.59,240,South Mumbai,2022-05-11,0.1064,Formal,5.93
LN102043,17541107,9.13,300,Mumbai Suburbs,2018-11-01,0.0369,Formal,4.29
LN102044,1817052,7.25,180,South Mumbai,2022-07-16,0.0571,Formal,5.35
LN102045,8596585,9.42,360,Mumbai Suburbs,2019-01-30,0.1005,Formal,5.17
LN102046,17177172,7.97,300,Mumbai Suburbs,2022-08-31,0.0428,Formal,6.84
LN102047,14302313,8.52,360,Mumbai Suburbs,2017-06-03,0.036,Informal,6.19
LN102048,7269324,9.56,240,Navi Mumbai,2015-03-21,0.0047,Formal,6.72
LN102049,2428080,9.52,240,South Mumbai,2015-11-03,0.0269,Formal,5.3
LN102050,10490536,7.8,300,Mumbai Suburbs,2017-07-07,0.0335,Formal,6.42
LN102051,3521279,7.23,360,South Mumbai,2020-03-31,0.0491,Informal,4.23
LN102052,11488951,9.21,180,Mumbai Suburbs,2019-10-18,0.0707,Formal,4.13
LN102053,13485000,8.02,360,Mumbai Suburbs,2018-08-04,0.0587,Informal,5.01
LN102054,3726016,7.17,300,Mumbai Suburbs,2016-11-12,0.0231,Formal,6.71
LN102055,19021505,9.67,360,South Mumbai,2017-05-02,0.1008,Informal,5.87
LN102056,1442939,7.19,360,Mumbai Suburbs,2019-07-07,0.0269,Informal,5.43
LN102057,3711793,6.59,240,Mumbai Suburbs,2022-06-29,0.1141,Informal,7.14
LN102058,14135871,6.57,300,South Mumbai,2020-04-17,0.0645,Informal,5.74
LN102059,15278587,8.68,360,Mumbai Suburbs,2022-11-15,0.0914,Formal,6.15
LN102060,3319124,8.82,300,Mumbai Suburbs,2021-05-28,0.0759,Informal,7.45
LN102061,19850506,7.59,180,Navi Mumbai,2020-05-25,0.1052,Formal,5.83
LN102062,15021366,7.62,300,Navi Mumbai,2018-10-09,0.0587,Formal,6.74
LN102063,14331233,7.69,180,Mumbai Suburbs,2022-02-25,0.052,Formal,5.45
LN102064,16188743,8.88,300,Navi Mumbai,2015-02-13,0.0691,Formal,4.13
LN102065,17566471,6.7,300,Mumbai Suburbs,2016-02-28,0.0517,Informal,6.92
LN102066,2727408,9.75,360,Navi Mumbai,2021-02-01,0.0736,Formal,7.31
LN102067,18832891,7.28,360,South Mumbai,2016-12-09,0.1065,Formal,5.52
LN102068,12952983,10,180,Mumbai Suburbs,2022-05-05,0.0093,Formal,5.76
LN102069,8436754,7.1,180,Mumbai Suburbs,2022-03-11,0.0577,Formal,5.48
LN102070,18742404,9.2,240,Mumbai Suburbs,2015-03-18,0.126,Formal,7.49
LN102071,14137311,7.28,360,South Mumbai,2018-06-16,0.0483,Formal,7.16
LN102072,17751531,6.78,180,Mumbai Suburbs,2020-06-09,0.0904,Informal,4.14
LN102073,19938304,9.56,360,Mumbai Suburbs,2017-03-07,0.0861,Informal,6.73
LN102074,3320484,9.51,300,South Mumbai,2021-05-18,0.0169,Formal,6.1
LN102075,5105223,7.91,240,Mumbai Suburbs,2017-01-20,0.0689,Formal,4.09
LN102076,12211596,8.96,360,Mumbai Suburbs,2020-09-08,0.0666,Formal,5.56
LN102077,18264726,8.45,360,Navi Mumbai,2017-12-04,0.15,Formal,4.52
LN102078,12963776,9.49,360,Mumbai Suburbs,2015-09-17,0,Informal,7.06
LN102079,8609964,7.6,360,Navi Mumbai,2017-04-30,0.0114,Formal,4.04
LN102080,5055447,8.33,180,Navi Mumbai,2021-04-22,0.0531,Formal,7.06
LN102081,17342498,8.2,180,Mumbai Suburbs,2018-09-14,0.0493,Formal,7.29
LN102082,19451095,7.74,240,Mumbai Suburbs,2017-07-20,0.0335,Formal,4.26
LN102083,19557968,9.62,300,South Mumbai,2020-04-14,0.0354,Formal,6.52
LN102084,15501508,7.08,300,Navi Mumbai,2016-02-14,0.0805,Formal,5.92
LN102085,4293331,7.02,240,South Mumbai,2016-10-25,0.0348,Formal,7.34
LN102086,14457684,8.52,300,Mumbai Suburbs,2022-09-21,0.0438,Formal,6.79
LN102087,8253817,8.8,180,Mumbai Suburbs,2020-12-07,0.0899,Informal,6.43
LN102088,5335518,7.18,360,Navi Mumbai,2015-11-09,0.0853,Informal,7.24
LN102089,9589747,7.87,300,Mumbai Suburbs,2020-07-06,0.0457,Informal,4.56
LN102090,6222798,9.81,360,Navi Mumbai,2017-04-26,0.016,Informal,5.32
LN102091,12135474,7.36,360,South Mumbai,2019-05-03,0.0864,Informal,6.95
LN102092,15082610,8.84,180,South Mumbai,2016-01-02,0.0318,Formal,4.36
LN102093,10596394,9.09,360,Mumbai Suburbs,2022-02-19,0.0988,Formal,7.27
LN102094,12772676,8.07,300,Navi Mumbai,2019-10-25,0.0726,Formal,6.61
LN102095,18406301,9.78,180,Mumbai Suburbs,2018-04-22,0.0542,Formal,5.54
LN102096,11348533,9.08,240,Navi Mumbai,2018-03-31,0.0732,Formal,5.19
LN102097,11401929,8.1,180,Mumbai Suburbs,2022-04-05,0.0014,Formal,4.52
LN102098,18380319,8.49,300,Mumbai Suburbs,2022-01-23,0.1044,Formal,4.33
LN102099,2989968,8.92,180,Mumbai Suburbs,2019-07-04,0.0537,Formal,5.48
LN102100,6303943,8.57,300,Mumbai Suburbs,2018-11-12,0.065,Formal,6.95
LN102101,16453951,9.58,300,South Mumbai,2017-10-27,0.0427,Informal,5.86
LN102102,6497191,7.75,180,Navi Mumbai,2022-11-21,0.0549,Informal,5.58
LN102103,15121422,7.55,300,Navi Mumbai,2015-02-18,0.1079,Informal,5.12
LN102104,12004849,7.25,240,Mumbai Suburbs,2015-12-18,0.0519,Informal,4.55
LN102105,12232194,6.63,300,South Mumbai,2018-06-01,0.0475,Formal,7.47
LN102106,19034224,6.65,240,South Mumbai,2018-06-26,0.0805,Formal,4.09
LN102107,13458819,9.55,240,Navi Mumbai,2021-02-09,0.0693,Informal,5.09
LN102108,6137997,8.87,300,South Mumbai,2016-02-13,0.1066,Formal,6.69
LN102109,15084264,8.81,360,Navi Mumbai,2019-04-17,0,Formal,5.82
LN102110,8270518,8.65,240,Mumbai Suburbs,2020-05-13,0.0462,Informal,5.1
LN102111,13406973,9.47,240,Mumbai Suburbs,2016-02-13,0.0173,Informal,7.47
LN102112,9173321,8.18,180,Navi Mumbai,2016-09-22,0.0969,Formal,6.17
LN102113,8899284,9.55,240,South Mumbai,2019-11-05,0.0212,Informal,5.03
LN102114,2003171,7.76,240,Mumbai Suburbs,2017-08-03,0.0699,Formal,6.97
LN102115,17147083,9.74,240,Navi Mumbai,2019-02-26,0.0208,Formal,4.53
LN102116,15636519,8.95,240,Mumbai Suburbs,2017-12-02,0.045,Formal,5.62
LN102117,2370485,7.4,360,Mumbai Suburbs,2022-01-18,0.0301,Informal,6.94
LN102118,8045900,8.47,240,Mumbai Suburbs,2015-03-13,0.0598,Formal,7.44
LN102119,19458292,8.37,300,South Mumbai,2015-12-27,0.1208,Informal,5.34
LN102120,1981883,6.98,360,South Mumbai,2021-01-26,0.0172,Formal,4.48
LN102121,2668321,8.57,240,Mumbai Suburbs,2015-05-12,0.0259,Formal,5.98
LN102122,14296138,7.6,300,Mumbai Suburbs,2020-06-23,0.0779,Formal,7.3
LN102123,11007310,6.68,300,Mumbai Suburbs,2015-03-06,0.0554,Formal,6.33
LN102124,7154512,9.82,360,Mumbai Suburbs,2017-05-10,0.0218,Formal,6.11
LN102125,6418952,8.75,360,South Mumbai,2015-08-01,0.0459,Formal,5.08
LN102126,5264423,9.57,300,Mumbai Suburbs,2019-12-24,0.0146,Informal,6.12
LN102127,11262330,8.87,360,South Mumbai,2017-12-19,0.0453,Informal,7.1
LN102128,14816653,7.75,360,South Mumbai,2018-02-17,0.0308,Formal,5.31
LN102129,9181883,8.29,180,Mumbai Suburbs,2018-05-10,0.0693,Formal,4.85
LN102130,16309784,8.87,360,Navi Mumbai,2020-10-16,0.0793,Formal,5.68
LN102131,2519603,9.86,180,South Mumbai,2017-01-19,0,Formal,5.32
LN102132,19527956,7.39,360,Mumbai Suburbs,2022-04-05,0.0632,Formal,5.64
LN102133,18640619,9.56,360,Mumbai Suburbs,2021-03-15,0,Formal,4.34
LN102134,10268511,9.73,300,South Mumbai,2016-04-05,0.0602,Informal,5.18
LN102135,17580018,8.85,180,Mumbai Suburbs,2018-08-24,0.1077,Informal,6.89
LN102136,18662637,9.76,360,Navi Mumbai,2016-04-23,0.0495,Formal,5.4
LN102137,1978836,7.89,240,Mumbai Suburbs,2020-06-26,0.0677,Informal,7.39
LN102138,15804511,9.84,360,South Mumbai,2016-04-10,0.0821,Formal,6.48
LN102139,19994397,8.96,300,Mumbai Suburbs,2019-08-24,0.0832,Formal,5.28
LN102140,9568438,6.65,300,Mumbai Suburbs,2018-07-06,0.085,Informal,4.88
LN102141,19333734,9.67,300,South Mumbai,2019-12-09,0.0731,Formal,6.4
LN102142,12872752,8.2,180,South Mumbai,2015-07-11,0.0374,Formal,5.06
LN102143,3659083,8.11,180,South Mumbai,2015-01-09,0.0793,Formal,7.24
LN102144,10625105,8.48,180,South Mumbai,2018-08-31,0.1047,Informal,4.41
LN102145,14994132,7.02,240,South Mumbai,2017-02-11,0.0745,Informal,4.1
LN102146,10935869,8.14,180,Mumbai Suburbs,2019-08-20,0.0657,Formal,4.77
LN102147,8880317,9.41,300,Mumbai Suburbs,2015-09-14,0.0098,Informal,6.12
LN102148,9281447,6.55,180,Navi Mumbai,2016-01-13,0.0281,Informal,6.92
LN102149,14424877,7.46,180,Mumbai Suburbs,2017-06-29,0.0384,Formal,4.6
LN102150,13927622,6.51,360,Navi Mumbai,2020-10-30,0.027,Formal,6.05
LN102151,4895958,7.95,180,Mumbai Suburbs,2020-02-13,0.0551,Formal,4.5
LN102152,14689493,9.05,360,South Mumbai,2020-12-15,0.0321,Formal,5.97
LN102153,2265898,9.3,180,Mumbai Suburbs,2022-06-30,0.086,Formal,4.06
LN102154,16918424,9.81,360,Navi Mumbai,2019-09-13,0.048,Informal,5.95
LN102155,3120539,8.63,300,South Mumbai,2016-01-10,0.0265,Informal,5.83
LN102156,18657628,7.39,180,South Mumbai,2021-11-24,0.0323,Formal,4.15
LN102157,6947148,9.73,300,Mumbai Suburbs,2015-12-04,0.0621,Informal,6.41
LN102158,4231185,9.21,180,Mumbai Suburbs,2015-10-09,0.0515,Informal,6
LN102159,19005553,8.51,240,Mumbai Suburbs,2017-04-19,0.0613,Formal,6.18
LN102160,12054686,8.93,240,South Mumbai,2015-11-27,0.0526,Formal,5.85
LN102161,18262030,9.74,300,South Mumbai,2021-11-02,0.1115,Formal,6.53
LN102162,10614742,8.99,300,Mumbai Suburbs,2018-11-08,0.0857,Formal,5.84
LN102163,14635242,7.79,240,Mumbai Suburbs,2021-03-25,0.0342,Formal,7.23
LN102164,2599908,9,240,Mumbai Suburbs,2016-05-18,0.0016,Formal,7.3
LN102165,19941628,6.64,360,Mumbai Suburbs,2017-07-31,0.0492,Informal,6.54
LN102166,6309792,7.85,180,Mumbai Suburbs,2015-11-01,0.0259,Formal,7.19
LN102167,3353847,7.92,240,South Mumbai,2018-07-20,0.0081,Formal,7.23
LN102168,12018754,7.08,300,Mumbai Suburbs,2022-10-17,0.0792,Informal,4.92
LN102169,3892478,6.58,300,South Mumbai,2018-09-22,0.0597,Informal,7.48
LN102170,19761333,6.97,240,Mumbai Suburbs,2022-11-13,0.0937,Informal,4.94
LN102171,11831890,8.79,300,Mumbai Suburbs,2020-07-01,0.0578,Formal,4.06
LN102172,14451286,9.31,180,South Mumbai,2021-03-23,0.0534,Formal,7.37
LN102173,6949852,9.96,360,South Mumbai,2021-05-10,0.0218,Formal,4.78
LN102174,1029725,7.71,180,South Mumbai,2020-06-05,0.0412,Formal,6.04
LN102175,15941550,8.6,360,South Mumbai,2019-08-16,0.0062,Formal,7.4
LN102176,10184536,9.78,360,Mumbai Suburbs,2020-10-16,0.0912,Formal,4.17
LN102177,15212223,7.08,240,Navi Mumbai,2020-02-14,0.0205,Informal,4.94
LN102178,18665252,9.01,300,Mumbai Suburbs,2016-08-20,0.0666,Formal,6.13
LN102179,17413806,9.14,360,Mumbai Suburbs,2019-02-09,0.0526,Formal,6.67
LN102180,3662761,6.81,240,Mumbai Suburbs,2018-10-26,0.0717,Formal,6.83
LN102181,15408889,9.51,300,Mumbai Suburbs,2020-06-03,0.061,Formal,7.09
LN102182,7524559,9.35,300,Navi Mumbai,2017-11-27,0.0203,Formal,4.59
LN102183,14128927,6.62,360,Navi Mumbai,2018-03-17,0.05,Informal,5.3
LN102184,14726569,6.82,300,Mumbai Suburbs,2022-10-23,0.098,Formal,6.5
LN102185,6627745,6.67,180,Navi Mumbai,2018-07-05,0.0353,Formal,6.5
LN102186,4911146,7.67,300,South Mumbai,2021-11-02,0.0947,Formal,5.08
LN102187,2707017,8.28,180,Mumbai Suburbs,2019-07-27,0.0798,Informal,5.06
LN102188,1689556,8.36,300,Navi Mumbai,2017-07-29,0.0642,Informal,5.12
LN102189,12245869,7.44,360,Mumbai Suburbs,2017-08-20,0.0378,Formal,7.12
LN102190,3253722,9.69,360,Navi Mumbai,2017-05-03,0.0682,Formal,7.18
LN102191,2649729,7.79,240,South Mumbai,2019-09-27,0.0447,Formal,4.05
LN102192,17415656,6.66,180,Mumbai Suburbs,2019-07-11,0.0931,Informal,5.14
LN102193,2116271,7.55,180,Navi Mumbai,2021-03-14,0.0214,Formal,5.37
LN102194,11916876,8.36,360,Mumbai Suburbs,2017-07-22,0.0692,Informal,7.44
LN102195,4099555,7.93,360,Mumbai Suburbs,2021-10-20,0.0609,Informal,7.3
LN102196,19458857,7.46,360,South Mumbai,2019-01-25,0.0699,Formal,6.2
LN102197,14650521,6.96,180,Mumbai Suburbs,2016-07-01,0.0815,Formal,4.16
LN102198,18293625,9.37,240,Navi Mumbai,2021-09-09,0.0334,Formal,4.67
LN102199,18443381,9.99,180,Mumbai Suburbs,2015-08-29,0.0333,Formal,5.52
LN102200,16231184,7.65,360,South Mumbai,2017-03-17,0.0665,Informal,7.36
LN102201,14825997,7.84,240,South Mumbai,2019-08-22,0.0889,Formal,4.33
LN102202,4710388,8.66,300,Navi Mumbai,2019-07-13,0.0525,Formal,6.77
LN102203,4235192,9.01,300,Mumbai Suburbs,2015-04-11,0.1031,Formal,4.67
LN102204,2935090,7.87,360,South Mumbai,2021-06-04,0.051,Formal,5.78
LN102205,4937270,9.67,240,South Mumbai,2018-12-25,0.0387,Formal,6.68
LN102206,7739013,8.46,360,Navi Mumbai,2016-04-01,0.0736,Formal,6.42
LN102207,8089975,8.08,180,Navi Mumbai,2019-08-22,0.0436,Formal,6.72
LN102208,9805586,8.76,180,South Mumbai,2018-07-22,0.044,Formal,6.85
LN102209,18810532,9.83,240,Mumbai Suburbs,2019-06-15,0.0678,Formal,5.07
LN102210,5819075,9.28,360,Mumbai Suburbs,2017-12-30,0.088,Informal,5.27
LN102211,12009646,6.64,360,Mumbai Suburbs,2019-01-04,0.0691,Informal,6.86
LN102212,15165372,7.66,300,Navi Mumbai,2017-01-17,0.0632,Formal,4.14
LN102213,12768963,8.15,240,Mumbai Suburbs,2022-04-19,0.1177,Informal,5.8
LN102214,15263315,7.6,360,Mumbai Suburbs,2017-01-02,0.0809,Formal,7.22
LN102215,15531095,8.95,180,Mumbai Suburbs,2015-05-10,0.0498,Formal,7.1
LN102216,4868452,9.39,360,Navi Mumbai,2018-01-04,0.0931,Formal,6.82
LN102217,9074037,9.06,360,Mumbai Suburbs,2020-12-19,0.0528,Formal,4.08
LN102218,2312743,9.96,180,South Mumbai,2022-03-06,0.0781,Informal,7.11
LN102219,14822356,7.45,180,Mumbai Suburbs,2021-07-19,0.0762,Formal,7.19
LN102220,11315813,9.56,360,Navi Mumbai,2020-11-12,0.0601,Formal,6.32
LN102221,13123053,9.18,180,Mumbai Suburbs,2022-06-29,0.0383,Formal,5.05
LN102222,17881411,7.77,300,Mumbai Suburbs,2019-08-31,0.0592,Informal,5.71
LN102223,8008443,9.07,300,Mumbai Suburbs,2020-02-24,0.0458,Formal,6.67
LN102224,17705808,6.86,300,South Mumbai,2022-07-11,0.0679,Formal,6.85
LN102225,10727094,9.26,180,South Mumbai,2016-02-02,0.0727,Informal,5.2
LN102226,19942467,8.36,180,South Mumbai,2020-07-26,0.0009,Formal,5.14
LN102227,10866460,7.52,180,Mumbai Suburbs,2021-04-16,0.0701,Informal,6.58
LN102228,8303693,8.8,240,Mumbai Suburbs,2015-01-01,0.1478,Informal,6.4
LN102229,11108631,8.75,180,Navi Mumbai,2019-05-16,0.0505,Formal,5.8
LN102230,12058916,7.23,300,Navi Mumbai,2016-03-21,0.0897,Formal,5.47
LN102231,8983439,6.61,300,Mumbai Suburbs,2020-03-08,0.0823,Informal,6.3
LN102232,9268541,8.02,300,Mumbai Suburbs,2016-07-01,0.0107,Formal,4.11
LN102233,10546263,8.49,240,South Mumbai,2020-02-07,0.0749,Formal,4.26
LN102234,2294929,9.57,360,South Mumbai,2019-10-28,0.0348,Informal,6.01
LN102235,3504594,9.75,300,South Mumbai,2016-09-03,0.0541,Formal,4.74
LN102236,19020510,8.35,240,Mumbai Suburbs,2016-10-12,0.0162,Formal,6.71
LN102237,8711634,9.14,360,South Mumbai,2016-02-21,0.0733,Informal,6.7
LN102238,16797566,8.04,240,South Mumbai,2021-08-12,0.0498,Formal,6.48
LN102239,3414802,9.11,240,Mumbai Suburbs,2017-11-30,0.1004,Informal,7.16
LN102240,17593301,7.22,360,Mumbai Suburbs,2021-10-03,0.0192,Formal,4.49
LN102241,1443031,7.8,180,Mumbai Suburbs,2017-11-14,0.0873,Informal,4.91
LN102242,17053323,8.72,180,Mumbai Suburbs,2021-12-23,0.0726,Formal,4.88
LN102243,16663645,6.56,300,South Mumbai,2015-09-06,0.0343,Formal,6.74
LN102244,8061183,9.03,360,South Mumbai,2015-07-07,0.0136,Formal,5.82
LN102245,12592111,9.42,300,South Mumbai,2020-11-16,0.0513,Formal,4.88
LN102246,1290998,7.9,240,South Mumbai,2022-07-14,0.0671,Formal,4.48
LN102247,5855920,8.07,180,Mumbai Suburbs,2019-01-27,0.028,Formal,7.13
LN102248,19605238,9.48,300,Mumbai Suburbs,2017-03-06,0.0315,Informal,6.42
LN102249,7367712,9.21,300,Mumbai Suburbs,2018-04-26,0.0897,Formal,5.85
LN102250,12437201,7.51,180,Mumbai Suburbs,2018-11-18,0.0366,Formal,7.38
LN102251,19187070,7.63,240,Navi Mumbai,2022-03-22,0.0774,Formal,6.97
LN102252,8997043,8.88,300,South Mumbai,2019-05-02,0.0966,Informal,4.62
LN102253,1181360,8.47,300,South Mumbai,2018-07-07,0.0359,Formal,5.78
LN102254,6532410,7.07,360,Mumbai Suburbs,2017-01-01,0.0225,Informal,5.7
LN102255,5138286,7.58,360,Mumbai Suburbs,2016-09-04,0.0862,Formal,6.96
LN102256,15713851,9.65,180,Mumbai Suburbs,2021-01-07,0.051,Formal,4.52
LN102257,12031669,8.91,180,Mumbai Suburbs,2019-09-24,0.0468,Formal,5.58
LN102258,9333100,9.95,240,South Mumbai,2021-01-21,0.1029,Formal,6.23
LN102259,7893728,9.18,240,Mumbai Suburbs,2017-05-14,0.052,Formal,7.31
LN102260,15451971,9.8,300,South Mumbai,2020-02-19,0.0683,Informal,7.15
LN102261,18089171,7.26,360,Mumbai Suburbs,2015-01-22,0.0117,Formal,5.87
LN102262,19904815,9.2,240,Navi Mumbai,2016-05-15,0.0577,Formal,6.12
LN102263,5933594,6.57,300,South Mumbai,2019-12-13,0.0336,Formal,6.98
LN102264,16697605,8.85,300,South Mumbai,2017-08-12,0.0448,Formal,6.61
LN102265,17599117,8.14,180,South Mumbai,2019-06-13,0.043,Formal,7.08
LN102266,5382794,7.71,360,South Mumbai,2020-09-20,0.099,Formal,7.14
LN102267,7699144,9.52,300,Mumbai Suburbs,2017-10-17,0.0401,Formal,6.91
LN102268,8867791,9.49,180,Mumbai Suburbs,2022-10-07,0.044,Formal,4.03
LN102269,14099507,6.58,300,Navi Mumbai,2015-04-10,0.106,Formal,5.09
LN102270,13285500,8.63,360,Mumbai Suburbs,2020-04-09,0.0493,Formal,5.41
LN102271,14246601,7.79,300,South Mumbai,2021-05-11,0.0414,Formal,6.37
LN102272,6289730,7.95,300,South Mumbai,2022-01-03,0.093,Formal,5.07
LN102273,12850700,9.41,240,South Mumbai,2015-06-29,0.0605,Formal,5.13
LN102274,4239536,7.58,240,South Mumbai,2015-12-08,0.0626,Formal,5.4
LN102275,16341821,9.8,180,Mumbai Suburbs,2021-02-20,0.069,Formal,7.34
LN102276,3326133,7.13,300,South Mumbai,2020-10-06,0.1002,Formal,5.53
LN102277,11128069,8.82,180,Navi Mumbai,2020-12-31,0.029,Informal,4.49
LN102278,11538832,8.85,360,Mumbai Suburbs,2021-11-14,0.0943,Formal,4.02
LN102279,8948140,7.38,180,Mumbai Suburbs,2019-04-20,0.0152,Formal,4.83
LN102280,6720626,7.64,300,Mumbai Suburbs,2022-05-09,0.0355,Formal,7.29
LN102281,14654772,9.42,240,Mumbai Suburbs,2018-03-14,0.0331,Formal,7.34
LN102282,7221714,9.17,240,Mumbai Suburbs,2016-01-09,0.0558,Formal,5.85
LN102283,7374825,7.65,180,Mumbai Suburbs,2017-10-29,0.0375,Formal,6.26
LN102284,6005858,8.37,240,South Mumbai,2017-11-24,0.0981,Formal,6.79
LN102285,9221252,6.72,300,Navi Mumbai,2018-12-23,0.0756,Informal,4.2
LN102286,4415871,7.23,300,South Mumbai,2019-10-10,0.0596,Formal,5.31
LN102287,19655187,8.2,360,Mumbai Suburbs,2016-04-01,0.0337,Formal,6.25
LN102288,13429667,6.8,240,Mumbai Suburbs,2021-08-11,0.102,Formal,7.14
LN102289,3866757,9.45,240,South Mumbai,2017-02-17,0.063,Formal,6.54
LN102290,11636547,9.01,360,South Mumbai,2017-02-22,0.0525,Informal,5.23
LN102291,13743293,9.8,180,South Mumbai,2017-11-21,0.0559,Formal,7.18
LN102292,6913318,8.93,360,Mumbai Suburbs,2015-03-29,0.0533,Formal,6.33
LN102293,19355185,9.79,240,Mumbai Suburbs,2019-12-06,0.0854,Informal,6.91
LN102294,14487010,8.44,180,Mumbai Suburbs,2019-03-18,0.0939,Formal,5.35
LN102295,13651832,8.6,300,Mumbai Suburbs,2022-02-03,0.0322,Informal,4.01
LN102296,12135784,9.92,300,South Mumbai,2019-12-07,0.0404,Formal,4.58
LN102297,12416757,8.75,360,Mumbai Suburbs,2021-03-27,0.0419,Formal,7.25
LN102298,4651387,6.61,300,Mumbai Suburbs,2018-08-12,0.0696,Formal,4.12
LN102299,11916027,9.03,240,Mumbai Suburbs,2019-12-13,0.0899,Formal,6.09
LN102300,2711672,9.67,360,Mumbai Suburbs,2015-10-24,0.0188,Formal,5.43
LN102301,6905950,9.28,240,Mumbai Suburbs,2016-04-27,0.0286,Informal,5.5
LN102302,4212883,8.54,240,South Mumbai,2018-11-11,0.0497,Formal,5.4
LN102303,4028631,8.85,180,Mumbai Suburbs,2021-08-07,0.076,Formal,4.24
LN102304,15218200,9.97,180,South Mumbai,2022-01-08,0.0318,Formal,4.43
LN102305,15987811,6.82,180,Mumbai Suburbs,2018-11-01,0.0484,Formal,4.22
LN102306,7423959,8.84,300,South Mumbai,2018-06-14,0.0384,Formal,4.19
LN102307,11167147,7.49,180,Navi Mumbai,2021-08-08,0.0827,Formal,4.3
LN102308,5024733,8.74,240,Mumbai Suburbs,2022-08-01,0.0567,Formal,6.44
LN102309,17721115,8.63,360,Mumbai Suburbs,2016-12-26,0.0381,Informal,4.4
LN102310,10802630,7.04,360,Mumbai Suburbs,2019-03-09,0.0247,Formal,4.92
LN102311,10340854,7.22,240,Navi Mumbai,2021-12-26,0.0481,Informal,6.3
LN102312,1019675,8.68,300,Mumbai Suburbs,2022-07-26,0.0521,Formal,4.39
LN102313,18264015,6.95,360,South Mumbai,2015-05-24,0.0854,Formal,7.19
LN102314,7810805,7.43,240,Navi Mumbai,2019-01-22,0.0905,Formal,5.67
LN102315,5464344,9.42,240,Mumbai Suburbs,2019-12-23,0.0245,Informal,7.37
LN102316,15057676,7.64,240,Mumbai Suburbs,2021-06-16,0.0895,Formal,4.67
LN102317,11797637,8.21,360,Navi Mumbai,2021-06-14,0.0814,Formal,4.11
LN102318,13310059,9.79,360,South Mumbai,2018-08-19,0.0441,Formal,6.07
LN102319,1566088,7.3,180,South Mumbai,2019-06-21,0.0827,Formal,5.15
LN102320,14727532,7.86,180,Mumbai Suburbs,2015-05-19,0.0362,Informal,6
LN102321,7558947,8.62,240,Mumbai Suburbs,2017-11-08,0.0722,Formal,5.66
LN102322,11151607,9.14,240,Mumbai Suburbs,2022-05-20,0.1328,Formal,5.6
LN102323,1658003,9.66,240,Mumbai Suburbs,2016-05-28,0.0669,Formal,6.98
LN102324,11788689,9.7,240,Mumbai Suburbs,2021-08-04,0.0497,Formal,4.67
LN102325,1805113,9.22,360,Mumbai Suburbs,2018-02-12,0.0206,Informal,5.75
LN102326,10322004,7.3,180,Navi Mumbai,2018-11-28,0.0625,Informal,5.46
LN102327,6028035,6.59,300,South Mumbai,2017-09-26,0.0899,Formal,6.36
LN102328,12551409,7.84,240,Mumbai Suburbs,2017-02-15,0.0387,Formal,4.18
LN102329,16433222,7,180,Mumbai Suburbs,2018-10-17,0.0762,Formal,5.85
LN102330,3092101,8.99,240,Mumbai Suburbs,2019-06-23,0.0521,Formal,5.67
LN102331,6995134,8.81,360,Mumbai Suburbs,2019-07-23,0.048,Formal,7.41
LN102332,11347918,6.65,300,South Mumbai,2018-09-11,0.0747,Formal,6.65
LN102333,7208714,9.43,180,Mumbai Suburbs,2022-06-13,0.0032,Formal,4.54
LN102334,11552467,7.37,180,Mumbai Suburbs,2021-01-28,0.0543,Informal,5.78
LN102335,13834263,8.01,300,Mumbai Suburbs,2016-09-02,0.0896,Formal,6.74
LN102336,13124052,8.84,360,Mumbai Suburbs,2017-11-23,0.0545,Formal,5.84
LN102337,11072959,8,300,Mumbai Suburbs,2015-11-15,0.0602,Informal,5.25
LN102338,19289976,8.04,180,Mumbai Suburbs,2021-05-19,0.056,Formal,5.32
LN102339,10851044,6.73,300,Mumbai Suburbs,2020-03-05,0.1174,Informal,5.28
LN102340,13834836,7.91,360,Mumbai Suburbs,2019-11-24,0.0715,Formal,4.07
LN102341,19640452,9.18,360,Mumbai Suburbs,2022-09-27,0.0217,Informal,6.56
LN102342,12962073,9.7,240,Mumbai Suburbs,2018-10-01,0.034,Informal,6.14
LN102343,16851428,7.95,300,South Mumbai,2021-03-04,0.0628,Formal,4.94
LN102344,13155863,7.98,300,South Mumbai,2016-10-05,0.0977,Formal,6.21
LN102345,10988400,8.96,180,Navi Mumbai,2015-01-09,0.0798,Formal,5.08
LN102346,13863378,9.8,360,Mumbai Suburbs,2019-02-20,0.0898,Formal,4.85
LN102347,18228146,7.43,300,Mumbai Suburbs,2020-10-06,0.0261,Formal,6.59
LN102348,14981528,8.04,180,South Mumbai,2019-12-03,0.0789,Formal,6.83
LN102349,8402324,9.29,240,Navi Mumbai,2020-06-09,0.0379,Formal,6.19
LN102350,15293436,8.63,300,Mumbai Suburbs,2015-05-07,0.0564,Formal,6.74
LN102351,13065969,6.89,300,Navi Mumbai,2022-10-23,0.0855,Formal,5.28
LN102352,6403252,8.7,180,Navi Mumbai,2020-01-19,0.0429,Formal,4.25
LN102353,17868222,7.15,180,Navi Mumbai,2017-07-14,0.0168,Formal,6.12
LN102354,5151785,8.29,360,Navi Mumbai,2021-04-11,0.049,Informal,4.9
LN102355,13467192,8.35,360,South Mumbai,2021-02-22,0.0636,Formal,6.72
LN102356,18465941,9.57,360,Navi Mumbai,2020-11-11,0.0805,Formal,5.25
LN102357,17983703,8.12,300,South Mumbai,2019-12-18,0.0333,Informal,6.35
LN102358,4637820,7.48,180,Navi Mumbai,2015-04-13,0.0434,Formal,5.94
LN102359,4284321,7.31,360,South Mumbai,2016-01-14,0.0665,Informal,6.86
LN102360,18456057,9.56,300,Mumbai Suburbs,2022-04-23,0.0764,Formal,6.91
LN102361,15960682,7.1,360,South Mumbai,2021-12-20,0.0661,Formal,4.24
LN102362,12327910,7.99,240,Mumbai Suburbs,2018-12-16,0.0556,Formal,5.03
LN102363,9433840,7.16,300,South Mumbai,2016-06-06,0.0378,Informal,7.05
LN102364,16140449,9.21,360,Mumbai Suburbs,2022-10-11,0.0866,Informal,5.41
LN102365,16463365,8.16,360,Navi Mumbai,2018-03-23,0.0964,Formal,5.8
LN102366,14609569,7.73,240,Mumbai Suburbs,2020-06-08,0.0425,Formal,4.64
LN102367,2379904,7.76,240,South Mumbai,2015-04-06,0.0458,Formal,5.93
LN102368,8353172,9.48,360,Mumbai Suburbs,2018-02-10,0.0805,Formal,4.93
LN102369,2437188,8.44,360,South Mumbai,2019-09-11,0.065,Formal,6.9
LN102370,2656321,9.01,180,Mumbai Suburbs,2020-08-31,0.0775,Informal,4.7
LN102371,1538645,9.64,360,Navi Mumbai,2021-08-18,0.0681,Formal,5.26
LN102372,17374601,9.66,360,Mumbai Suburbs,2020-11-10,0.0714,Formal,4.33
LN102373,6832801,7.65,180,South Mumbai,2015-05-13,0.0478,Formal,6.06
LN102374,12218063,9.83,180,Mumbai Suburbs,2020-11-12,0.0001,Formal,7.3
LN102375,11891900,6.59,360,Navi Mumbai,2017-11-17,0.0658,Formal,4.61
LN102376,7550091,7.82,180,South Mumbai,2015-08-26,0.0807,Formal,4.07
LN102377,11999077,9.64,300,Mumbai Suburbs,2022-09-24,0.0686,Formal,5.48
LN102378,8370683,7.46,240,Mumbai Suburbs,2016-06-07,0.0376,Informal,6.62
LN102379,19944570,7.46,300,Mumbai Suburbs,2020-11-11,0.0426,Formal,7.41
LN102380,7439522,7.56,240,Navi Mumbai,2021-10-13,0.1337,Formal,4.18
LN102381,17492575,8.64,240,Mumbai Suburbs,2022-02-20,0.0706,Formal,6.75
LN102382,4471750,8.03,360,Mumbai Suburbs,2016-10-30,0,Formal,5.29
LN102383,3765331,9.04,240,Mumbai Suburbs,2019-08-07,0.0428,Formal,4.54
LN102384,9976766,9.63,300,South Mumbai,2020-05-13,0.0535,Formal,4.67
LN102385,3630723,8.86,360,South Mumbai,2022-12-13,0.0228,Informal,7.23
LN102386,18642355,7.22,180,Mumbai Suburbs,2018-03-19,0.0561,Formal,6.83
LN102387,17152789,9.76,300,South Mumbai,2016-07-02,0.0452,Formal,5.09
LN102388,10967246,7.43,360,Navi Mumbai,2020-10-25,0.0659,Formal,7.29
LN102389,8543159,7.02,240,South Mumbai,2017-12-16,0.0515,Informal,4.37
LN102390,6384935,6.81,300,South Mumbai,2017-04-25,0.039,Formal,5.13
LN102391,13155092,8.47,240,Mumbai Suburbs,2015-07-30,0.0498,Informal,6.29
LN102392,15514254,6.9,360,South Mumbai,2020-05-30,0.0854,Formal,7.5
LN102393,15563931,6.99,360,Mumbai Suburbs,2022-04-17,0.0619,Formal,5.63
LN102394,19988954,7.55,180,Mumbai Suburbs,2021-07-22,0.0535,Informal,6.84
LN102395,6692796,7.49,180,Mumbai Suburbs,2019-05-08,0.0705,Formal,7.21
LN102396,3639929,8.61,300,Navi Mumbai,2020-12-30,0.06,Formal,4.03
LN102397,4133211,9.36,180,Mumbai Suburbs,2019-04-03,0.0268,Formal,5.01
LN102398,15144368,9.16,240,South Mumbai,2021-11-24,0.0806,Formal,4.35
LN102399,17019902,7.42,240,Navi Mumbai,2019-02-18,0.0413,Informal,6.72
LN102400,12616152,7.36,180,Mumbai Suburbs,2022-05-07,0.0497,Formal,5.98
LN102401,2726199,9.88,180,Mumbai Suburbs,2022-08-24,0.0146,Formal,4.33
LN102402,13858621,6.53,180,Mumbai Suburbs,2022-04-04,0.0847,Formal,5.47
LN102403,13756935,9.58,300,South Mumbai,2020-01-09,0.0637,Formal,5.8
LN102404,6071915,7.2,300,Navi Mumbai,2018-11-27,0.0685,Informal,6.44
LN102405,1443945,9.82,240,Mumbai Suburbs,2015-11-24,0.0844,Informal,6.73
LN102406,7310114,7.7,300,Mumbai Suburbs,2017-05-04,0.0847,Formal,4.31
LN102407,17798469,8.04,300,South Mumbai,2015-06-08,0.0389,Informal,5.71
LN102408,3276787,8.97,360,Mumbai Suburbs,2015-04-24,0.0604,Formal,4.56
LN102409,8690840,8.56,240,Mumbai Suburbs,2016-06-23,0.0574,Formal,6.64
LN102410,10338770,7.61,240,South Mumbai,2016-01-03,0.0546,Formal,6.3
LN102411,16342276,8.44,180,Mumbai Suburbs,2021-01-06,0.0359,Formal,6.53
LN102412,16200562,9.06,360,Mumbai Suburbs,2017-07-28,0.1028,Informal,4.26
LN102413,2274634,6.65,180,Mumbai Suburbs,2018-02-03,0.0904,Formal,5.79
LN102414,3755063,6.54,300,Mumbai Suburbs,2017-08-05,0.0733,Formal,6.94
LN102415,2228807,8.1,240,Mumbai Suburbs,2022-07-28,0.1007,Informal,6.5
LN102416,17286171,6.96,300,South Mumbai,2015-07-01,0.0742,Formal,7.02
LN102417,13902884,8.83,300,Mumbai Suburbs,2022-05-10,0.0509,Formal,4.72
LN102418,8601748,7.25,360,Mumbai Suburbs,2022-03-06,0.0474,Formal,5
LN102419,5463158,8.01,360,Mumbai Suburbs,2016-10-20,0.0716,Informal,5.54
LN102420,9803208,7.19,240,Navi Mumbai,2021-10-01,0.0187,Informal,5.83
LN102421,3269070,8.42,240,South Mumbai,2022-05-08,0.086,Formal,4.88
LN102422,5413359,6.91,360,South Mumbai,2019-03-13,0.0111,Informal,5.33
LN102423,8640167,6.58,360,South Mumbai,2022-05-07,0.0931,Informal,6.4
LN102424,8322153,6.68,360,South Mumbai,2017-05-12,0.0749,Formal,6.26
LN102425,10837371,9.84,360,South Mumbai,2020-05-05,0.1185,Formal,4.39
LN102426,3519507,7,240,Navi Mumbai,2016-02-21,0.0654,Formal,7.45
LN102427,14454789,8.98,240,South Mumbai,2020-08-12,0.0797,Formal,5.97
LN102428,19033931,6.74,300,Mumbai Suburbs,2021-10-23,0.0809,Informal,5.69
LN102429,9468865,6.88,300,South Mumbai,2020-09-06,0.0334,Informal,7.39
LN102430,19303750,8.28,300,Mumbai Suburbs,2018-08-27,0.028,Formal,4.49
LN102431,18601359,8.13,240,Navi Mumbai,2018-07-04,0.032,Informal,5.9
LN102432,17001900,9.83,180,South Mumbai,2018-01-11,0.059,Formal,6.82
LN102433,15890609,9.81,300,Navi Mumbai,2019-03-21,0.0598,Formal,5.4
LN102434,1371616,9.23,180,Navi Mumbai,2021-11-12,0.061,Formal,6.58
LN102435,19737371,8.61,180,Mumbai Suburbs,2015-08-02,0.0748,Informal,7.15
LN102436,10163766,8.09,180,Mumbai Suburbs,2021-09-28,0.0377,Informal,4.92
LN102437,19546183,7.75,360,Mumbai Suburbs,2015-05-16,0.0852,Formal,4.85
LN102438,15451300,9.81,240,Navi Mumbai,2016-03-10,0.0729,Informal,5.26
LN102439,1279215,8.61,240,South Mumbai,2021-01-08,0.1074,Informal,5.46
LN102440,16748714,8.53,300,Mumbai Suburbs,2022-10-10,0.0729,Formal,4.39
LN102441,3843236,7.31,300,Mumbai Suburbs,2017-03-25,0.0579,Formal,4.81
LN102442,13126467,6.66,240,South Mumbai,2017-03-21,0.1244,Informal,7.06
LN102443,8379933,9.81,360,Navi Mumbai,2020-12-20,0.0575,Formal,5.98
LN102444,2960584,7.6,240,Mumbai Suburbs,2019-08-27,0.0687,Formal,4.94
LN102445,18355904,8.05,180,Mumbai Suburbs,2022-04-20,0.073,Formal,7.3
LN102446,16884862,6.9,240,Mumbai Suburbs,2019-02-21,0.0879,Informal,6.71
LN102447,5226156,9.43,360,South Mumbai,2022-12-30,0.0626,Informal,5.27
LN102448,17567828,6.6,240,South Mumbai,2017-05-04,0.143,Formal,6.68
LN102449,8983372,9.42,240,Mumbai Suburbs,2021-05-22,0.0428,Informal,6.09
LN102450,12590817,6.99,240,Mumbai Suburbs,2016-09-21,0.1047,Formal,6.39
LN102451,9127747,9.6,180,South Mumbai,2017-02-08,0.0161,Formal,5.13
LN102452,14829625,9.05,300,South Mumbai,2020-10-11,0.0305,Informal,4.73
LN102453,18017184,7.08,360,Mumbai Suburbs,2015-08-21,0.0133,Formal,4.89
LN102454,3592536,8.48,180,Navi Mumbai,2022-03-09,0.0322,Formal,4.29
LN102455,12364243,7.59,240,Navi Mumbai,2018-06-08,0.0109,Formal,5.65
LN102456,6504381,7.12,240,South Mumbai,2016-05-10,0.0632,Formal,5.42
LN102457,18296381,9.51,300,Mumbai Suburbs,2021-03-26,0.0332,Formal,4.01
LN102458,4878363,7.91,300,Navi Mumbai,2021-05-14,0.1054,Formal,7
LN102459,18804773,7.89,300,Mumbai Suburbs,2022-11-07,0.0751,Informal,6.39
LN102460,8435697,7.09,180,Navi Mumbai,2018-04-02,0.062,Formal,5.56
LN102461,6898885,7.84,360,Navi Mumbai,2016-03-25,0.068,Formal,7.38
LN102462,8601723,9.55,300,South Mumbai,2022-03-06,0.0794,Informal,7.29
LN102463,8946155,7.77,240,South Mumbai,2016-06-24,0.0958,Informal,4.33
LN102464,16850872,9.83,360,South Mumbai,2015-08-22,0.0451,Formal,6.15
LN102465,11384778,9.81,240,South Mumbai,2020-01-14,0.0396,Formal,6.86
LN102466,13277185,7.01,240,Navi Mumbai,2017-06-22,0.0724,Informal,4.61
LN102467,6688238,7.12,360,Navi Mumbai,2022-02-16,0.1071,Formal,4.45
LN102468,14874539,9.52,180,South Mumbai,2020-03-02,0.0191,Formal,4.91
LN102469,7703560,7.87,360,Mumbai Suburbs,2018-05-08,0.072,Formal,4.98
LN102470,19562775,6.52,300,Mumbai Suburbs,2016-04-14,0.0987,Formal,7.38
LN102471,9697057,7.46,360,Mumbai Suburbs,2015-09-20,0.0785,Formal,6.73
LN102472,1533634,8.59,300,Mumbai Suburbs,2020-06-08,0.07,Formal,4.21
LN102473,9578845,9.3,300,Navi Mumbai,2022-03-27,0.0762,Formal,6.75
LN102474,9102873,6.97,360,South Mumbai,2022-12-12,0.1141,Formal,4.59
LN102475,10244655,6.89,360,South Mumbai,2019-02-15,0.0838,Informal,5.25
LN102476,5623636,9.73,300,South Mumbai,2022-11-03,0.0135,Informal,5.11
LN102477,16325339,9.13,240,Mumbai Suburbs,2022-10-22,0.0575,Formal,4.95
LN102478,6334233,8.56,360,Mumbai Suburbs,2016-03-13,0.0626,Formal,5.08
LN102479,2406368,9.19,180,Mumbai Suburbs,2020-01-28,0.0908,Informal,6.64
LN102480,6785267,8,300,Mumbai Suburbs,2020-09-14,0.0625,Formal,4.93
LN102481,19001960,9.15,240,Mumbai Suburbs,2020-10-14,0.0605,Informal,6.8
LN102482,17150865,7.8,360,Mumbai Suburbs,2018-12-10,0.0613,Formal,4.32
LN102483,19908234,7.35,360,Mumbai Suburbs,2017-10-16,0.0672,Formal,6.08
LN102484,12639736,9.05,240,Navi Mumbai,2019-11-20,0.0572,Formal,7.02
LN102485,17067759,7.97,180,Navi Mumbai,2021-03-27,0.0474,Informal,4.28
LN102486,4489429,9.93,300,South Mumbai,2022-10-27,0.0556,Formal,6.22
LN102487,16866128,7.72,360,Mumbai Suburbs,2022-03-12,0.0692,Informal,5.79
LN102488,7478443,9.73,180,Navi Mumbai,2018-05-15,0.0786,Formal,5.16
LN102489,11897034,9.77,300,South Mumbai,2015-04-14,0.1421,Formal,4.35
LN102490,11919694,7.35,180,Mumbai Suburbs,2019-02-25,0.0201,Formal,6.37
LN102491,18071962,9.29,300,Mumbai Suburbs,2021-10-23,0.0776,Formal,5.08
LN102492,6710754,8.02,300,South Mumbai,2021-07-14,0.1043,Formal,5.19
LN102493,6432019,9.71,180,South Mumbai,2018-10-13,0.0368,Formal,6.51
LN102494,19479375,8.08,300,Mumbai Suburbs,2016-12-27,0.0805,Formal,7.31
LN102495,11392034,9.11,360,Mumbai Suburbs,2015-03-21,0.0491,Formal,5.17
LN102496,17394487,8.13,360,Navi Mumbai,2017-06-01,0.0445,Informal,6.61
LN102497,9512558,7.3,180,Navi Mumbai,2020-01-27,0.038,Informal,7.35
LN102498,13912550,7.2,180,South Mumbai,2019-02-13,0.0573,Formal,4.34
LN102499,14183429,7.99,300,South Mumbai,2017-08-14,0.0562,Formal,5.85
LN102500,18930440,9.14,300,Mumbai Suburbs,2017-10-25,0.0826,Formal,4.04
LN102501,3650235,8.62,180,Mumbai Suburbs,2018-08-30,0.0167,Formal,6.89
LN102502,5740039,8.91,240,Mumbai Suburbs,2015-11-12,0.0855,Formal,5
LN102503,11129142,7.49,180,South Mumbai,2017-07-11,0.0848,Formal,5.16
LN102504,10693374,8.19,240,South Mumbai,2015-07-18,0.0693,Informal,6.41
LN102505,3676517,6.66,240,Mumbai Suburbs,2015-01-30,0.1286,Informal,6.76
LN102506,5307086,9.36,180,South Mumbai,2022-12-21,0.097,Formal,5.4
LN102507,8331006,9.96,180,Navi Mumbai,2021-10-22,0.045,Informal,6.33
LN102508,9329442,7.92,180,South Mumbai,2015-12-18,0.0243,Formal,7.35
LN102509,9831924,6.54,240,Navi Mumbai,2015-10-16,0.0394,Formal,7.1
LN102510,7168563,7.09,360,Navi Mumbai,2019-10-12,0.0426,Informal,6.45
LN102511,4456653,8.78,360,Mumbai Suburbs,2019-06-10,0.0052,Formal,7.3
LN102512,18252811,8.64,180,Mumbai Suburbs,2022-04-28,0.0748,Informal,7.07
LN102513,2888806,9.26,180,Mumbai Suburbs,2018-11-10,0.0206,Formal,6.55
LN102514,12633032,7.39,300,South Mumbai,2020-10-28,0.067,Formal,7.21
LN102515,19925307,9.17,300,Mumbai Suburbs,2018-09-03,0.0881,Formal,6.86
LN102516,4961676,8.91,300,Mumbai Suburbs,2016-09-17,0.102,Informal,5.76
LN102517,2760462,7.63,180,Mumbai Suburbs,2019-07-23,0.0525,Formal,5.76
LN102518,11627281,8.41,360,Mumbai Suburbs,2019-04-09,0.0385,Formal,4.03
LN102519,11011762,7.02,360,Mumbai Suburbs,2015-09-29,0.1001,Informal,4.11
LN102520,5058848,8.08,180,Mumbai Suburbs,2017-07-27,0.1052,Informal,6.61
LN102521,1809178,9.58,180,Mumbai Suburbs,2017-09-15,0.0805,Informal,5.94
LN102522,7934106,7.97,240,Mumbai Suburbs,2016-04-23,0.0392,Formal,6.66
LN102523,8486327,9.44,240,Mumbai Suburbs,2015-06-30,0.0205,Formal,7.32
LN102524,1721037,8.57,360,Navi Mumbai,2022-05-04,0.0935,Formal,5.58
LN102525,17530109,7.17,300,Mumbai Suburbs,2017-09-20,0.0582,Formal,4.31
LN102526,2021469,8.53,360,Mumbai Suburbs,2016-08-06,0.0972,Informal,6.19
LN102527,6779277,8.27,240,Mumbai Suburbs,2019-10-06,0.04,Informal,4.35
LN102528,11769914,7.9,360,Mumbai Suburbs,2022-05-13,0.0933,Informal,6.17
LN102529,3892371,6.92,240,Mumbai Suburbs,2015-08-25,0.1022,Formal,5.85
LN102530,11200944,7.96,240,South Mumbai,2017-10-27,0.0527,Formal,6.49
LN102531,13722456,6.75,300,Navi Mumbai,2020-03-19,0.0693,Informal,5.23
LN102532,17052493,6.85,300,South Mumbai,2017-08-12,0.0252,Informal,4.5
LN102533,18240217,7.96,240,Mumbai Suburbs,2019-12-29,0.0259,Informal,4.83
LN102534,11539669,7.57,180,South Mumbai,2015-03-29,0.0695,Formal,6.39
LN102535,14553746,9.74,300,South Mumbai,2018-11-01,0.0438,Informal,5.67
LN102536,18292909,7.81,240,Mumbai Suburbs,2015-12-27,0.0672,Formal,5.89
LN102537,18016233,9.15,180,Mumbai Suburbs,2022-01-25,0.0649,Formal,5.13
LN102538,18192210,8.36,180,Navi Mumbai,2020-11-09,0.0796,Formal,6.93
LN102539,1941768,8.96,360,South Mumbai,2019-04-28,0.0759,Informal,7.5
LN102540,16132955,7.41,360,South Mumbai,2015-09-07,0.0876,Formal,5.09
LN102541,11228691,9.8,300,South Mumbai,2022-05-10,0.0668,Formal,6.52
LN102542,9043846,8.36,180,Mumbai Suburbs,2019-08-12,0.0692,Formal,4.6
LN102543,18854157,9.41,300,Navi Mumbai,2015-01-17,0.0599,Formal,6.6
LN102544,1465982,7.78,240,Mumbai Suburbs,2021-05-19,0.0915,Formal,5.51
LN102545,1273146,6.85,300,Mumbai Suburbs,2021-06-14,0.1152,Formal,6.12
LN102546,14907579,8.86,180,Navi Mumbai,2015-08-20,0.0825,Formal,4.83
LN102547,6453174,6.53,360,South Mumbai,2015-10-03,0.0749,Formal,6.98
LN102548,7124152,8.16,300,Mumbai Suburbs,2017-08-19,0.0535,Formal,4.61
LN102549,2164795,7.17,360,Mumbai Suburbs,2022-08-14,0.0673,Formal,7.25
LN102550,10777938,8.7,300,South Mumbai,2022-02-22,0.0482,Formal,4.21
LN102551,14767053,9.93,240,South Mumbai,2022-10-16,0.0415,Formal,5.01
LN102552,3409381,8.13,180,South Mumbai,2021-09-08,0.0541,Formal,5.97
LN102553,14141428,9.36,300,Navi Mumbai,2017-09-03,0.1137,Formal,7
LN102554,8026492,8.28,240,Mumbai Suburbs,2017-09-21,0.0575,Informal,6.02
LN102555,12959207,8.24,240,Navi Mumbai,2018-09-05,0.1087,Formal,4.76
LN102556,1077175,9.76,240,Mumbai Suburbs,2019-02-05,0.0308,Informal,7.01
LN102557,12074355,9.61,360,Mumbai Suburbs,2015-06-12,0.0642,Formal,6.09
LN102558,19856024,9.25,360,Mumbai Suburbs,2020-07-23,0.0816,Formal,4.81
LN102559,19134669,7.54,240,Navi Mumbai,2020-06-11,0.0832,Formal,5.97
LN102560,17872244,8.41,240,South Mumbai,2016-07-21,0.0275,Formal,6.36
LN102561,2558242,7.28,300,Mumbai Suburbs,2019-01-29,0.0235,Formal,6.38
LN102562,14074362,8.05,300,Mumbai Suburbs,2016-05-04,0.0786,Informal,6.53
LN102563,16821133,8.19,180,Navi Mumbai,2020-05-02,0.0434,Informal,7.14
LN102564,5319453,9.41,300,Navi Mumbai,2019-07-20,0.079,Informal,6.89
LN102565,6445315,9.64,180,Mumbai Suburbs,2018-12-12,0.1031,Informal,6.13
LN102566,9552442,7.95,180,South Mumbai,2018-11-29,0.0403,Formal,4.11
LN102567,10618395,6.56,180,South Mumbai,2017-06-02,0.0443,Formal,6.62
LN102568,4012359,9.52,360,Navi Mumbai,2022-03-11,0,Informal,7.41
LN102569,10714177,7.11,300,Mumbai Suburbs,2020-02-29,0.084,Informal,5.07
LN102570,17072552,8.68,240,South Mumbai,2018-06-26,0.1239,Formal,6.12
LN102571,10805436,6.59,180,Navi Mumbai,2016-11-13,0.0226,Formal,6.69
LN102572,8204776,7.9,240,South Mumbai,2021-03-31,0.0973,Formal,6.24
LN102573,6051646,9.95,180,Mumbai Suburbs,2015-01-17,0.1001,Formal,7.23
LN102574,4625654,6.85,300,Mumbai Suburbs,2018-07-09,0.0835,Informal,5.66
LN102575,1285711,7.98,180,South Mumbai,2021-04-24,0.0418,Formal,5.86
LN102576,10511997,7.58,300,Mumbai Suburbs,2015-11-03,0.0527,Informal,4.13
LN102577,18353135,9.67,240,South Mumbai,2020-01-05,0.0766,Informal,7.15
LN102578,15689949,9.54,300,Mumbai Suburbs,2019-08-16,0.0757,Formal,4.92
LN102579,10241354,7.33,240,Mumbai Suburbs,2015-03-26,0.0525,Formal,7.42
LN102580,14958719,6.78,300,South Mumbai,2015-10-08,0.0738,Formal,4.71
LN102581,1422381,8.69,180,Navi Mumbai,2015-07-12,0.0492,Informal,4.89
LN102582,18753649,7.68,180,Mumbai Suburbs,2019-08-27,0.0566,Formal,5.7
LN102583,14043156,8.85,300,South Mumbai,2015-04-14,0.0539,Formal,6.31
LN102584,12059860,6.61,240,South Mumbai,2018-07-09,0.0928,Formal,5.54
LN102585,5900164,6.97,240,South Mumbai,2022-08-28,0.0171,Informal,5.23
LN102586,10909551,8.9,240,Navi Mumbai,2015-12-07,0.0795,Formal,5.89
LN102587,14952275,7.24,300,South Mumbai,2016-11-14,0.0708,Formal,7.35
LN102588,7336356,9.5,300,Mumbai Suburbs,2019-05-16,0,Formal,7.37
LN102589,18178283,6.71,300,Navi Mumbai,2021-01-12,0.0861,Formal,5.15
LN102590,14704180,7.25,300,Mumbai Suburbs,2020-07-25,0.0899,Formal,6.38
LN102591,1460796,9.99,240,Mumbai Suburbs,2020-11-19,0.0478,Informal,6.53
LN102592,8740616,8.02,240,Navi Mumbai,2022-04-17,0.0745,Formal,6.29
LN102593,15503356,8.96,360,Mumbai Suburbs,2015-03-05,0.068,Formal,4.4
LN102594,6994376,7.14,300,South Mumbai,2019-11-15,0.127,Informal,5.89
LN102595,6858338,8.63,360,Mumbai Suburbs,2017-11-06,0.0751,Formal,6.67
LN102596,5989904,9.04,300,Navi Mumbai,2015-11-23,0.0632,Formal,4.7
LN102597,10392609,7.6,360,Mumbai Suburbs,2016-11-09,0.0928,Informal,5.22
LN102598,18089239,9.4,240,Mumbai Suburbs,2022-11-07,0.1082,Formal,4.71
LN102599,12594207,8.61,240,Navi Mumbai,2020-11-13,0.1222,Formal,7.1
LN102600,7270016,7.86,360,Mumbai Suburbs,2020-07-14,0.0421,Formal,7
LN102601,8320583,8.45,180,South Mumbai,2017-03-09,0.0729,Formal,4.59
LN102602,8822636,8.52,300,South Mumbai,2015-03-15,0.0414,Formal,6.66
LN102603,4177902,7.08,360,Mumbai Suburbs,2020-04-08,0.1296,Formal,5.27
LN102604,18532327,7.91,360,South Mumbai,2018-02-17,0.0614,Formal,6.4
LN102605,16014061,7.7,180,Navi Mumbai,2022-10-12,0.0887,Formal,5.73
LN102606,2899054,7.9,240,Mumbai Suburbs,2019-10-09,0.055,Formal,5.65
LN102607,2550184,9.16,360,Mumbai Suburbs,2020-03-11,0.075,Formal,7.08
LN102608,9153113,8.19,240,Mumbai Suburbs,2017-11-20,0.0058,Formal,6.23
LN102609,4273523,9.79,300,Mumbai Suburbs,2015-01-07,0.0912,Formal,4.83
LN102610,13007956,7.53,180,Mumbai Suburbs,2020-08-21,0.0991,Formal,4.39
LN102611,14136003,7.95,240,South Mumbai,2017-02-10,0.0422,Formal,7.27
LN102612,12434523,9.25,360,Mumbai Suburbs,2021-11-17,0.0057,Formal,4.54
LN102613,8296405,8.41,180,Navi Mumbai,2018-05-03,0.1045,Informal,6.57
LN102614,15139308,8.41,180,Mumbai Suburbs,2015-06-01,0.1007,Formal,5.74
LN102615,9659522,6.69,180,Mumbai Suburbs,2016-10-13,0.0837,Informal,4.49
LN102616,17264021,7.9,180,South Mumbai,2018-02-09,0.0544,Formal,6.72
LN102617,18811802,7.45,180,Navi Mumbai,2020-10-13,0.0516,Formal,7.17
LN102618,7040502,10,300,Navi Mumbai,2015-01-12,0.1,Formal,4.43
LN102619,15319175,7.58,300,Mumbai Suburbs,2018-08-01,0.0504,Formal,4.23
LN102620,6547094,9.6,180,Mumbai Suburbs,2022-11-29,0.0647,Formal,6.97
LN102621,4100581,8.87,360,Mumbai Suburbs,2018-09-08,0.0598,Formal,5.75
LN102622,3661637,7.69,360,Mumbai Suburbs,2019-08-17,0.0698,Informal,6.36
LN102623,4672277,8.4,300,Navi Mumbai,2015-05-21,0.0568,Informal,5.55
LN102624,19861720,9.44,240,South Mumbai,2019-12-19,0.0603,Formal,5.44
LN102625,13545745,9.59,180,Mumbai Suburbs,2016-09-30,0.1137,Formal,5.05
LN102626,11643344,7.06,360,South Mumbai,2019-10-09,0.0757,Formal,5.97
LN102627,4021372,7.69,300,Mumbai Suburbs,2019-02-19,0.0715,Formal,4.56
LN102628,17077579,7.67,300,Mumbai Suburbs,2019-01-11,0.0847,Formal,6.51
LN102629,11776837,6.65,240,South Mumbai,2019-11-01,0.0264,Formal,5.92
LN102630,5854042,8.59,240,Mumbai Suburbs,2018-11-21,0.0905,Informal,6.97
LN102631,15503291,9.49,360,South Mumbai,2017-01-15,0.0691,Formal,7.22
LN102632,4830121,7.84,240,Mumbai Suburbs,2020-01-18,0.0415,Informal,7.15
LN102633,12951552,9.09,240,South Mumbai,2022-07-29,0.0571,Informal,6.1
LN102634,14838428,8.7,180,Mumbai Suburbs,2022-12-17,0.076,Formal,5.12
LN102635,19130540,7.81,300,Mumbai Suburbs,2016-11-19,0.0626,Formal,5.25
LN102636,4372455,6.99,300,Navi Mumbai,2019-01-08,0.0926,Informal,6.28
LN102637,5268173,8.98,240,Navi Mumbai,2015-09-18,0.0375,Formal,6.49
LN102638,7034722,9.49,300,South Mumbai,2020-11-19,0.0262,Formal,4.56
LN102639,10258415,8.9,300,South Mumbai,2022-05-05,0.0371,Informal,7.49
LN102640,17611127,6.56,360,Mumbai Suburbs,2019-06-02,0.0477,Formal,4.38
LN102641,5070028,7.26,300,Mumbai Suburbs,2021-07-25,0.064,Formal,6.12
LN102642,12053104,6.74,240,South Mumbai,2019-08-27,0.0501,Formal,5.86
LN102643,12260784,8.5,360,South Mumbai,2017-06-17,0.0244,Informal,6.07
LN102644,2369277,9.15,300,Mumbai Suburbs,2022-12-09,0.0194,Informal,5.87
LN102645,1749971,6.89,300,Navi Mumbai,2017-11-03,0.0216,Formal,4.2
LN102646,16711072,9.43,360,Navi Mumbai,2016-01-23,0.0513,Formal,7.49
LN102647,13554841,8.44,360,South Mumbai,2018-11-05,0.0357,Informal,7.43
LN102648,9222502,8.91,300,Mumbai Suburbs,2019-02-25,0.0485,Formal,5.84
LN102649,5460276,9.9,180,South Mumbai,2017-06-20,0.0998,Informal,4.73
LN102650,8456688,6.79,180,Mumbai Suburbs,2015-03-03,0.0249,Formal,4.64
LN102651,9874365,9.65,300,Mumbai Suburbs,2021-12-29,0.069,Informal,4.2
LN102652,19831592,6.94,300,Mumbai Suburbs,2018-07-25,0.0245,Formal,6.14
LN102653,18962327,7.88,360,Mumbai Suburbs,2015-06-02,0.02,Formal,5.67
LN102654,5961828,9.48,360,South Mumbai,2022-10-04,0.0711,Formal,5.46
LN102655,15226224,9.67,300,Mumbai Suburbs,2019-05-24,0.0802,Formal,5.84
LN102656,2500948,8.27,300,Navi Mumbai,2019-05-28,0.0837,Informal,7.05
LN102657,7327090,8.58,300,South Mumbai,2016-05-05,0.0933,Formal,4.25
LN102658,6837196,8.98,300,Mumbai Suburbs,2022-01-23,0.0547,Formal,5.9
LN102659,16226559,9.41,180,Mumbai Suburbs,2020-08-10,0.0682,Formal,6.45
LN102660,3702994,6.93,360,Mumbai Suburbs,2022-06-12,0.0484,Formal,7.4
LN102661,6557805,9.34,240,Navi Mumbai,2016-02-29,0.0988,Formal,6.59
LN102662,5902444,8.18,300,Mumbai Suburbs,2017-07-01,0.0327,Formal,5.92
LN102663,17969728,8.08,300,Mumbai Suburbs,2022-05-30,0.075,Informal,6.68
LN102664,15163986,7.98,300,Mumbai Suburbs,2015-02-09,0.028,Formal,7.49
LN102665,6845447,8.28,240,Navi Mumbai,2017-11-18,0.0633,Informal,7.11
LN102666,14293556,9.81,360,Mumbai Suburbs,2018-09-28,0.0118,Formal,4.31
LN102667,2549420,8.42,360,Navi Mumbai,2019-06-02,0.0668,Formal,6.01
LN102668,12737532,9.84,300,South Mumbai,2021-09-01,0.1192,Informal,6.75
LN102669,15937388,7.13,300,Mumbai Suburbs,2022-11-03,0.0432,Formal,6.35
LN102670,9312934,9.03,360,Mumbai Suburbs,2021-02-02,0.0527,Formal,5.46
LN102671,4900379,9.34,240,South Mumbai,2021-02-25,0.086,Formal,5.13
LN102672,4804409,8.88,300,South Mumbai,2015-09-17,0.0613,Formal,6.19
LN102673,12353540,8.62,240,Mumbai Suburbs,2015-09-05,0.0967,Formal,5.44
LN102674,7722055,8.48,240,Mumbai Suburbs,2018-04-02,0.0718,Informal,5.37
LN102675,16056024,9.51,360,Navi Mumbai,2015-09-29,0.0863,Informal,6.93
LN102676,16414106,9.38,300,Mumbai Suburbs,2017-10-01,0.0007,Informal,5.1
LN102677,10035949,6.93,180,South Mumbai,2016-03-11,0.0628,Formal,6.26
LN102678,19298198,9.47,360,Mumbai Suburbs,2022-12-26,0.0268,Formal,7.06
LN102679,7281646,7.95,360,South Mumbai,2017-04-26,0.0482,Informal,6.18
LN102680,7426288,7.39,180,Mumbai Suburbs,2022-05-17,0.073,Formal,5.72
LN102681,10590446,9.54,300,Mumbai Suburbs,2015-08-01,0.0531,Formal,4.12
LN102682,19941779,8.01,240,Navi Mumbai,2019-12-13,0.0365,Formal,6.39
LN102683,6281091,9.33,240,Mumbai Suburbs,2017-06-26,0.0976,Formal,7.49
LN102684,5408285,7.42,240,Navi Mumbai,2019-08-14,0.0902,Informal,6.83
LN102685,15945952,6.51,300,Mumbai Suburbs,2016-07-01,0.0188,Formal,6.22
LN102686,14363838,8.23,360,Mumbai Suburbs,2021-10-11,0.0829,Formal,5.64
LN102687,9012369,6.85,360,Mumbai Suburbs,2020-03-20,0.0651,Informal,4.79
LN102688,17481938,9.14,360,Mumbai Suburbs,2019-07-04,0.0671,Formal,6.42
LN102689,12044590,7.47,360,South Mumbai,2020-08-11,0.1067,Formal,4.62
LN102690,12633575,8.05,360,Navi Mumbai,2015-06-16,0.0646,Formal,7.1
LN102691,6059667,6.8,180,Mumbai Suburbs,2021-07-11,0.0814,Formal,5.24
LN102692,9090736,7.5,240,South Mumbai,2016-09-18,0.0664,Formal,5.4
LN102693,3985696,9.24,240,Navi Mumbai,2016-06-13,0.0666,Informal,4.76
LN102694,9826233,7.03,300,South Mumbai,2016-05-02,0.0322,Informal,5.69
LN102695,4301106,8.77,180,Navi Mumbai,2015-06-17,0.1336,Formal,6.38
LN102696,14781646,9.71,360,Mumbai Suburbs,2021-06-08,0,Formal,5.06
LN102697,19149286,8.88,360,Mumbai Suburbs,2016-11-21,0.0382,Informal,6.46
LN102698,11930625,9.34,360,Mumbai Suburbs,2021-12-30,0.0453,Formal,6.17
LN102699,10958665,6.88,180,Mumbai Suburbs,2020-11-15,0.0873,Formal,5.3
LN102700,10249677,7.38,300,South Mumbai,2015-03-21,0.0177,Formal,5.09
LN102701,15102737,9.63,180,South Mumbai,2021-10-09,0.0547,Formal,7.01
LN102702,14737336,9,300,South Mumbai,2020-07-01,0.0836,Formal,4.04
LN102703,15477978,8.74,240,Navi Mumbai,2017-12-15,0.0235,Formal,6.51
LN102704,18247745,8.82,300,South Mumbai,2016-01-01,0.0559,Formal,5.46
LN102705,17938661,7.95,240,Mumbai Suburbs,2021-02-17,0.055,Informal,6.51
LN102706,4834242,6.66,300,Navi Mumbai,2015-09-07,0.0421,Formal,5.78
LN102707,12671439,9.25,240,Navi Mumbai,2021-08-20,0.0611,Formal,4.29
LN102708,7494503,8.88,240,South Mumbai,2022-07-07,0.0472,Formal,7.44
LN102709,17725072,8.15,360,Navi Mumbai,2015-08-04,0.089,Formal,4.3
LN102710,1684029,9.65,300,South Mumbai,2018-04-19,0.0759,Formal,4.55
LN102711,6337355,7.68,360,Mumbai Suburbs,2022-06-07,0.0545,Formal,5.47
LN102712,16206634,7.53,240,Mumbai Suburbs,2022-03-12,0.062,Formal,7.31
LN102713,7981440,9.55,360,South Mumbai,2020-03-31,0.0483,Informal,5.03
LN102714,4999694,9.29,180,South Mumbai,2019-08-06,0.1001,Informal,5.99
LN102715,17684388,8.3,360,Mumbai Suburbs,2021-02-17,0.0736,Formal,5.83
LN102716,15324285,6.96,300,Mumbai Suburbs,2020-07-26,0.0558,Formal,5.16
LN102717,17986160,7.25,360,Navi Mumbai,2017-03-02,0.0732,Formal,6.44
LN102718,12214102,8.8,180,Mumbai Suburbs,2018-06-10,0.1167,Formal,5.76
LN102719,19138519,7.85,360,Navi Mumbai,2018-08-06,0.0394,Formal,6.02
LN102720,17553464,9.43,240,Mumbai Suburbs,2022-01-14,0.0865,Informal,4.74
LN102721,8964443,9.82,240,Navi Mumbai,2015-10-10,0.0724,Formal,7.24
LN102722,2197162,9.32,240,Mumbai Suburbs,2017-01-08,0.0535,Informal,4.39
LN102723,2046161,7.82,300,Navi Mumbai,2022-02-08,0.0381,Formal,6.42
LN102724,5688482,9.26,360,South Mumbai,2015-06-05,0.0858,Formal,7.1
LN102725,9348022,7.73,240,Mumbai Suburbs,2015-03-12,0.0687,Formal,4.29
LN102726,15911560,7.08,360,South Mumbai,2022-08-20,0.1033,Formal,4.1
LN102727,7983604,6.62,180,South Mumbai,2021-02-07,0.095,Formal,5.17
LN102728,11168293,7.85,180,Mumbai Suburbs,2015-07-02,0.069,Formal,6.76
LN102729,19674717,9.66,300,Mumbai Suburbs,2021-08-27,0.0383,Formal,6.51
LN102730,5754619,7.34,360,South Mumbai,2021-10-29,0.1216,Formal,6.88
LN102731,7465377,7.22,180,Mumbai Suburbs,2022-04-05,0.0414,Formal,5.39
LN102732,7129439,9.89,300,Mumbai Suburbs,2019-08-06,0.0849,Formal,7.48
LN102733,10061826,6.59,300,South Mumbai,2021-01-30,0.0068,Informal,5.28
LN102734,5902059,9.25,240,Mumbai Suburbs,2018-08-08,0.1071,Formal,6.82
LN102735,12049806,7.62,180,Mumbai Suburbs,2016-02-16,0,Formal,5.23
LN102736,7607912,6.63,360,South Mumbai,2020-12-08,0.0506,Formal,4.76
LN102737,6573694,9.71,180,Mumbai Suburbs,2017-06-02,0.0281,Formal,5.18
LN102738,18496623,6.99,180,Mumbai Suburbs,2022-07-06,0.1019,Informal,4.67
LN102739,18115129,8.43,360,Navi Mumbai,2015-08-17,0.0377,Formal,4.45
LN102740,13304378,7.46,360,South Mumbai,2016-12-06,0.0759,Informal,5.27
LN102741,18106037,6.73,240,Navi Mumbai,2016-06-16,0.068,Formal,4.51
LN102742,11569315,6.67,300,South Mumbai,2019-05-16,0.0166,Informal,5.76
LN102743,11089851,6.9,360,Mumbai Suburbs,2020-08-28,0.0909,Informal,4.12
LN102744,4887008,6.75,360,South Mumbai,2015-12-01,0.0595,Formal,5.51
LN102745,11200983,9.16,180,Navi Mumbai,2022-09-08,0.1052,Informal,7.35
LN102746,17616737,8.2,360,Mumbai Suburbs,2021-12-01,0.0784,Informal,5.26
LN102747,13016055,7.7,360,South Mumbai,2020-05-29,0.0372,Formal,4.48
LN102748,7725275,7.96,180,South Mumbai,2018-10-15,0.054,Formal,5.07
LN102749,4615652,9.75,180,South Mumbai,2019-06-03,0.0531,Formal,6.77
LN102750,9457411,9.69,180,South Mumbai,2018-04-02,0.0833,Informal,5.1
LN102751,18584960,9,240,Mumbai Suburbs,2016-04-22,0.0824,Formal,5.34
LN102752,10137344,9.6,300,Mumbai Suburbs,2022-03-09,0.0398,Formal,6.76
LN102753,6720622,7.62,360,Navi Mumbai,2019-10-30,0.0884,Formal,4.91
LN102754,17455442,7.83,180,Navi Mumbai,2019-04-17,0.0722,Formal,5.67
LN102755,9634012,8.65,180,Mumbai Suburbs,2021-03-10,0.0801,Formal,4.22
LN102756,7933705,8.68,300,South Mumbai,2022-03-28,0.0755,Formal,4.61
LN102757,17794513,8.19,240,Mumbai Suburbs,2022-12-17,0.0849,Formal,4.73
LN102758,18565659,7.9,360,Mumbai Suburbs,2016-07-07,0.032,Informal,5.62
LN102759,14151214,9.95,240,Mumbai Suburbs,2016-01-22,0.0657,Formal,6.87
LN102760,7010334,9.37,240,Mumbai Suburbs,2020-08-19,0.0902,Formal,5.24
LN102761,12415002,8.02,240,Navi Mumbai,2022-03-21,0.0935,Formal,5.33
LN102762,15512253,9.05,180,Navi Mumbai,2016-03-04,0.0934,Formal,5.05
LN102763,10615754,7.44,300,South Mumbai,2020-09-17,0.0334,Informal,5.12
LN102764,15557759,6.85,300,South Mumbai,2016-10-30,0.1223,Formal,5.41
LN102765,19110788,7.73,300,Navi Mumbai,2018-06-28,0.113,Informal,7.15
LN102766,10004471,7.91,240,Navi Mumbai,2019-04-16,0.034,Informal,4.09
LN102767,16723723,6.56,360,South Mumbai,2019-08-23,0.051,Formal,6.19
LN102768,4765056,9.35,240,Mumbai Suburbs,2021-06-20,0.0806,Informal,7.11
LN102769,16877150,7.76,300,Mumbai Suburbs,2019-07-24,0.0384,Formal,5.46
LN102770,4325315,8.53,180,Mumbai Suburbs,2016-09-02,0.0775,Formal,6.28
LN102771,15161520,6.76,240,South Mumbai,2015-11-24,0.0664,Formal,6.05
LN102772,15067121,7.11,180,Navi Mumbai,2015-10-30,0.0987,Formal,5.19
LN102773,6217092,9.61,300,Mumbai Suburbs,2020-01-13,0.0729,Formal,4.48
LN102774,9264605,8.63,240,South Mumbai,2019-01-09,0,Formal,4.77
LN102775,18606007,9.83,180,Mumbai Suburbs,2015-03-15,0.0859,Formal,4.2
LN102776,4820887,10,240,Mumbai Suburbs,2016-10-29,0.0969,Formal,6.68
LN102777,3846274,7.8,300,Navi Mumbai,2019-09-10,0.0581,Formal,5.86
LN102778,14228106,7.55,360,South Mumbai,2022-10-22,0.0644,Formal,6.75
LN102779,13784172,9.5,300,Navi Mumbai,2016-03-23,0.0645,Formal,5.02
LN102780,6988099,10,360,South Mumbai,2019-02-16,0.0424,Formal,6.82
LN102781,17159082,8.7,360,Mumbai Suburbs,2016-02-20,0.1341,Formal,5.08
LN102782,1376794,9.28,300,Mumbai Suburbs,2021-12-17,0.0365,Formal,4.42
LN102783,17213225,9.24,180,Mumbai Suburbs,2021-06-09,0.0878,Formal,5.87
LN102784,4033349,7.74,240,Mumbai Suburbs,2017-09-26,0.0877,Formal,7.31
LN102785,15930164,8.51,240,Navi Mumbai,2016-11-21,0.0463,Formal,5.45
LN102786,1782877,9.42,240,Mumbai Suburbs,2018-06-15,0.0319,Formal,5.8
LN102787,8068132,8.91,360,Mumbai Suburbs,2017-05-03,0.0568,Formal,5.58
LN102788,14784612,6.57,360,South Mumbai,2017-02-16,0.0809,Formal,5.6
LN102789,12999401,7.68,300,South Mumbai,2021-10-28,0.0692,Formal,4.75
LN102790,7299492,7.01,180,South Mumbai,2018-11-24,0.1145,Formal,5.48
LN102791,6928643,7.32,300,Navi Mumbai,2017-02-07,0.0424,Formal,5.74
LN102792,12469585,9.67,300,Mumbai Suburbs,2021-07-22,0.0431,Informal,6.61
LN102793,10724700,6.63,180,Navi Mumbai,2018-09-17,0.0865,Formal,4.49
LN102794,1850350,7.27,360,South Mumbai,2022-04-27,0.01,Informal,6
LN102795,14515389,7.58,300,Mumbai Suburbs,2019-08-01,0.0431,Informal,6.32
LN102796,12593836,8.66,300,South Mumbai,2020-11-30,0.0561,Informal,5.34
LN102797,9556255,8.37,360,Mumbai Suburbs,2017-10-16,0.0596,Formal,5.92
LN102798,1435477,7.26,240,Mumbai Suburbs,2017-01-18,0.0448,Formal,6.49
LN102799,11072131,7.07,180,South Mumbai,2016-05-09,0.0053,Formal,5.63
LN102800,16232068,7.33,180,Mumbai Suburbs,2017-02-25,0.1024,Formal,5.17
LN102801,6651944,8.26,240,South Mumbai,2019-04-13,0.1009,Formal,6.89
LN102802,5327308,7.45,180,Mumbai Suburbs,2022-10-26,0.0101,Formal,7.46
LN102803,12348641,9.82,240,Mumbai Suburbs,2017-02-28,0.0802,Informal,4.76
LN102804,19358636,8.12,300,Mumbai Suburbs,2020-10-21,0.0559,Informal,7.11
LN102805,18563477,6.71,180,Navi Mumbai,2015-11-08,0.0768,Formal,5.91
LN102806,12217238,9.05,180,Mumbai Suburbs,2018-01-08,0.0684,Formal,5.57
LN102807,13633010,7.65,300,Mumbai Suburbs,2017-03-09,0.0163,Informal,7.13
LN102808,7538655,8.79,360,Navi Mumbai,2020-02-16,0.0841,Formal,7.19
LN102809,13713456,7.48,360,Mumbai Suburbs,2016-07-10,0.0434,Informal,4.95
LN102810,3844180,8.5,300,South Mumbai,2019-04-26,0,Informal,5.25
LN102811,12010186,9.2,180,Navi Mumbai,2022-01-04,0.066,Formal,6.98
LN102812,13976486,9.75,180,South Mumbai,2016-09-06,0.0131,Formal,5.72
LN102813,16148530,7.41,180,South Mumbai,2020-05-31,0.0943,Informal,5.01
LN102814,6066112,7.67,240,South Mumbai,2020-01-09,0.0513,Formal,7.37
LN102815,11061403,8.12,360,South Mumbai,2016-12-30,0.0624,Formal,4.76
LN102816,9950668,9.75,180,South Mumbai,2017-06-14,0.0756,Formal,6.14
LN102817,6301358,9.65,360,South Mumbai,2019-11-28,0.0631,Formal,5.5
LN102818,19283361,6.81,360,Mumbai Suburbs,2021-07-11,0.0423,Informal,5.58
LN102819,18970147,6.96,180,South Mumbai,2021-09-04,0.0939,Formal,4.37
LN102820,15350770,8.23,300,South Mumbai,2018-02-21,0.0567,Formal,4.9
LN102821,5889084,6.87,300,Mumbai Suburbs,2017-02-26,0.0263,Informal,4.58
LN102822,8133456,7.71,360,South Mumbai,2020-12-08,0.0706,Formal,6.62
LN102823,1871522,7.02,240,South Mumbai,2022-11-12,0.0576,Formal,6.44
LN102824,16523665,8.73,360,Mumbai Suburbs,2018-07-28,0.0593,Formal,6.78
LN102825,15855831,9.82,360,Mumbai Suburbs,2017-12-17,0.0638,Formal,6.45
LN102826,15916345,9.99,300,Mumbai Suburbs,2016-03-22,0.0617,Formal,4.45
LN102827,3181906,7.81,180,Mumbai Suburbs,2016-06-21,0.1037,Formal,7.43
LN102828,19277350,8.6,180,Mumbai Suburbs,2020-03-08,0.036,Formal,4.66
LN102829,2705243,9.5,240,Mumbai Suburbs,2018-09-15,0,Formal,5.23
LN102830,5274692,6.91,300,Navi Mumbai,2018-12-28,0.06,Formal,6.47
LN102831,18016995,8.91,300,Mumbai Suburbs,2020-01-28,0.085,Formal,4.49
LN102832,3975605,7.93,360,Mumbai Suburbs,2019-10-18,0.0131,Formal,4.6
LN102833,6099154,7.22,300,South Mumbai,2021-03-20,0.0709,Formal,7.07
LN102834,14277247,7.91,360,Mumbai Suburbs,2022-02-08,0.0178,Informal,5.16
LN102835,14763700,6.77,240,South Mumbai,2022-01-13,0.0853,Formal,6.33
LN102836,15573834,8.93,300,Mumbai Suburbs,2016-09-03,0.0603,Formal,7.01
LN102837,9152885,7.38,300,Mumbai Suburbs,2015-07-22,0.0336,Informal,7.41
LN102838,10176748,7.59,360,Mumbai Suburbs,2021-03-23,0.0119,Formal,4.74
LN102839,12947147,6.92,300,Navi Mumbai,2015-09-04,0.1254,Formal,4.43
LN102840,16773429,9.53,180,Navi Mumbai,2017-03-31,0.1292,Formal,6.59
LN102841,7216074,8.23,240,South Mumbai,2016-08-11,0.0276,Formal,4.66
LN102842,11511846,8.5,180,South Mumbai,2020-08-30,0.0269,Formal,6.03
LN102843,14114884,8.49,360,Navi Mumbai,2017-11-10,0.0624,Informal,5.86
LN102844,5588727,7.94,360,Mumbai Suburbs,2021-03-06,0.0484,Formal,5.96
LN102845,11007571,7.17,360,Mumbai Suburbs,2019-12-14,0.0502,Formal,6.27
LN102846,9978989,9.11,240,Mumbai Suburbs,2016-07-08,0.0685,Informal,6.98
LN102847,14792249,6.94,300,Mumbai Suburbs,2022-09-09,0.1175,Informal,4.95
LN102848,4683909,6.86,180,Navi Mumbai,2022-08-15,0.1009,Formal,5.94
LN102849,2539600,8.99,300,Mumbai Suburbs,2022-11-17,0.0504,Formal,5.18
LN102850,17319346,7.23,360,Mumbai Suburbs,2015-01-25,0.0817,Formal,5.12
LN102851,8465106,7.57,300,Mumbai Suburbs,2016-03-02,0.0046,Formal,4.07
LN102852,18920863,8.16,240,Navi Mumbai,2019-09-01,0.0641,Formal,6.1
LN102853,13000254,8.07,360,Mumbai Suburbs,2021-01-24,0.0529,Formal,7.4
LN102854,2416953,8.98,300,Mumbai Suburbs,2017-08-19,0.0889,Formal,6.66
LN102855,1421280,8.68,180,Navi Mumbai,2015-07-30,0.0787,Formal,4.85
LN102856,1909245,8.76,360,Mumbai Suburbs,2019-09-20,0.0693,Informal,6.51
LN102857,18118423,9,360,Mumbai Suburbs,2022-09-08,0.0738,Informal,5.04
LN102858,16993238,7.52,240,Mumbai Suburbs,2020-01-29,0.047,Formal,6.64
LN102859,17011662,7.63,240,Mumbai Suburbs,2015-03-07,0.089,Formal,6.99
LN102860,19007962,8.03,180,South Mumbai,2022-08-16,0.0738,Formal,5.17
LN102861,15873290,7.58,300,Mumbai Suburbs,2021-10-26,0.0551,Formal,4.01
LN102862,1592632,9.95,300,Mumbai Suburbs,2016-01-17,0.063,Formal,5.07
LN102863,13425714,9.35,360,Mumbai Suburbs,2017-09-06,0.0853,Formal,4.72
LN102864,17439220,7.08,360,Mumbai Suburbs,2018-09-01,0.0882,Informal,6.17
LN102865,18939405,6.52,300,Mumbai Suburbs,2016-04-18,0.0497,Formal,5.02
LN102866,13259034,6.65,300,Navi Mumbai,2021-11-02,0.0332,Formal,4.13
LN102867,6730385,7.35,300,South Mumbai,2016-04-03,0.0463,Formal,5.86
LN102868,3381486,6.9,360,South Mumbai,2017-07-02,0.0479,Formal,7.06
LN102869,14814531,8.37,240,Mumbai Suburbs,2019-01-05,0.0637,Formal,5.58
LN102870,9168326,9.5,240,Mumbai Suburbs,2015-09-19,0.0959,Formal,5.32
LN102871,13550508,9.08,180,Mumbai Suburbs,2022-08-15,0.0459,Informal,4.62
LN102872,17902654,7.25,300,South Mumbai,2015-10-25,0.0716,Formal,5.36
LN102873,11305651,7.9,300,Mumbai Suburbs,2019-05-31,0.0545,Formal,5.16
LN102874,14605804,8.28,300,Mumbai Suburbs,2021-12-10,0.0606,Informal,7.48
LN102875,8085904,9.34,180,Mumbai Suburbs,2018-07-21,0.0691,Formal,4.11
LN102876,14824880,9.44,300,Mumbai Suburbs,2019-09-04,0.096,Formal,4.84
LN102877,7699744,9.68,240,Mumbai Suburbs,2021-06-25,0.0674,Formal,4.24
LN102878,11587999,8.28,300,Mumbai Suburbs,2017-02-03,0,Formal,7
LN102879,3801445,8.93,180,Mumbai Suburbs,2021-02-22,0.054,Informal,5.46
LN102880,13913082,6.89,360,Mumbai Suburbs,2022-06-14,0.1071,Formal,6.79
LN102881,12252748,8.48,360,Navi Mumbai,2018-12-17,0.0943,Informal,6.42
LN102882,12953070,7.37,240,Navi Mumbai,2018-10-22,0.0837,Formal,7.25
LN102883,7839789,8.01,240,Mumbai Suburbs,2018-01-03,0.0954,Formal,4.08
LN102884,9570556,8.72,240,South Mumbai,2019-12-27,0.0847,Formal,4.73
LN102885,15994127,7.4,360,South Mumbai,2020-06-24,0.0948,Formal,6.46
LN102886,2206751,6.68,300,Mumbai Suburbs,2020-08-14,0.0265,Informal,6.05
LN102887,1953692,6.54,180,Mumbai Suburbs,2015-01-18,0.0582,Informal,6.43
LN102888,17994986,6.58,180,Mumbai Suburbs,2020-06-09,0.0644,Formal,6.01
LN102889,17272265,6.53,300,Mumbai Suburbs,2018-09-17,0.0616,Formal,6.03
LN102890,7969129,6.89,360,Mumbai Suburbs,2015-01-25,0.0427,Formal,7.26
LN102891,11825853,7.34,360,Navi Mumbai,2020-06-24,0.0644,Informal,7.22
LN102892,17515348,7.27,180,Mumbai Suburbs,2021-08-14,0.009,Formal,4.13
LN102893,19567224,9.95,240,South Mumbai,2022-12-18,0.0736,Formal,5.45
LN102894,19603741,7.57,240,Mumbai Suburbs,2017-01-18,0.0398,Formal,5.79
LN102895,5513070,6.95,180,Mumbai Suburbs,2016-09-22,0,Formal,5.25
LN102896,11570521,8.41,180,Navi Mumbai,2022-09-25,0.0605,Formal,4.17
LN102897,2478768,9.5,300,Mumbai Suburbs,2020-09-24,0.1064,Informal,5.65
LN102898,17641511,8.87,300,Mumbai Suburbs,2016-04-03,0.003,Formal,7.41
LN102899,10953821,7.54,300,Mumbai Suburbs,2021-10-18,0.0527,Informal,4.25
LN102900,16008832,8.47,300,Mumbai Suburbs,2018-01-27,0.0113,Formal,6.86
LN102901,1402980,9,300,Mumbai Suburbs,2016-07-28,0.0677,Formal,4.68
LN102902,10557540,9.05,300,South Mumbai,2020-04-25,0.0861,Formal,6.02
LN102903,15722791,8.83,240,Mumbai Suburbs,2017-01-31,0.0357,Informal,5.35
LN102904,15163844,9.55,180,South Mumbai,2017-11-21,0.0473,Formal,5.22
LN102905,7932667,9.55,360,Mumbai Suburbs,2019-03-15,0.0555,Informal,7.05
LN102906,10837695,8.53,300,Mumbai Suburbs,2017-02-01,0.0972,Informal,7.41
LN102907,3108542,8,240,South Mumbai,2020-06-01,0.0181,Formal,5.35
LN102908,7922496,8.75,180,Mumbai Suburbs,2017-09-02,0.0464,Informal,6.24
LN102909,10326243,9.36,180,Mumbai Suburbs,2019-03-31,0.1071,Formal,5.95
LN102910,19163905,6.52,180,Mumbai Suburbs,2021-09-08,0.0382,Informal,4.27
LN102911,13204734,9.97,300,South Mumbai,2020-03-25,0.0482,Informal,4.14
LN102912,12455591,7.14,300,Mumbai Suburbs,2018-01-31,0.0654,Informal,6.71
LN102913,3846230,8.15,360,South Mumbai,2022-06-09,0.1298,Formal,5.38
LN102914,14970696,9.55,300,South Mumbai,2022-01-16,0.0265,Informal,5.08
LN102915,19895649,7.29,180,Mumbai Suburbs,2018-12-13,0.0827,Formal,7.45
LN102916,6553535,8.17,180,South Mumbai,2016-02-23,0.0244,Formal,4.3
LN102917,4678621,6.96,240,Navi Mumbai,2022-10-02,0.0298,Formal,4.94
LN102918,5556766,7.88,240,South Mumbai,2015-09-30,0.0446,Informal,7
LN102919,16074661,7.12,360,Mumbai Suburbs,2022-09-15,0.0739,Formal,5.45
LN102920,7227018,7.77,240,Navi Mumbai,2022-02-14,0.0435,Formal,6.04
LN102921,10686599,7.81,360,Navi Mumbai,2020-07-05,0.064,Formal,4.17
LN102922,7971138,9.98,240,Mumbai Suburbs,2020-11-14,0.0385,Informal,7.22
LN102923,16237307,9.98,180,Navi Mumbai,2021-05-29,0.0624,Formal,4.48
LN102924,11202796,6.9,300,Navi Mumbai,2020-07-23,0.0211,Informal,4.75
LN102925,11495967,9.04,300,South Mumbai,2018-01-05,0.0218,Formal,4.55
LN102926,9607009,6.68,360,Mumbai Suburbs,2019-10-07,0.0446,Informal,5.74
LN102927,9547900,6.61,300,South Mumbai,2020-03-23,0.0783,Formal,6.86
LN102928,8545189,6.87,300,Mumbai Suburbs,2017-08-10,0.0658,Formal,4.93
LN102929,12556367,9.88,240,Mumbai Suburbs,2019-04-09,0.0368,Formal,4.5
LN102930,9852545,9.79,180,South Mumbai,2015-12-27,0.0261,Formal,5.43
LN102931,16275664,7.18,300,Mumbai Suburbs,2020-06-30,0.091,Formal,7.44
LN102932,3681206,7.07,180,South Mumbai,2020-10-18,0.1009,Informal,4.04
LN102933,1187771,7.34,240,Navi Mumbai,2016-05-12,0.0752,Informal,5.76
LN102934,18014415,8.3,240,South Mumbai,2022-06-26,0.0707,Formal,6.34
LN102935,8290213,8.49,300,Mumbai Suburbs,2015-09-30,0,Informal,6.82
LN102936,15392507,7.28,300,South Mumbai,2016-11-26,0.0778,Informal,6.61
LN102937,12121089,9.15,240,South Mumbai,2015-05-28,0.1077,Formal,4.26
LN102938,12991223,7.58,240,Mumbai Suburbs,2016-03-20,0.0922,Formal,5.62
LN102939,1751518,9.73,360,South Mumbai,2019-10-12,0.0905,Formal,4.28
LN102940,18290529,8.8,360,Mumbai Suburbs,2016-05-14,0.0103,Formal,6.17
LN102941,13320194,8.03,180,Navi Mumbai,2017-07-29,0.0389,Informal,4.27
LN102942,15828758,9.26,240,South Mumbai,2018-08-14,0.0557,Formal,4.17
LN102943,17716407,9.36,180,Navi Mumbai,2018-03-13,0.0387,Formal,5.07
LN102944,3332214,7.52,240,South Mumbai,2021-04-05,0.0252,Informal,7.29
LN102945,6081820,7.69,180,South Mumbai,2022-04-20,0.0726,Informal,6.48
LN102946,10042832,9.78,360,South Mumbai,2018-05-10,0.0899,Formal,4.01
LN102947,3250397,7.08,240,Navi Mumbai,2019-12-15,0.0181,Formal,5
LN102948,11387892,6.65,240,South Mumbai,2022-05-18,0.0911,Formal,4.06
LN102949,11390284,8.09,180,Navi Mumbai,2016-05-16,0.0667,Informal,5.03
LN102950,9291860,9.3,180,Navi Mumbai,2017-12-04,0.1087,Informal,6.4
LN102951,16850898,9.2,300,Mumbai Suburbs,2016-06-30,0.0838,Formal,6.66
LN102952,9843026,9.72,300,Mumbai Suburbs,2021-02-06,0.0639,Formal,6.81
LN102953,8726360,8.37,360,Mumbai Suburbs,2019-05-05,0.0641,Formal,7.18
LN102954,2472542,6.85,240,Mumbai Suburbs,2015-12-31,0.0601,Informal,5.28
LN102955,5473014,8.56,240,South Mumbai,2017-08-10,0.1146,Formal,7.02
LN102956,14245462,9.22,180,Mumbai Suburbs,2021-01-11,0.0784,Informal,6.55
LN102957,18339837,6.83,360,Mumbai Suburbs,2018-12-17,0.049,Formal,5.88
LN102958,4529801,7.1,240,Mumbai Suburbs,2019-12-03,0.0771,Informal,7.34
LN102959,5808163,6.54,360,South Mumbai,2016-08-25,0.074,Formal,7.32
LN102960,7284851,8.58,300,South Mumbai,2016-10-22,0.0473,Formal,7.14
LN102961,19375315,9.6,180,Navi Mumbai,2022-04-26,0.0354,Formal,4.71
LN102962,13583071,8.85,240,South Mumbai,2018-06-25,0.0955,Formal,4.73
LN102963,13201841,9.94,180,Mumbai Suburbs,2021-06-06,0.0521,Formal,7.15
LN102964,10600177,6.72,300,South Mumbai,2017-04-15,0.0504,Formal,5.39
LN102965,13949915,9.66,360,Navi Mumbai,2018-06-16,0.0775,Formal,6.79
LN102966,2195885,9.35,360,Navi Mumbai,2015-06-15,0.0445,Formal,6.4
LN102967,10544691,7.6,300,South Mumbai,2015-03-17,0.0669,Formal,6.67
LN102968,4898190,9.91,300,South Mumbai,2018-05-17,0.0486,Informal,4.09
LN102969,4388445,7.51,240,Mumbai Suburbs,2018-04-02,0,Informal,5.5
LN102970,12880707,9.61,240,South Mumbai,2017-06-15,0.0716,Formal,7
LN102971,10667788,9.58,240,Mumbai Suburbs,2015-10-18,0.0679,Formal,5.71
LN102972,12721786,9.15,240,Mumbai Suburbs,2015-10-15,0.0706,Informal,6.42
LN102973,9197590,8.47,240,South Mumbai,2022-05-01,0,Formal,6.65
LN102974,9182535,6.92,360,Mumbai Suburbs,2016-01-04,0.0195,Formal,4.42
LN102975,13919819,8.36,240,Mumbai Suburbs,2018-09-30,0.0949,Formal,4.55
LN102976,11196894,7.75,300,Mumbai Suburbs,2015-03-23,0.0622,Formal,6.54
LN102977,13988365,9.27,300,Mumbai Suburbs,2020-03-09,0.0032,Formal,4.19
LN102978,5363089,9.15,240,Mumbai Suburbs,2022-09-19,0.0625,Informal,5.2
LN102979,15884599,9.69,300,Mumbai Suburbs,2022-10-08,0.0129,Formal,7.21
LN102980,13762750,6.55,180,Mumbai Suburbs,2015-01-06,0.0428,Informal,6.01
LN102981,18219120,9.33,360,South Mumbai,2016-10-13,0.0676,Informal,7.19
LN102982,6092792,9.78,360,South Mumbai,2018-01-22,0.0677,Informal,5.08
LN102983,1578526,9.26,240,Navi Mumbai,2020-06-04,0.0902,Formal,6.23
LN102984,7612208,6.96,180,Navi Mumbai,2015-10-25,0.074,Formal,5
LN102985,15244857,6.78,240,Mumbai Suburbs,2018-01-15,0.0758,Formal,4.39
LN102986,8587676,6.57,240,South Mumbai,2017-10-11,0.0486,Formal,7.47
LN102987,18614609,8.7,300,Mumbai Suburbs,2016-06-12,0.0345,Informal,4.62
LN102988,12734111,8.7,360,Navi Mumbai,2017-07-24,0.0615,Formal,4.66
LN102989,17541989,9.95,180,Mumbai Suburbs,2015-01-13,0.0906,Informal,6.95
LN102990,1814422,7.89,300,South Mumbai,2018-07-12,0.0848,Formal,6.81
LN102991,15607153,7.66,360,Mumbai Suburbs,2018-07-31,0.054,Informal,7.42
LN102992,17406440,8.69,360,Navi Mumbai,2019-04-21,0.0582,Formal,4.25
LN102993,13663723,9.39,240,South Mumbai,2021-02-13,0.0329,Formal,4.33
LN102994,17192668,9.78,180,Mumbai Suburbs,2017-01-16,0.0945,Informal,5.57
LN102995,6153435,9.31,240,Mumbai Suburbs,2016-08-26,0.1085,Formal,6.07
LN102996,2416842,7.99,300,Mumbai Suburbs,2019-01-04,0.0732,Formal,4.13
LN102997,4689024,8.72,240,Mumbai Suburbs,2021-02-11,0.0109,Formal,4.55
LN102998,11670216,9.5,240,Mumbai Suburbs,2021-07-13,0.0802,Formal,6.46
LN102999,4641771,8.22,360,South Mumbai,2017-02-11,0.1096,Formal,6.34
LN103000,7428099,7.26,360,South Mumbai,2020-08-16,0.0264,Formal,4.31
LN103001,5079441,7.09,300,Mumbai Suburbs,2015-07-13,0.0854,Formal,7.26
LN103002,6356430,6.5,360,South Mumbai,2022-03-09,0.0544,Informal,4.89
LN103003,18737868,9.01,360,Mumbai Suburbs,2015-03-30,0.0973,Formal,7.11
LN103004,3188370,6.89,360,Mumbai Suburbs,2016-09-26,0.0253,Informal,7.23
LN103005,16861936,7.35,240,South Mumbai,2017-04-03,0.047,Formal,5.72
LN103006,10937093,7.54,180,Mumbai Suburbs,2017-09-10,0.013,Informal,5.44
LN103007,10955951,8.46,300,Mumbai Suburbs,2019-11-05,0.0702,Formal,4.97
LN103008,14490123,7.89,240,South Mumbai,2017-03-13,0.0766,Formal,6.83
LN103009,15023346,8.86,300,Mumbai Suburbs,2020-11-17,0.0703,Formal,4.69
LN103010,15396836,6.69,240,Navi Mumbai,2020-04-22,0.0445,Formal,6.18
LN103011,14869526,6.93,300,Mumbai Suburbs,2022-04-20,0.0468,Informal,5.98
LN103012,7985945,8.25,360,Mumbai Suburbs,2016-05-21,0.0502,Informal,4.87
LN103013,10144220,7.68,300,South Mumbai,2021-11-15,0.0866,Formal,7.44
LN103014,3076475,7.54,180,South Mumbai,2016-06-26,0.0164,Informal,6.96
LN103015,3141912,6.73,300,South Mumbai,2019-02-21,0.0498,Formal,4.07
LN103016,4144311,9.64,180,Mumbai Suburbs,2020-07-06,0.0158,Formal,5.48
LN103017,18062838,8.92,300,Mumbai Suburbs,2022-10-23,0.0477,Informal,5.26
LN103018,19740105,6.93,360,South Mumbai,2019-12-14,0.0596,Formal,7.09
LN103019,13414998,6.73,300,Mumbai Suburbs,2017-06-17,0.123,Formal,4.93
LN103020,19173652,9.91,240,South Mumbai,2022-11-14,0.04,Formal,7.49
LN103021,10056148,8.88,360,South Mumbai,2022-06-04,0.0908,Formal,4.7
LN103022,3195690,7.96,360,Mumbai Suburbs,2016-07-14,0.0087,Formal,4.85
LN103023,10976844,8.96,240,Mumbai Suburbs,2021-12-28,0.0612,Formal,6.33
LN103024,14399140,9.15,360,Mumbai Suburbs,2020-12-15,0.0611,Informal,4.56
LN103025,14852523,9.23,360,Mumbai Suburbs,2015-05-25,0.0824,Formal,7.11
LN103026,19181571,8.17,240,Mumbai Suburbs,2016-08-15,0.0436,Formal,4.38
LN103027,6056093,8,360,Navi Mumbai,2019-01-03,0.0365,Informal,7.44
LN103028,15358216,6.54,360,Navi Mumbai,2017-12-14,0,Formal,7.06
LN103029,17331284,9.74,360,Navi Mumbai,2019-09-19,0.0699,Formal,6.94
LN103030,3464722,8.61,360,Navi Mumbai,2021-09-15,0.0407,Informal,5.43
LN103031,7559442,7.21,300,Mumbai Suburbs,2020-11-23,0.0908,Informal,5.8
LN103032,16136395,9.72,360,Mumbai Suburbs,2016-04-18,0.0754,Formal,5.6
LN103033,6630761,9.7,360,Mumbai Suburbs,2022-04-15,0.0956,Informal,7.46
LN103034,14939600,9.96,360,Mumbai Suburbs,2017-10-30,0.0338,Informal,4.12
LN103035,3901092,9.56,300,Mumbai Suburbs,2015-09-08,0.0661,Formal,5.34
LN103036,16783215,9.99,180,South Mumbai,2016-04-28,0.0657,Formal,7.39
LN103037,10911142,7.36,360,Navi Mumbai,2022-11-07,0.0451,Formal,5.29
LN103038,2722907,9.45,180,Mumbai Suburbs,2015-04-12,0.0969,Formal,5.39
LN103039,14063720,9.38,180,Navi Mumbai,2020-08-15,0.0834,Formal,6.21
LN103040,7882799,7.31,240,South Mumbai,2022-08-30,0.1209,Informal,7.18
LN103041,7921983,6.84,240,South Mumbai,2021-08-06,0.0808,Formal,5.03
LN103042,7526925,9.93,180,South Mumbai,2019-06-28,0.1161,Formal,7.32
LN103043,12277547,7.54,300,Mumbai Suburbs,2016-02-09,0.1154,Formal,4.99
LN103044,13374888,9.55,360,South Mumbai,2015-01-16,0.0453,Formal,6.85
LN103045,9343528,6.51,360,Mumbai Suburbs,2021-12-23,0.0159,Formal,4.97
LN103046,11488017,6.57,360,South Mumbai,2020-09-23,0.1106,Formal,4.26
LN103047,9020364,8.13,240,South Mumbai,2015-09-30,0.0808,Formal,6.84
LN103048,8451747,7.34,240,Mumbai Suburbs,2020-08-20,0.0756,Informal,5.58
LN103049,4881857,8.91,360,Navi Mumbai,2022-06-22,0.0465,Formal,5.37
LN103050,5537871,8.48,180,South Mumbai,2020-04-22,0.0719,Formal,5.5
LN103051,18068680,6.77,240,Mumbai Suburbs,2020-11-29,0.0905,Formal,6.14
LN103052,5739400,7.07,360,South Mumbai,2015-01-07,0.0798,Informal,4.92
LN103053,12062437,7.86,180,South Mumbai,2021-02-06,0.0416,Formal,4.83
LN103054,16168970,7.15,360,Mumbai Suburbs,2021-03-01,0.1063,Formal,5.69
LN103055,17895797,9.27,240,Mumbai Suburbs,2019-09-25,0.0637,Informal,4.12
LN103056,18278806,7.96,300,Navi Mumbai,2018-08-13,0.0804,Formal,6.25
LN103057,18649544,6.83,300,Mumbai Suburbs,2015-04-02,0.0852,Formal,6.88
LN103058,17271063,8.2,240,Navi Mumbai,2018-12-26,0.124,Formal,6.55
LN103059,5809479,6.82,180,South Mumbai,2019-02-14,0.0724,Formal,5.64
LN103060,14753606,6.95,360,South Mumbai,2021-12-23,0.0584,Formal,5.98
LN103061,4110691,7.34,240,South Mumbai,2015-10-09,0.1174,Formal,4.09
LN103062,19135313,9.51,180,Mumbai Suburbs,2015-02-06,0.0932,Formal,7.19
LN103063,12688962,9.74,360,South Mumbai,2021-05-12,0.0692,Informal,5.95
LN103064,14431835,9.39,360,South Mumbai,2017-10-01,0.0673,Formal,5.11
LN103065,19071531,7.67,240,Mumbai Suburbs,2021-09-22,0.0012,Formal,5.03
LN103066,11764827,7.45,360,South Mumbai,2015-12-21,0.0574,Informal,6.31
LN103067,10746919,8.42,300,South Mumbai,2016-03-29,0.0179,Formal,6.05
LN103068,17762293,9.03,300,South Mumbai,2015-09-16,0,Formal,4.66
LN103069,5510784,9.98,360,South Mumbai,2019-04-19,0.0421,Formal,5.43
LN103070,17941290,6.96,240,Mumbai Suburbs,2021-06-27,0.0186,Formal,6.37
LN103071,3570466,6.67,360,Mumbai Suburbs,2016-09-02,0.0493,Informal,5.04
LN103072,13043788,8.93,240,South Mumbai,2015-12-19,0.0692,Informal,5.78
LN103073,15622008,9.41,240,South Mumbai,2015-02-24,0.0753,Informal,4.89
LN103074,13871728,9.46,300,Navi Mumbai,2015-04-03,0.0567,Formal,4.25
LN103075,10179253,8.87,300,Mumbai Suburbs,2016-03-03,0.0213,Informal,5.36
LN103076,4287093,9.84,180,Mumbai Suburbs,2021-12-15,0.0564,Formal,6.56
LN103077,2017481,8.29,240,Mumbai Suburbs,2015-08-27,0.028,Formal,4.75
LN103078,9451115,9.7,360,South Mumbai,2015-06-13,0.1021,Formal,6.64
LN103079,3338377,9.89,240,Navi Mumbai,2019-05-28,0.0556,Informal,6.34
LN103080,18583780,9.47,300,Mumbai Suburbs,2022-07-10,0.0258,Formal,5.78
LN103081,7047511,7.58,240,South Mumbai,2015-02-26,0.0285,Informal,7.4
LN103082,10998081,7.19,180,Mumbai Suburbs,2022-02-04,0.0602,Formal,7.09
LN103083,16902677,8.42,360,Mumbai Suburbs,2017-03-17,0.0617,Informal,5.97
LN103084,16176077,8.09,240,South Mumbai,2019-08-07,0.0542,Formal,5.95
LN103085,1737954,9.57,360,Navi Mumbai,2018-09-26,0.0898,Formal,4.97
LN103086,3908056,6.85,360,Navi Mumbai,2015-05-25,0.0312,Informal,7.22
LN103087,8840130,7.4,300,South Mumbai,2021-02-15,0.0901,Formal,7.14
LN103088,10095781,9.13,240,Mumbai Suburbs,2018-07-25,0.0572,Formal,6.6
LN103089,6934261,6.83,360,Mumbai Suburbs,2019-03-27,0.0859,Informal,4.45
LN103090,5510579,7.62,300,South Mumbai,2016-02-22,0.0412,Informal,6.46
LN103091,10068055,7.86,180,Mumbai Suburbs,2020-03-02,0.0833,Formal,4.89
LN103092,14562026,8.68,180,Mumbai Suburbs,2017-11-13,0.0358,Formal,4.66
LN103093,12368856,7.05,240,Mumbai Suburbs,2021-05-03,0.1094,Formal,6.66
LN103094,12002595,9.51,360,Mumbai Suburbs,2016-09-06,0.0576,Formal,7.36
LN103095,12142521,8.07,240,Mumbai Suburbs,2016-04-23,0.0471,Formal,4.38
LN103096,15634171,9.71,360,Navi Mumbai,2015-12-05,0.0248,Formal,4.57
LN103097,8704694,8.14,300,Mumbai Suburbs,2016-06-28,0.0651,Formal,4.77
LN103098,3378907,7.46,180,Navi Mumbai,2020-05-19,0.0555,Formal,7.37
LN103099,7990607,7,180,South Mumbai,2017-02-27,0.0199,Formal,6.44
LN103100,5532688,6.51,180,South Mumbai,2021-03-06,0.0379,Formal,6.37
LN103101,3363162,8.36,180,South Mumbai,2019-12-16,0.0014,Formal,5.77
LN103102,6680820,6.88,240,Mumbai Suburbs,2018-07-15,0.0261,Formal,5.88
LN103103,11600157,7.87,360,South Mumbai,2019-05-24,0.0563,Formal,5.02
LN103104,3345704,8.56,240,Navi Mumbai,2022-08-19,0.0706,Informal,4.54
LN103105,13969633,7.46,300,Mumbai Suburbs,2022-03-12,0.0503,Informal,6.73
LN103106,9811940,7.11,180,South Mumbai,2021-05-08,0.0741,Formal,5.65
LN103107,9277983,9.21,360,Mumbai Suburbs,2016-01-13,0.0312,Formal,4.9
LN103108,18069791,9.81,240,Navi Mumbai,2021-12-05,0.0733,Informal,6.21
LN103109,19236916,6.85,360,Mumbai Suburbs,2022-10-08,0.0577,Informal,4.73
LN103110,11031033,7.04,240,South Mumbai,2021-09-13,0.0538,Formal,5.71
LN103111,19664179,9.86,360,Navi Mumbai,2019-11-11,0.0599,Formal,4.67
LN103112,6304120,6.63,360,Mumbai Suburbs,2022-07-24,0.042,Formal,6.66
LN103113,2447947,9.92,180,Mumbai Suburbs,2017-12-09,0.014,Formal,5.12
LN103114,6813775,6.52,240,Mumbai Suburbs,2022-06-14,0.0286,Informal,5.55
LN103115,13565034,9.56,300,Mumbai Suburbs,2015-06-07,0.0176,Informal,6.64
LN103116,7472652,7.58,360,Navi Mumbai,2022-07-01,0.0532,Formal,6.31
LN103117,19275555,9.79,300,South Mumbai,2022-09-13,0.0805,Informal,5.4
LN103118,15219886,7.61,180,South Mumbai,2022-04-18,0.1045,Formal,4.25
LN103119,16913266,8.79,300,Navi Mumbai,2019-11-23,0.0462,Formal,7.23
LN103120,1676296,6.78,360,South Mumbai,2020-06-26,0.0552,Formal,4.03
LN103121,1379039,7.35,360,Navi Mumbai,2019-04-07,0.1165,Formal,6.57
LN103122,1528714,9.21,360,Mumbai Suburbs,2020-08-21,0.0479,Formal,7.31
LN103123,8035655,8.35,240,Mumbai Suburbs,2021-01-17,0.0412,Formal,5.07
LN103124,9368352,9.75,300,South Mumbai,2020-01-16,0.0561,Informal,4.26
LN103125,9941047,8,240,Navi Mumbai,2018-01-21,0.0473,Formal,4.87
LN103126,18050668,9.54,360,Mumbai Suburbs,2020-06-20,0.0396,Formal,5.1
LN103127,17708666,8.07,360,Navi Mumbai,2015-03-25,0.0178,Formal,5.58
LN103128,5371047,9.93,180,Mumbai Suburbs,2022-12-01,0.1078,Formal,5.84
LN103129,14721794,9.86,180,South Mumbai,2021-04-16,0.0765,Formal,6.54
LN103130,8184872,7.65,360,Mumbai Suburbs,2021-09-09,0.1085,Formal,7.15
LN103131,19967137,9.6,240,Mumbai Suburbs,2018-12-25,0.0886,Formal,5.63
LN103132,8427297,9.47,240,Mumbai Suburbs,2019-06-03,0.0605,Informal,6.61
LN103133,14559001,7.24,360,Navi Mumbai,2022-06-23,0.0099,Informal,4.45
LN103134,18539587,8.69,300,Mumbai Suburbs,2016-06-27,0.0327,Formal,5.15
LN103135,17920196,6.75,240,Mumbai Suburbs,2021-03-06,0.0495,Formal,4.41
LN103136,11822611,9.43,360,Navi Mumbai,2018-11-01,0.0311,Formal,6.42
LN103137,18034570,7.11,180,South Mumbai,2016-07-23,0.0054,Formal,7.18
LN103138,8863438,6.75,360,Navi Mumbai,2018-11-14,0.0333,Informal,7.11
LN103139,15991637,7.9,240,Mumbai Suburbs,2016-10-11,0.0542,Formal,5.14
LN103140,8972368,8.52,360,Mumbai Suburbs,2022-01-31,0.1077,Formal,4.82
LN103141,3235883,9.49,300,South Mumbai,2019-04-24,0.0398,Informal,4.96
LN103142,11939590,9.91,300,Mumbai Suburbs,2021-01-09,0.0797,Formal,5.01
LN103143,1764265,8.04,240,South Mumbai,2018-05-17,0.0307,Formal,4.29
LN103144,15793752,6.71,360,Navi Mumbai,2018-05-02,0.0533,Formal,4.47
LN103145,1308617,9.12,300,Navi Mumbai,2016-12-06,0.059,Formal,4.75
LN103146,12368954,8.48,300,South Mumbai,2018-03-27,0.108,Formal,4.03
LN103147,1744748,8.07,180,Navi Mumbai,2019-08-07,0,Formal,4.17
LN103148,13025170,7.58,240,Mumbai Suburbs,2017-02-10,0.0357,Informal,6.44
LN103149,17439751,8.26,180,Navi Mumbai,2017-02-19,0.0674,Formal,6.17
LN103150,14495655,7.69,180,South Mumbai,2021-02-07,0.0725,Formal,7.31
LN103151,1734275,9.15,300,Mumbai Suburbs,2020-07-20,0.0247,Informal,5.41
LN103152,10686427,8.4,360,Mumbai Suburbs,2019-09-17,0.0588,Formal,5.56
LN103153,10422794,9.57,180,South Mumbai,2018-07-03,0.0604,Informal,4.24
LN103154,9987114,8.4,240,Mumbai Suburbs,2016-10-07,0.1041,Formal,4.53
LN103155,7194224,7.33,240,Mumbai Suburbs,2019-10-19,0.0663,Formal,6.42
LN103156,9945326,9.48,360,South Mumbai,2021-09-11,0.0557,Formal,4.82
LN103157,15703155,8.45,240,Mumbai Suburbs,2017-02-03,0.0389,Informal,6.71
LN103158,7024293,7.22,180,Navi Mumbai,2021-01-28,0.0782,Formal,6.47
LN103159,7193367,8.68,360,South Mumbai,2019-04-28,0.0524,Formal,6.62
LN103160,6318331,7.75,240,South Mumbai,2021-01-20,0.043,Formal,6.42
LN103161,11736301,9.46,240,Mumbai Suburbs,2021-06-24,0.0306,Formal,6.48
LN103162,12152153,8.09,180,Mumbai Suburbs,2020-12-20,0.0511,Formal,5.91
LN103163,4948401,9.04,180,Mumbai Suburbs,2017-02-26,0.081,Formal,6.37
LN103164,1124932,6.83,180,Mumbai Suburbs,2020-01-03,0.0446,Formal,5.84
LN103165,16841640,7.89,180,South Mumbai,2016-02-13,0.061,Formal,4.72
LN103166,11140106,9.94,360,Mumbai Suburbs,2015-11-22,0.0433,Informal,4.76
LN103167,7280757,9.33,360,Mumbai Suburbs,2017-03-04,0.0651,Formal,5.42
LN103168,7784672,7.06,360,Navi Mumbai,2018-03-23,0.0625,Formal,4.05
LN103169,15069473,7.47,300,Mumbai Suburbs,2022-02-09,0.0364,Formal,7.11
LN103170,12619039,7.65,180,South Mumbai,2020-02-09,0.085,Formal,4.94
LN103171,3592316,8.78,180,Mumbai Suburbs,2022-05-14,0.0163,Informal,4.18
LN103172,17143481,9.15,360,South Mumbai,2018-10-05,0.0941,Informal,5.49
LN103173,6895725,9.12,240,Mumbai Suburbs,2017-01-07,0.0699,Formal,6.85
LN103174,16981957,8.28,240,South Mumbai,2022-05-17,0.0776,Formal,5.39
LN103175,6438757,9.34,180,South Mumbai,2021-05-21,0.0105,Formal,4.92
LN103176,10783893,8.03,180,Mumbai Suburbs,2020-05-27,0.0585,Informal,5.91
LN103177,14064637,6.93,360,Mumbai Suburbs,2019-03-08,0.106,Informal,6.01
LN103178,3664749,8.48,180,Mumbai Suburbs,2017-04-12,0.0556,Formal,6.66
LN103179,14436812,9.83,240,Mumbai Suburbs,2018-03-06,0.0639,Informal,6.8
LN103180,8246813,9.28,240,Mumbai Suburbs,2015-12-03,0.0257,Informal,6.47
LN103181,1984156,8.53,180,Mumbai Suburbs,2018-09-19,0.0168,Formal,4.02
LN103182,14331690,8.76,360,Mumbai Suburbs,2016-02-18,0.0669,Formal,4.01
LN103183,11625643,9.76,360,Mumbai Suburbs,2021-07-05,0.0397,Formal,7.42
LN103184,18981136,8,240,Mumbai Suburbs,2016-01-08,0.0434,Formal,4.92
LN103185,12999562,7.66,360,Mumbai Suburbs,2015-02-06,0.0619,Formal,4.99
LN103186,18525068,9.92,240,Mumbai Suburbs,2018-01-17,0.0806,Formal,6.56
LN103187,17300081,9.52,180,Mumbai Suburbs,2020-07-17,0.0758,Formal,6.04
LN103188,10545226,7.63,240,Mumbai Suburbs,2020-02-17,0.063,Informal,5.62
LN103189,6296990,8.12,180,Navi Mumbai,2016-03-13,0.0866,Informal,4.41
LN103190,13299755,7.95,360,Mumbai Suburbs,2019-10-07,0.0913,Formal,4.29
LN103191,7928655,7.02,300,Mumbai Suburbs,2017-10-07,0.0561,Informal,6.46
LN103192,17003651,9.85,300,Mumbai Suburbs,2018-10-28,0.11,Formal,4.44
LN103193,12303471,7.92,300,South Mumbai,2018-01-11,0.0274,Formal,5.53
LN103194,2821367,9.56,240,Mumbai Suburbs,2019-01-12,0.014,Formal,6.58
LN103195,4372863,7.16,300,Mumbai Suburbs,2021-05-07,0.1015,Formal,7.23
LN103196,2578315,8.42,240,South Mumbai,2020-11-12,0.039,Formal,7.06
LN103197,8427210,6.58,360,Mumbai Suburbs,2022-04-30,0,Informal,7.02
LN103198,19126806,9.17,180,Mumbai Suburbs,2020-06-14,0.0502,Formal,5.25
LN103199,12893046,8.53,300,Navi Mumbai,2017-12-03,0.0969,Formal,7.25
LN103200,13968805,8.69,240,Navi Mumbai,2020-04-23,0.0508,Formal,6.39
LN103201,12199747,6.68,360,South Mumbai,2016-02-01,0.0067,Informal,7.1
LN103202,6440107,7.24,360,Mumbai Suburbs,2019-10-10,0.0513,Formal,4.31
LN103203,16172466,6.76,300,South Mumbai,2018-03-05,0.0544,Formal,4.14
LN103204,8081530,7.51,360,South Mumbai,2017-12-09,0.0499,Informal,5.5
LN103205,15940284,8.7,360,Mumbai Suburbs,2018-08-25,0.0384,Informal,6.9
LN103206,13879120,8.48,360,South Mumbai,2019-12-19,0.0398,Informal,5.43
LN103207,4201473,8.64,240,South Mumbai,2016-04-15,0.0818,Formal,7.1
LN103208,10314823,8.42,360,Navi Mumbai,2017-09-27,0.0426,Informal,4.82
LN103209,12422057,7.46,360,Navi Mumbai,2019-07-07,0.0648,Informal,4.14
LN103210,2449991,7.36,360,Mumbai Suburbs,2020-06-25,0.0647,Informal,6.66
LN103211,11900518,6.98,360,Navi Mumbai,2016-10-09,0.0415,Formal,6.19
LN103212,1424528,9.47,360,Mumbai Suburbs,2019-10-19,0.0374,Formal,5.54
LN103213,12103831,8.66,240,South Mumbai,2017-06-18,0.0621,Formal,6.96
LN103214,16652956,7.15,360,Mumbai Suburbs,2017-03-12,0.0104,Formal,6.88
LN103215,7450219,7.12,360,Mumbai Suburbs,2021-09-03,0.1198,Formal,5.14
LN103216,19428040,9.56,180,Mumbai Suburbs,2018-09-14,0.0428,Informal,6.93
LN103217,6265481,9.1,360,Navi Mumbai,2018-04-19,0.0483,Formal,5.21
LN103218,14618723,8.81,360,Mumbai Suburbs,2017-01-31,0.0821,Formal,6.18
LN103219,9527835,7.92,240,South Mumbai,2020-03-25,0.0549,Formal,4.67
LN103220,19550271,7.42,360,South Mumbai,2019-02-13,0.0475,Formal,4.92
LN103221,10080745,9.93,240,South Mumbai,2021-10-12,0.0199,Formal,5.57
LN103222,1281854,9.29,300,Navi Mumbai,2021-11-12,0.0631,Formal,5.1
LN103223,7662314,7.56,360,Mumbai Suburbs,2022-11-19,0.0436,Informal,4.45
LN103224,15284503,9.47,180,Mumbai Suburbs,2021-02-03,0.1224,Informal,5.69
LN103225,15567593,9.16,240,Mumbai Suburbs,2021-07-04,0.0538,Formal,5.79
LN103226,6830395,7.54,300,Mumbai Suburbs,2017-04-19,0,Informal,4.56
LN103227,19434369,7.99,180,Mumbai Suburbs,2016-11-06,0.0885,Formal,4.61
LN103228,10873863,7.15,240,Mumbai Suburbs,2017-08-31,0.03,Informal,4.1
LN103229,16410095,6.89,300,Navi Mumbai,2016-12-21,0.0632,Informal,4.11
LN103230,8083610,9.03,180,Navi Mumbai,2017-11-05,0.1021,Formal,5.26
LN103231,17411413,7.44,360,Navi Mumbai,2022-06-22,0.0507,Formal,4.51
LN103232,16547546,9.37,180,Mumbai Suburbs,2015-12-30,0.0539,Formal,7.22
LN103233,19583900,9.98,180,Navi Mumbai,2016-06-06,0.088,Formal,4.7
LN103234,19587074,6.77,180,Mumbai Suburbs,2017-06-27,0.1028,Formal,4.23
LN103235,18256299,8.16,240,Navi Mumbai,2017-04-21,0.0559,Formal,5.41
LN103236,2901740,9.31,360,Navi Mumbai,2017-11-30,0.1207,Formal,4.67
LN103237,6648393,9.26,360,Navi Mumbai,2021-01-18,0.0078,Formal,4.22
LN103238,13651235,9.16,240,Navi Mumbai,2020-09-08,0.0329,Formal,6.63
LN103239,8395873,7.72,180,Mumbai Suburbs,2021-04-18,0.0457,Formal,5.95
LN103240,5584946,8.09,360,South Mumbai,2019-05-22,0.0917,Formal,4.2
LN103241,11684544,8.58,180,Mumbai Suburbs,2016-09-15,0.0669,Informal,5.64
LN103242,14724252,9.91,360,Mumbai Suburbs,2017-02-09,0.0397,Formal,4.14
LN103243,12300674,7.65,240,South Mumbai,2020-08-30,0.0262,Formal,5.24
LN103244,8873491,9.73,300,Mumbai Suburbs,2021-01-08,0.0152,Formal,5.27
LN103245,19317940,7.44,180,Mumbai Suburbs,2022-07-31,0.0755,Formal,6.88
LN103246,6875293,9.96,360,Mumbai Suburbs,2021-10-01,0.0483,Formal,6.57
LN103247,19742946,8.85,360,Navi Mumbai,2015-01-18,0.0904,Formal,7.14
LN103248,13951138,8.12,360,Mumbai Suburbs,2015-07-06,0.017,Informal,4.49
LN103249,10064281,8.65,240,Mumbai Suburbs,2018-03-15,0.0728,Formal,5.87
LN103250,2094316,7.45,240,Mumbai Suburbs,2019-02-20,0.0587,Formal,4.07
LN103251,5300915,7.46,300,Navi Mumbai,2017-07-06,0.0416,Informal,6.89
LN103252,16078236,6.9,240,South Mumbai,2015-12-08,0.0438,Informal,5.28
LN103253,7760403,6.9,180,South Mumbai,2022-12-13,0.0631,Informal,4.24
LN103254,16155892,7.72,240,Navi Mumbai,2019-04-25,0.0591,Formal,5.14
LN103255,7620241,9.17,360,Mumbai Suburbs,2020-05-03,0.0333,Formal,5
LN103256,2636675,8.63,180,Mumbai Suburbs,2016-06-04,0.0755,Informal,6.68
LN103257,16125440,6.86,240,Mumbai Suburbs,2020-06-08,0.0962,Formal,4.44
LN103258,17316160,9.48,180,Mumbai Suburbs,2021-04-18,0.0527,Formal,5.95
LN103259,18579065,8.6,180,Mumbai Suburbs,2021-07-17,0.0775,Formal,6.78
LN103260,11117273,9.86,240,South Mumbai,2020-08-02,0.0552,Formal,6.59
LN103261,18938284,8.85,180,Mumbai Suburbs,2015-05-23,0.1323,Informal,7.28
LN103262,2035891,7.11,360,Mumbai Suburbs,2015-04-19,0.0604,Formal,4
LN103263,18530710,8.16,360,Mumbai Suburbs,2018-04-08,0.081,Informal,5.24
LN103264,17658746,8.77,240,Mumbai Suburbs,2015-10-12,0.095,Formal,5.29
LN103265,10031370,6.6,240,Navi Mumbai,2017-08-11,0.0408,Formal,4.12
LN103266,8611432,6.55,360,Mumbai Suburbs,2020-07-08,0.0812,Formal,6.86
LN103267,10156484,6.95,240,Navi Mumbai,2018-10-29,0.0859,Informal,6.41
LN103268,14722816,7.38,360,Mumbai Suburbs,2021-03-07,0.0729,Formal,5.85
LN103269,15374288,8,180,Mumbai Suburbs,2017-06-12,0.0829,Formal,5.42
LN103270,6277420,8.21,240,South Mumbai,2018-12-22,0.0406,Formal,7.13
LN103271,8272003,6.98,300,South Mumbai,2018-09-09,0.1244,Formal,4.93
LN103272,16020740,8.86,360,Mumbai Suburbs,2020-12-11,0,Formal,5.17
LN103273,2760511,8.59,360,Mumbai Suburbs,2022-08-13,0.0348,Formal,7.33
LN103274,4541815,7.53,180,Mumbai Suburbs,2020-09-02,0.0199,Informal,4.23
LN103275,9434610,6.55,300,Mumbai Suburbs,2016-11-05,0.1117,Formal,6.73
LN103276,5610146,6.77,300,Navi Mumbai,2017-09-27,0.0561,Formal,6.51
LN103277,5139289,7.87,300,Navi Mumbai,2019-02-03,0.0317,Formal,7.16
LN103278,16986546,7.04,360,South Mumbai,2016-04-15,0.0418,Formal,4.32
LN103279,6351826,7.82,360,Mumbai Suburbs,2018-09-17,0.0143,Formal,7.4
LN103280,14698156,8.7,300,Mumbai Suburbs,2015-06-09,0.0788,Formal,4.1
LN103281,7390459,8.42,240,Mumbai Suburbs,2015-08-29,0.0818,Formal,5.18
LN103282,2784006,7.31,300,South Mumbai,2021-11-04,0.0691,Informal,4.3
LN103283,15900526,7.7,180,Navi Mumbai,2018-06-03,0.0385,Formal,4.18
LN103284,5913478,8.65,300,Navi Mumbai,2017-01-17,0.1058,Formal,7.38
LN103285,10017497,9.51,300,Mumbai Suburbs,2022-06-10,0.0835,Formal,6.52
LN103286,9303143,9.14,300,Mumbai Suburbs,2019-08-31,0.0077,Formal,5.77
LN103287,11755716,8.44,240,Mumbai Suburbs,2016-03-23,0.0542,Informal,4.38
LN103288,13233494,7.77,300,Mumbai Suburbs,2017-08-03,0.0253,Formal,5.84
LN103289,7679155,7.78,300,Mumbai Suburbs,2019-03-16,0.1042,Formal,5.12
LN103290,6737580,9.58,360,Mumbai Suburbs,2017-05-22,0.0465,Formal,4.95
LN103291,15773394,6.64,300,South Mumbai,2019-11-13,0.0186,Formal,6.16
LN103292,1225391,9.96,180,Navi Mumbai,2022-01-30,0.0556,Formal,6.77
LN103293,15893670,8.83,360,Mumbai Suburbs,2015-06-27,0.1077,Formal,5.55
LN103294,7698541,8.88,240,Mumbai Suburbs,2015-06-13,0.0859,Formal,5.73
LN103295,17968603,6.63,360,Navi Mumbai,2017-06-01,0.0444,Informal,6.28
LN103296,14872621,8.62,240,South Mumbai,2020-02-02,0.0548,Formal,4.44
LN103297,4632632,8.2,240,South Mumbai,2017-12-29,0.0898,Informal,6.9
LN103298,15106894,6.87,180,Navi Mumbai,2019-05-05,0.1018,Formal,6.93
LN103299,14580994,7.47,300,Navi Mumbai,2020-12-09,0.0135,Informal,5.89
LN103300,6596526,9.62,180,Mumbai Suburbs,2018-04-06,0.0646,Formal,4.66
LN103301,4291070,8.42,360,South Mumbai,2018-01-08,0.0494,Formal,5.75
LN103302,18463484,7.95,240,Mumbai Suburbs,2022-05-27,0.0454,Formal,4.37
LN103303,1801955,6.75,360,South Mumbai,2016-08-15,0.1003,Formal,6.67
LN103304,3013148,9,240,Mumbai Suburbs,2017-12-29,0.0194,Formal,5.09
LN103305,5467223,8.96,360,South Mumbai,2020-10-29,0.0842,Formal,5.09
LN103306,14561666,8.65,240,Navi Mumbai,2022-01-05,0,Formal,7.31
LN103307,1147745,8.29,180,Mumbai Suburbs,2018-11-14,0.0382,Formal,5.48
LN103308,4792824,8.02,240,Navi Mumbai,2017-12-23,0.061,Formal,6.76
LN103309,11119600,8.58,300,South Mumbai,2017-03-10,0.0207,Formal,6.23
LN103310,1137686,7.32,180,Mumbai Suburbs,2016-05-28,0.1261,Formal,5.11
LN103311,6250295,9.79,300,Navi Mumbai,2015-11-24,0.0385,Formal,4.43
LN103312,5151923,8.56,360,South Mumbai,2019-03-06,0.0361,Informal,6.79
LN103313,15401814,7.59,360,Mumbai Suburbs,2022-01-24,0.0392,Formal,6.67
LN103314,6679980,8.07,240,Mumbai Suburbs,2019-06-20,0.0775,Formal,4.59
LN103315,6149534,9.32,240,Mumbai Suburbs,2018-07-27,0.0872,Formal,4.87
LN103316,13312829,7.07,360,South Mumbai,2021-11-29,0.0469,Formal,6.68
LN103317,4314344,7.52,180,Mumbai Suburbs,2022-03-31,0.0695,Formal,7.44
LN103318,1049976,8.88,300,Mumbai Suburbs,2019-06-07,0.0718,Informal,6.95
LN103319,11751736,7.6,360,Mumbai Suburbs,2020-07-18,0.0168,Informal,6.39
LN103320,13031301,9.27,180,South Mumbai,2017-07-08,0.0564,Formal,7.2
LN103321,19804536,6.96,300,Mumbai Suburbs,2019-09-04,0.0411,Informal,5
LN103322,19589321,9.17,240,Mumbai Suburbs,2016-02-17,0.0133,Formal,4.03
LN103323,2947238,6.74,180,South Mumbai,2022-09-04,0.0664,Formal,5.12
LN103324,10784404,6.54,180,Mumbai Suburbs,2018-06-27,0.0904,Informal,7.4
LN103325,17553474,9.64,360,Navi Mumbai,2022-02-22,0.0613,Formal,7.09
LN103326,7330034,8.53,300,South Mumbai,2018-12-15,0,Formal,4.18
LN103327,12949870,7.73,360,Mumbai Suburbs,2016-01-27,0.0463,Formal,5.76
LN103328,16542211,7.31,240,Mumbai Suburbs,2020-06-15,0.0332,Formal,4.28
LN103329,1045475,8.66,240,South Mumbai,2019-10-06,0.1134,Formal,6.76
LN103330,9080552,8.28,300,South Mumbai,2017-05-03,0.0498,Formal,5.3
LN103331,6396364,9.97,300,Mumbai Suburbs,2021-12-29,0.0116,Formal,7.19
LN103332,4239254,9.94,300,Mumbai Suburbs,2019-01-22,0.0586,Formal,4.19
LN103333,2099577,8.72,360,South Mumbai,2018-08-29,0.0791,Informal,6.57
LN103334,8232024,8.05,300,Navi Mumbai,2018-11-20,0.063,Formal,5.4
LN103335,13084335,8.22,300,Mumbai Suburbs,2015-01-01,0.0359,Informal,4.94
LN103336,19380186,8.89,360,Mumbai Suburbs,2016-06-28,0.0462,Informal,5.81
LN103337,9274125,6.86,240,Mumbai Suburbs,2017-10-12,0.083,Formal,5.7
LN103338,2531064,7.65,240,Navi Mumbai,2022-12-28,0.063,Informal,5.22
LN103339,17121213,6.76,180,South Mumbai,2019-09-09,0.1208,Formal,6.27
LN103340,5411887,6.76,240,Mumbai Suburbs,2018-12-09,0.0629,Formal,6.31
LN103341,16043962,7.19,300,Mumbai Suburbs,2019-02-14,0.0142,Formal,4.27
LN103342,9615797,8.2,240,South Mumbai,2016-07-22,0.054,Informal,6.08
LN103343,3076198,9.25,360,South Mumbai,2022-04-13,0.0431,Formal,6.49
LN103344,8466511,8.2,240,South Mumbai,2016-10-20,0.0134,Formal,4.27
LN103345,19246135,7.67,240,Mumbai Suburbs,2018-04-29,0.0639,Formal,6.31
LN103346,12038932,6.79,180,South Mumbai,2017-05-26,0.0475,Formal,6.81
LN103347,15639413,8.43,180,Navi Mumbai,2016-06-22,0.0645,Formal,6.91
LN103348,5999111,7.45,300,Navi Mumbai,2019-10-02,0.1149,Formal,4.15
LN103349,2420858,8.65,360,South Mumbai,2020-09-22,0.0561,Formal,6.44
LN103350,2748982,9.92,300,Mumbai Suburbs,2015-02-05,0.0907,Formal,6.79
LN103351,17448425,6.89,360,South Mumbai,2017-03-31,0.0543,Formal,5.39
LN103352,14996474,7.24,360,South Mumbai,2019-05-30,0.0725,Informal,5.9
LN103353,15579873,8.16,180,Mumbai Suburbs,2015-03-11,0.0636,Formal,4.93
LN103354,9466685,9.89,240,Mumbai Suburbs,2018-06-27,0.068,Informal,5.09
LN103355,14837264,9.2,240,Navi Mumbai,2018-06-15,0.0561,Formal,5.76
LN103356,15749151,9.64,180,Mumbai Suburbs,2022-02-09,0.1035,Formal,4.53
LN103357,15430217,7.67,300,Mumbai Suburbs,2021-05-23,0.079,Formal,5.3
LN103358,11029840,9.97,240,South Mumbai,2015-10-22,0.0635,Informal,5.06
LN103359,17733743,6.86,300,South Mumbai,2020-01-29,0.0873,Informal,4.83
LN103360,15975128,6.69,240,Navi Mumbai,2017-01-23,0.0639,Formal,5.69
LN103361,6122964,9.49,300,South Mumbai,2022-10-23,0.0935,Formal,6.94
LN103362,5095077,9.75,360,Navi Mumbai,2015-03-01,0.0246,Informal,4.85
LN103363,5630232,6.82,360,South Mumbai,2018-03-19,0.1239,Formal,6.31
LN103364,1920114,6.9,240,Mumbai Suburbs,2022-04-02,0.0652,Formal,4.89
LN103365,9990499,6.62,300,Navi Mumbai,2015-12-02,0.0258,Formal,4.5
LN103366,16762512,6.87,300,South Mumbai,2016-10-25,0.0825,Formal,7.3
LN103367,14904360,7.23,360,Mumbai Suburbs,2020-02-07,0.0988,Formal,6.22
LN103368,16037310,9.9,300,Mumbai Suburbs,2018-06-21,0.0293,Informal,4.37
LN103369,12918529,8.84,180,South Mumbai,2016-06-04,0.0458,Formal,6.21
LN103370,9147047,9.22,300,Mumbai Suburbs,2015-05-10,0.0904,Informal,4.62
LN103371,3182926,9.22,360,South Mumbai,2020-12-22,0.0769,Formal,7.11
LN103372,15556255,8.37,180,South Mumbai,2017-05-26,0.0468,Formal,4.87
LN103373,4344250,9.29,180,South Mumbai,2020-11-18,0.0525,Formal,6.82
LN103374,1537977,8.59,300,Navi Mumbai,2016-11-22,0.0225,Formal,4.7
LN103375,11387622,7.6,360,South Mumbai,2018-01-17,0.0304,Formal,5.95
LN103376,10946749,8.46,360,South Mumbai,2018-08-08,0.0098,Informal,7.19
LN103377,4668280,8.37,360,Mumbai Suburbs,2018-08-07,0.0495,Formal,5.04
LN103378,3723408,9.38,180,Mumbai Suburbs,2021-09-18,0.0803,Formal,4.28
LN103379,11236666,9.94,360,Mumbai Suburbs,2015-03-17,0.052,Formal,5.93
LN103380,7637640,7.94,180,South Mumbai,2022-03-19,0.0935,Formal,4.6
LN103381,7837388,9.17,180,Mumbai Suburbs,2017-05-21,0.0406,Formal,6.55
LN103382,11547781,6.85,240,Mumbai Suburbs,2016-10-11,0.0153,Informal,6.07
LN103383,5654419,9.22,300,Mumbai Suburbs,2015-06-22,0.0946,Formal,5.21
LN103384,9430899,7.8,360,South Mumbai,2016-01-05,0.071,Formal,6.47
LN103385,5622580,6.64,180,Mumbai Suburbs,2020-11-01,0.0968,Informal,4.83
LN103386,8245136,7.77,300,Mumbai Suburbs,2020-01-02,0.0499,Formal,7.21
LN103387,3122827,8.64,180,Mumbai Suburbs,2017-07-27,0.1077,Formal,5.21
LN103388,8637174,6.92,300,South Mumbai,2022-04-30,0.0277,Formal,6.67
LN103389,11457279,9.73,180,South Mumbai,2016-12-05,0.0514,Formal,4.9
LN103390,18485888,6.77,360,Mumbai Suburbs,2016-04-04,0.0722,Informal,6.5
LN103391,1296063,9.76,240,Navi Mumbai,2021-06-27,0.0459,Formal,4.11
LN103392,2383875,8.97,240,South Mumbai,2015-09-15,0.0668,Formal,5.03
LN103393,7625169,7.65,240,Mumbai Suburbs,2020-08-06,0.0974,Formal,4.33
LN103394,2876336,7.87,180,South Mumbai,2021-07-30,0.0713,Formal,5.58
LN103395,8541586,9.09,300,Mumbai Suburbs,2020-09-11,0.0546,Formal,5.52
LN103396,4956778,8.61,360,Mumbai Suburbs,2019-08-05,0.0968,Informal,5.26
LN103397,14141875,8.85,360,Navi Mumbai,2019-05-14,0.0754,Formal,7.43
LN103398,16485415,7.86,180,South Mumbai,2021-06-10,0.0598,Formal,4.85
LN103399,3887757,8.21,240,Mumbai Suburbs,2018-04-19,0.0576,Formal,6.77
LN103400,3468665,9.96,180,Mumbai Suburbs,2021-08-07,0.049,Formal,5.57
LN103401,7472973,7.25,300,Navi Mumbai,2018-08-23,0.0853,Formal,5.17
LN103402,1692924,7.96,240,Mumbai Suburbs,2018-07-11,0.0864,Informal,4.71
LN103403,17167670,7.52,180,South Mumbai,2018-09-07,0.098,Formal,6.22
LN103404,3570115,9.18,300,Navi Mumbai,2020-05-04,0.0729,Formal,5.17
LN103405,19438871,9.17,240,South Mumbai,2017-11-20,0.0437,Formal,6.85
LN103406,8499066,7.52,360,Mumbai Suburbs,2016-01-25,0.0699,Formal,7.39
LN103407,5672412,6.78,300,Navi Mumbai,2018-11-02,0.0431,Formal,4.79
LN103408,14177733,6.54,360,South Mumbai,2018-11-14,0.0649,Informal,4.45
LN103409,14059040,8,300,Mumbai Suburbs,2018-03-01,0.1023,Formal,5.1
LN103410,8181479,7.94,240,Navi Mumbai,2021-08-23,0.0954,Formal,5.63
LN103411,18810884,9.96,180,Navi Mumbai,2019-01-22,0.0872,Formal,5.05
LN103412,15025093,8.14,180,Mumbai Suburbs,2015-12-05,0.0593,Formal,7.4
LN103413,6604327,7.4,180,South Mumbai,2021-01-24,0.0869,Formal,6.73
LN103414,3473199,9.62,180,Mumbai Suburbs,2015-03-24,0.0408,Formal,7.38
LN103415,14436735,8.22,300,Mumbai Suburbs,2017-07-27,0.0161,Formal,5.31
LN103416,15917565,8.6,180,Mumbai Suburbs,2017-09-16,0.0682,Informal,5.07
LN103417,1708175,6.83,180,Navi Mumbai,2017-02-24,0.0487,Formal,5.43
LN103418,19644522,7.84,300,South Mumbai,2017-01-03,0.1135,Informal,5.83
LN103419,18620056,9.8,300,South Mumbai,2020-03-06,0.109,Informal,6.6
LN103420,5394643,8.56,240,Mumbai Suburbs,2019-11-27,0.0393,Formal,7.08
LN103421,1125355,7.71,300,Navi Mumbai,2020-02-21,0.0808,Formal,5.62
LN103422,5222102,8.69,360,Mumbai Suburbs,2017-09-14,0.0008,Informal,5.01
LN103423,18393153,9.69,240,Navi Mumbai,2022-08-25,0.0702,Formal,5.12
LN103424,19152823,7.46,240,Navi Mumbai,2022-09-05,0.0694,Formal,6.44
LN103425,17796693,8.27,180,Navi Mumbai,2022-07-10,0.0302,Formal,5.99
LN103426,4556210,9.86,180,Navi Mumbai,2020-12-29,0.065,Formal,5.7
LN103427,7508856,7.1,360,Navi Mumbai,2021-03-03,0.0322,Formal,4.71
LN103428,3487111,9.02,180,Navi Mumbai,2018-09-10,0.0856,Formal,7.06
LN103429,3009606,8.65,300,Mumbai Suburbs,2021-05-14,0.0656,Informal,6.73
LN103430,2559757,8.88,300,South Mumbai,2019-08-06,0.1048,Formal,4.49
LN103431,7156738,7.73,180,South Mumbai,2017-05-01,0.0141,Formal,5.29
LN103432,13856498,7.6,180,South Mumbai,2022-03-04,0.034,Formal,5.9
LN103433,19658513,8.89,300,South Mumbai,2017-10-20,0.0454,Formal,5.59
LN103434,10212367,7.25,240,South Mumbai,2015-05-09,0.0747,Informal,5.39
LN103435,9519792,7.97,360,Navi Mumbai,2017-05-13,0.0681,Formal,6.52
LN103436,18912843,7.16,360,Mumbai Suburbs,2022-05-14,0.0728,Informal,4.19
LN103437,1245300,6.53,240,Mumbai Suburbs,2022-03-11,0.0405,Formal,5.65
LN103438,9972618,9.9,360,Mumbai Suburbs,2015-12-04,0.0029,Formal,4.92
LN103439,17869252,8.01,180,Mumbai Suburbs,2015-01-10,0.0372,Formal,4.3
LN103440,6995802,9.89,180,South Mumbai,2021-02-13,0.1022,Informal,5.63
LN103441,18630608,6.99,180,Navi Mumbai,2020-05-10,0.0414,Formal,4.6
LN103442,4662340,8.56,360,Mumbai Suburbs,2020-07-20,0.0653,Formal,4.9
LN103443,13818331,7.2,240,Mumbai Suburbs,2019-09-24,0.0618,Formal,5.77
LN103444,17931908,9.27,180,South Mumbai,2020-01-05,0.0655,Informal,7.41
LN103445,11779706,9.24,240,Mumbai Suburbs,2018-12-07,0.0199,Formal,6.39
LN103446,19435104,6.89,300,Navi Mumbai,2018-01-03,0.0845,Formal,4.98
LN103447,14225839,9.69,300,South Mumbai,2016-02-24,0.057,Formal,5.34
LN103448,19602180,7.18,300,Navi Mumbai,2019-06-10,0.1293,Formal,5.42
LN103449,8724922,8.65,360,South Mumbai,2017-11-16,0.0488,Formal,4.54
LN103450,9152513,9.95,360,Mumbai Suburbs,2018-05-31,0.0893,Formal,4.56
LN103451,10777117,9.59,180,Navi Mumbai,2017-04-04,0.0484,Informal,4.52
LN103452,5764812,9.85,300,Navi Mumbai,2022-03-28,0.1176,Formal,5.83
LN103453,16512659,7.7,240,South Mumbai,2020-07-24,0.0819,Informal,6.36
LN103454,16803917,6.87,360,South Mumbai,2018-07-23,0.0214,Formal,6.07
LN103455,19345362,7.16,240,Mumbai Suburbs,2016-05-18,0.1022,Formal,7.42
LN103456,18260671,8.25,240,South Mumbai,2019-09-12,0.0833,Formal,4.44
LN103457,5036405,9.28,180,Mumbai Suburbs,2022-07-04,0.046,Formal,7.45
LN103458,19963484,7.03,180,Mumbai Suburbs,2022-07-09,0.0116,Formal,5.63
LN103459,13376401,8.81,240,Mumbai Suburbs,2021-06-26,0.0959,Formal,4.77
LN103460,17202558,7.63,240,South Mumbai,2022-02-21,0.1118,Informal,7.3
LN103461,11013385,7.69,240,Mumbai Suburbs,2018-05-15,0.0936,Formal,5.64
LN103462,3871656,8.82,240,Navi Mumbai,2016-01-25,0.0861,Informal,5.22
LN103463,17347704,8.13,300,Mumbai Suburbs,2016-06-26,0.0767,Formal,4.75
LN103464,16754631,9.34,240,Mumbai Suburbs,2018-07-04,0.0918,Formal,4.94
LN103465,14211292,7.05,360,Mumbai Suburbs,2021-03-19,0.0521,Formal,7.43
LN103466,3326729,9.26,180,South Mumbai,2019-10-14,0.0056,Formal,5.06
LN103467,7695233,6.72,360,South Mumbai,2017-12-13,0.0828,Informal,7.42
LN103468,9274437,7.18,180,Mumbai Suburbs,2022-08-24,0.0718,Informal,5.16
LN103469,4907129,8.8,180,South Mumbai,2020-10-01,0.0179,Formal,4.81
LN103470,17872772,9.49,180,Mumbai Suburbs,2016-11-09,0,Formal,4.64
LN103471,11286491,7.38,360,Mumbai Suburbs,2019-03-25,0.0624,Formal,5.44
LN103472,4469992,7.65,180,Mumbai Suburbs,2019-10-17,0.0553,Informal,4.83
LN103473,16075268,8.38,240,South Mumbai,2021-03-19,0.0528,Formal,6.44
LN103474,10944145,7.24,240,Mumbai Suburbs,2019-02-19,0.0774,Informal,4.84
LN103475,7139353,9.34,300,Mumbai Suburbs,2015-11-23,0.0376,Formal,6.92
LN103476,18429971,9.21,300,South Mumbai,2021-03-17,0.0806,Formal,6.92
LN103477,4666344,7.01,300,South Mumbai,2020-02-17,0.0808,Formal,5
LN103478,6650352,8.12,240,Mumbai Suburbs,2020-07-05,0,Formal,6.64
LN103479,12914970,9.21,360,Mumbai Suburbs,2022-12-14,0.0579,Formal,7
LN103480,18520304,7.68,300,South Mumbai,2022-09-22,0.066,Formal,6.07
LN103481,17019014,8.72,240,South Mumbai,2021-04-21,0.0824,Informal,5.28
LN103482,17836994,6.68,180,South Mumbai,2020-12-23,0.0765,Formal,5.54
LN103483,10483017,8.63,360,Navi Mumbai,2015-12-25,0.0075,Informal,6.75
LN103484,6003361,7.03,360,Mumbai Suburbs,2018-01-29,0.0629,Formal,5.03
LN103485,13493007,9.41,240,Mumbai Suburbs,2017-03-21,0.0522,Informal,5.17
LN103486,12730711,7.74,240,Navi Mumbai,2018-10-19,0.0922,Informal,4.56
LN103487,3173513,7.49,180,Mumbai Suburbs,2018-05-27,0.024,Formal,5.4
LN103488,10787557,9.44,180,Mumbai Suburbs,2021-07-28,0.0599,Informal,4.3
LN103489,15246041,6.68,180,South Mumbai,2021-09-24,0.0861,Informal,5.12
LN103490,9910762,7.89,360,Mumbai Suburbs,2017-08-25,0.0828,Formal,5.31
LN103491,7913462,7.8,360,South Mumbai,2021-06-01,0.0554,Informal,4.89
LN103492,2011930,7.5,300,Mumbai Suburbs,2016-11-09,0.0954,Formal,4.35
LN103493,16664622,9.69,300,South Mumbai,2022-02-04,0.0381,Formal,5.83
LN103494,2785818,9.13,300,South Mumbai,2016-01-11,0.082,Formal,7.03
LN103495,3951720,6.72,360,South Mumbai,2022-02-25,0.0869,Formal,5.17
LN103496,3082963,9,180,Mumbai Suburbs,2022-12-05,0.019,Formal,4.83
LN103497,1289134,8.35,300,Navi Mumbai,2020-11-10,0.0991,Informal,5
LN103498,8632285,9.65,180,Mumbai Suburbs,2022-08-20,0.0105,Informal,7.02
LN103499,5324660,7.6,180,Navi Mumbai,2022-08-13,0.0712,Informal,5.85
LN103500,3866069,8.51,180,Mumbai Suburbs,2021-09-10,0.0459,Formal,4.46
LN103501,18514306,8.25,300,Mumbai Suburbs,2017-01-20,0.0904,Informal,6.48
LN103502,4835598,8.21,300,South Mumbai,2020-04-17,0.0699,Formal,4.54
LN103503,5982042,8.1,180,Navi Mumbai,2018-01-05,0.1137,Informal,4.21
LN103504,18829641,7.22,300,South Mumbai,2016-04-27,0.0941,Formal,4.89
LN103505,16053280,9.14,240,Mumbai Suburbs,2020-02-09,0.064,Informal,4.59
LN103506,1777567,8.08,300,Mumbai Suburbs,2020-11-05,0.0962,Formal,6.12
LN103507,3716207,9.85,180,Mumbai Suburbs,2017-09-22,0.0569,Informal,5.7
LN103508,2749736,7.41,180,South Mumbai,2020-07-04,0.0273,Informal,6.53
LN103509,10958842,8.89,360,Mumbai Suburbs,2017-09-10,0.0463,Informal,5.79
LN103510,17828923,9.79,360,Navi Mumbai,2016-10-19,0.0566,Formal,5.47
LN103511,9669441,8.82,180,Navi Mumbai,2016-12-23,0,Informal,5.84
LN103512,10477571,9.55,240,Navi Mumbai,2020-03-03,0.1015,Informal,5.52
LN103513,7104128,9.4,360,Mumbai Suburbs,2017-01-22,0.0571,Formal,4.13
LN103514,19654361,7.76,180,Mumbai Suburbs,2017-04-26,0.0889,Formal,6.38
LN103515,17201688,8.6,360,South Mumbai,2016-12-26,0.0648,Formal,7.37
LN103516,13383028,7.05,360,Navi Mumbai,2017-10-10,0.0138,Informal,5.48
LN103517,10223482,8.37,180,Mumbai Suburbs,2019-09-27,0.0624,Formal,5.48
LN103518,10278101,7.31,300,Mumbai Suburbs,2021-08-06,0.0564,Informal,4.16
LN103519,7687666,9.1,240,Navi Mumbai,2021-03-15,0.0394,Formal,7.12
LN103520,1778799,8.35,300,Mumbai Suburbs,2022-08-27,0.0483,Formal,7.25
LN103521,8079701,7.94,180,Mumbai Suburbs,2021-05-15,0.0608,Informal,6.85
LN103522,1879459,7.44,180,South Mumbai,2018-07-28,0,Formal,4.37
LN103523,2822744,10,240,Mumbai Suburbs,2018-06-23,0.0708,Formal,7.15
LN103524,16521772,6.75,180,Navi Mumbai,2021-03-27,0.0781,Informal,4.08
LN103525,9167707,6.65,360,Mumbai Suburbs,2015-10-13,0.075,Formal,5.56
LN103526,11679744,7.26,240,South Mumbai,2017-06-06,0.0516,Formal,5.75
LN103527,13030252,9.9,300,South Mumbai,2018-03-08,0.1189,Informal,6.92
LN103528,14321008,9.93,240,Mumbai Suburbs,2017-05-03,0.0753,Informal,6.63
LN103529,13573832,8.79,300,Mumbai Suburbs,2015-07-24,0.0475,Formal,6.79
LN103530,10240658,9.58,180,South Mumbai,2017-09-17,0.0228,Formal,7.04
LN103531,8446153,7.25,300,Mumbai Suburbs,2018-08-15,0.0191,Formal,5.67
LN103532,3567587,9.9,300,Mumbai Suburbs,2020-09-11,0.072,Formal,6.73
LN103533,17596204,7,300,Mumbai Suburbs,2015-04-23,0.0817,Formal,4.24
LN103534,1264237,6.85,240,South Mumbai,2018-03-20,0.0637,Formal,5.56
LN103535,5469353,6.89,360,Mumbai Suburbs,2021-01-30,0.0583,Formal,4.11
LN103536,3514719,8.51,300,Mumbai Suburbs,2017-12-02,0.0498,Informal,7.2
LN103537,17021765,9.23,240,Mumbai Suburbs,2016-05-04,0.0748,Formal,7.35
LN103538,2908911,7.78,240,Navi Mumbai,2018-11-17,0.0367,Formal,4.29
LN103539,5002981,9.92,360,South Mumbai,2018-10-01,0.0594,Formal,5.86
LN103540,2419920,8.02,240,Mumbai Suburbs,2019-01-19,0.0628,Formal,5.14
LN103541,3179441,7.03,180,Mumbai Suburbs,2021-08-01,0.0773,Formal,5.2
LN103542,3737946,8.13,180,Mumbai Suburbs,2020-11-19,0.0355,Formal,5.58
LN103543,17730165,8.88,180,Mumbai Suburbs,2021-05-29,0.0299,Formal,4.44
LN103544,3088062,9.41,360,South Mumbai,2022-05-09,0.0615,Formal,4.63
LN103545,11745240,8.11,240,Mumbai Suburbs,2015-09-21,0.0662,Formal,6.02
LN103546,19612123,8.58,180,Mumbai Suburbs,2016-09-25,0.0598,Informal,4.07
LN103547,9352110,7.44,300,Mumbai Suburbs,2022-02-13,0,Informal,6.1
LN103548,4861774,8.76,240,South Mumbai,2019-11-18,0.07,Formal,5.12
LN103549,4800986,9.95,180,South Mumbai,2016-04-02,0.1371,Formal,6.91
LN103550,6332889,6.67,240,Mumbai Suburbs,2021-12-13,0.0875,Formal,6.1
LN103551,18501074,9.6,180,South Mumbai,2018-09-23,0.0013,Informal,6.48
LN103552,16103223,8.47,300,Mumbai Suburbs,2020-10-24,0.0478,Formal,4.4
LN103553,12207515,7.38,240,South Mumbai,2015-01-22,0.0541,Formal,4.93
LN103554,17822032,9.84,180,Mumbai Suburbs,2018-03-15,0.0504,Formal,7.49
LN103555,1004138,8.19,180,Navi Mumbai,2022-04-16,0.0228,Formal,5.52
LN103556,14379795,7.66,300,Mumbai Suburbs,2019-12-30,0.0332,Formal,5.26
LN103557,4864044,7.14,300,Mumbai Suburbs,2015-12-21,0.088,Formal,7.06
LN103558,17998768,7.36,180,Navi Mumbai,2021-12-17,0.0824,Informal,4.12
LN103559,11608790,9.41,180,Mumbai Suburbs,2021-02-25,0.0567,Informal,5.87
LN103560,14501550,8.65,360,Mumbai Suburbs,2018-04-23,0.0884,Formal,4.74
LN103561,19675167,9.7,360,Navi Mumbai,2018-09-11,0.0403,Formal,5.29
LN103562,19934496,7.31,240,Mumbai Suburbs,2019-01-10,0.0497,Formal,4.7
LN103563,15899192,6.92,240,Mumbai Suburbs,2019-06-22,0.0491,Formal,4.13
LN103564,1808301,6.52,360,Mumbai Suburbs,2015-11-08,0.0135,Formal,5.46
LN103565,1112935,8.28,180,Navi Mumbai,2019-05-14,0.0523,Formal,6.76
LN103566,15166218,9.99,300,South Mumbai,2016-06-22,0.1091,Formal,7.33
LN103567,13440497,8.93,240,South Mumbai,2020-01-10,0.1059,Formal,6.18
LN103568,19927421,7.58,180,South Mumbai,2019-12-21,0.0635,Formal,5.36
LN103569,15369952,9.57,300,South Mumbai,2021-09-21,0.0534,Formal,6.69
LN103570,5280650,9.24,300,Mumbai Suburbs,2018-08-09,0.1131,Formal,5.77
LN103571,5523535,6.55,180,Navi Mumbai,2015-08-13,0.0526,Formal,5.29
LN103572,13988753,9.36,180,Mumbai Suburbs,2019-02-26,0.0444,Formal,4.63
LN103573,11970761,7.55,240,South Mumbai,2019-11-16,0.0887,Formal,6.79
LN103574,10241937,7.02,360,Mumbai Suburbs,2015-05-22,0.0087,Formal,5.75
LN103575,2730085,7.29,180,Mumbai Suburbs,2016-09-04,0.0567,Formal,7.37
LN103576,3026110,8.14,360,Mumbai Suburbs,2020-08-15,0.058,Informal,6.81
LN103577,12473170,7.99,240,Mumbai Suburbs,2017-07-11,0.0755,Formal,5.47
LN103578,6641379,7.51,360,Navi Mumbai,2019-09-02,0.0422,Formal,6.59
LN103579,13983738,7.1,360,Mumbai Suburbs,2022-03-02,0.0549,Formal,5.59
LN103580,9825150,9.17,300,South Mumbai,2017-03-20,0.0628,Formal,4.28
LN103581,3980672,9.97,240,Mumbai Suburbs,2016-07-28,0.0524,Formal,5.81
LN103582,15418934,9.22,180,Mumbai Suburbs,2017-03-01,0.0544,Formal,7.03
LN103583,16214455,7.54,360,Mumbai Suburbs,2017-09-17,0.085,Informal,6.99
LN103584,15107226,7.36,240,South Mumbai,2019-09-23,0.0774,Informal,6.01
LN103585,11450695,7.26,300,South Mumbai,2021-06-19,0.0755,Formal,5.33
LN103586,17859625,6.98,300,Mumbai Suburbs,2021-01-18,0.0107,Informal,4.04
LN103587,14281788,8.43,360,Mumbai Suburbs,2017-06-13,0.0729,Formal,5.09
LN103588,13213866,8.62,360,Mumbai Suburbs,2016-05-23,0.0348,Informal,7.46
LN103589,14866352,8.97,180,Navi Mumbai,2018-07-25,0.1197,Formal,6.54
LN103590,6417755,8.88,240,Navi Mumbai,2015-04-20,0.0597,Formal,6.51
LN103591,6131104,7.52,180,South Mumbai,2016-05-27,0.0541,Formal,6.66
LN103592,2927716,7.66,180,Mumbai Suburbs,2016-11-30,0.1056,Formal,6.17
LN103593,11310280,8.89,300,South Mumbai,2019-09-18,0.0963,Formal,6.05
LN103594,17140113,7.72,240,Mumbai Suburbs,2021-06-09,0.0529,Formal,5.59
LN103595,6241684,7.24,180,Mumbai Suburbs,2019-05-22,0.0247,Formal,5.55
LN103596,11032315,7.81,300,South Mumbai,2022-05-17,0.0071,Formal,7.05
LN103597,17215665,7.45,360,Mumbai Suburbs,2020-10-12,0.0286,Informal,5.38
LN103598,4800315,6.81,180,Navi Mumbai,2021-12-29,0.0696,Formal,6.94
LN103599,17160362,9.41,360,South Mumbai,2019-04-30,0.0556,Formal,6.93
LN103600,12756878,9.49,240,South Mumbai,2015-07-24,0.0319,Formal,6.7
LN103601,7469723,7.27,180,Mumbai Suburbs,2021-08-24,0.0482,Informal,4.13
LN103602,1344126,6.73,360,Mumbai Suburbs,2016-02-01,0.1115,Formal,4.52
LN103603,15261909,9.09,360,Mumbai Suburbs,2017-08-03,0.0936,Formal,5.1
LN103604,17525823,7.24,240,Mumbai Suburbs,2021-06-21,0.1126,Informal,6.97
LN103605,18914627,7.88,300,Mumbai Suburbs,2022-07-17,0.0393,Informal,7.06
LN103606,19447573,6.72,300,Mumbai Suburbs,2022-06-22,0.0842,Formal,4.15
LN103607,12301119,7.29,180,Mumbai Suburbs,2021-12-09,0.0811,Formal,5.14
LN103608,6939334,9.28,360,Mumbai Suburbs,2019-02-17,0.1041,Formal,6.98
LN103609,7393404,9.32,300,Mumbai Suburbs,2017-05-05,0.0603,Formal,4.87
LN103610,4330922,7.22,180,Navi Mumbai,2022-09-18,0.0365,Informal,7.42
LN103611,17452814,7.68,360,South Mumbai,2015-10-15,0.0329,Formal,5.71
LN103612,9686594,6.97,180,South Mumbai,2020-01-20,0.0596,Formal,7.28
LN103613,15693325,6.76,240,South Mumbai,2019-04-07,0.0623,Informal,5.5
LN103614,16805349,9.97,180,Navi Mumbai,2019-07-20,0.0682,Formal,5.13
LN103615,11854520,8.79,240,Mumbai Suburbs,2018-03-20,0.0181,Formal,5.27
LN103616,11411392,8.4,360,Mumbai Suburbs,2018-10-01,0.0988,Formal,7.1
LN103617,10242213,9.18,360,Navi Mumbai,2022-12-18,0.0194,Formal,5.16
LN103618,14925413,9.44,360,Navi Mumbai,2017-02-20,0.0987,Formal,6.34
LN103619,11761556,9.32,180,Navi Mumbai,2016-12-27,0.0503,Formal,5.64
LN103620,19093039,6.56,360,South Mumbai,2017-06-15,0.1154,Formal,7.3
LN103621,4433372,7.15,360,Navi Mumbai,2017-04-04,0.0076,Formal,4.56
LN103622,1770692,8.79,240,Mumbai Suburbs,2021-01-18,0.0953,Formal,5.5
LN103623,1673812,7.82,360,South Mumbai,2022-10-30,0.0291,Formal,4.44
LN103624,8797698,9.94,360,Mumbai Suburbs,2017-03-28,0.0269,Formal,6.02
LN103625,7982252,8.83,360,Mumbai Suburbs,2022-03-28,0.1097,Informal,5.41
LN103626,4817042,9.85,300,South Mumbai,2020-12-30,0.0826,Formal,4.21
LN103627,5539170,7.21,360,Mumbai Suburbs,2016-11-01,0.0157,Formal,6.97
LN103628,5969411,9.52,180,Navi Mumbai,2018-05-19,0.0661,Formal,5.31
LN103629,1536644,7.62,240,Mumbai Suburbs,2022-07-13,0.1021,Informal,5.73
LN103630,1652416,9.96,360,Mumbai Suburbs,2016-02-14,0.0768,Formal,5.43
LN103631,12536523,7.05,180,Mumbai Suburbs,2015-06-01,0.0609,Formal,5.71
LN103632,19484758,8.31,240,Navi Mumbai,2016-08-16,0.0945,Informal,4.06
LN103633,2474620,9.27,240,South Mumbai,2018-04-11,0.0711,Informal,6.85
LN103634,10563454,8.01,180,Mumbai Suburbs,2021-08-18,0.0102,Formal,5.16
LN103635,2849395,8.14,180,South Mumbai,2021-12-18,0.0629,Formal,6.54
LN103636,1989336,9.95,300,Navi Mumbai,2022-07-28,0.0745,Informal,4.23
LN103637,14350198,7.99,300,South Mumbai,2018-02-26,0.0667,Formal,5.83
LN103638,13294121,8.61,360,Mumbai Suburbs,2019-11-04,0.0479,Informal,7.18
LN103639,16551270,6.69,300,Mumbai Suburbs,2017-11-28,0.0737,Informal,5.39
LN103640,6666912,9.45,180,Navi Mumbai,2022-02-04,0.0655,Formal,4.69
LN103641,5318420,8.77,300,South Mumbai,2017-01-31,0.0002,Informal,4.35
LN103642,10044104,7.91,240,Mumbai Suburbs,2020-09-12,0.0202,Formal,7.01
LN103643,4205228,6.56,180,South Mumbai,2015-02-12,0.0693,Informal,4.84
LN103644,14453858,8.57,360,Navi Mumbai,2019-02-06,0.0824,Formal,7.41
LN103645,7717526,6.54,240,Mumbai Suburbs,2019-06-17,0.0367,Formal,4.87
LN103646,9464848,6.5,240,Mumbai Suburbs,2022-08-14,0.0821,Informal,5.68
LN103647,5429899,8.66,240,Mumbai Suburbs,2016-08-27,0.075,Formal,5.6
LN103648,4891151,7.16,180,Mumbai Suburbs,2021-01-08,0.0543,Informal,4.22
LN103649,2948061,7.17,180,South Mumbai,2022-02-07,0.0728,Formal,5.86
LN103650,8347000,8.79,360,Mumbai Suburbs,2021-07-17,0.0721,Formal,6.35
LN103651,6032661,6.69,300,Navi Mumbai,2021-07-30,0.0863,Formal,6.6
LN103652,18675548,7.6,300,Mumbai Suburbs,2015-07-13,0.0877,Informal,5.83
LN103653,8603876,7.02,300,Navi Mumbai,2019-06-17,0.0287,Formal,6.84
LN103654,14654687,8.53,300,South Mumbai,2021-12-09,0.038,Informal,6.63
LN103655,9551795,8.82,240,Navi Mumbai,2018-06-18,0.1043,Formal,4.68
LN103656,14038062,9.02,180,Mumbai Suburbs,2021-08-04,0.0865,Formal,5.41
LN103657,2562518,7.39,300,Mumbai Suburbs,2020-08-17,0.0792,Informal,4.5
LN103658,6248400,6.81,240,Mumbai Suburbs,2021-03-09,0.0838,Formal,4.47
LN103659,9556135,6.78,180,Mumbai Suburbs,2020-08-28,0.0941,Formal,6.49
LN103660,16450708,7.99,180,Mumbai Suburbs,2019-02-16,0.064,Informal,5.86
LN103661,3744804,9.81,180,Mumbai Suburbs,2018-06-20,0.0486,Formal,6.1
LN103662,2587819,7.26,240,Mumbai Suburbs,2017-04-29,0.0768,Informal,6.56
LN103663,10908981,7.4,300,South Mumbai,2020-05-20,0.0592,Informal,4.97
LN103664,7356381,6.85,180,Mumbai Suburbs,2017-02-21,0.1065,Formal,5.4
LN103665,16049424,8.62,240,Mumbai Suburbs,2019-03-15,0.106,Informal,6.12
LN103666,1594557,8.88,180,Mumbai Suburbs,2015-01-30,0.0867,Formal,4.34
LN103667,8239914,8.75,360,Mumbai Suburbs,2016-06-03,0.0217,Formal,6.92
LN103668,1990121,9.51,360,Mumbai Suburbs,2020-09-02,0.0271,Formal,5.2
LN103669,19502265,8.2,240,Mumbai Suburbs,2017-04-06,0.0205,Informal,6.31
LN103670,12634313,6.97,300,South Mumbai,2015-05-15,0.0656,Informal,7.48
LN103671,8845870,7.51,300,Mumbai Suburbs,2017-09-06,0.0877,Formal,5.66
LN103672,17247803,8.82,180,South Mumbai,2017-04-07,0.0508,Formal,4.75
LN103673,18260658,8.65,300,Mumbai Suburbs,2021-08-20,0.0406,Formal,4.76
LN103674,16510435,8.36,300,South Mumbai,2015-04-17,0.0631,Formal,4.21
LN103675,6272225,8.89,360,Mumbai Suburbs,2015-04-16,0.0365,Informal,6.68
LN103676,16460040,8.73,240,Mumbai Suburbs,2019-06-21,0.068,Formal,5.03
LN103677,5109545,9.58,360,Mumbai Suburbs,2019-02-05,0.0527,Informal,4.6
LN103678,14592781,8.55,240,Mumbai Suburbs,2016-01-07,0.0403,Formal,6.5
LN103679,13320422,9.23,180,South Mumbai,2021-06-27,0.0635,Formal,5.08
LN103680,14076726,7.37,360,South Mumbai,2020-12-11,0.0866,Formal,6.1
LN103681,7622766,8.87,240,Mumbai Suburbs,2015-05-02,0.0144,Formal,5.46
LN103682,2751797,9.66,300,Navi Mumbai,2020-08-18,0.065,Formal,5.17
LN103683,9486014,7.85,240,Mumbai Suburbs,2016-08-23,0,Informal,5.71
LN103684,4452814,9.23,300,South Mumbai,2018-07-15,0.0524,Formal,5.1
LN103685,7870679,9.04,180,Mumbai Suburbs,2017-01-05,0.0809,Formal,7.05
LN103686,9038762,6.71,300,Mumbai Suburbs,2019-07-29,0.0907,Formal,4.26
LN103687,10410044,8.54,240,Mumbai Suburbs,2015-08-15,0.0443,Informal,4.11
LN103688,3891912,6.96,360,Navi Mumbai,2020-11-27,0.0439,Informal,5.42
LN103689,8355566,9.89,240,Mumbai Suburbs,2015-05-17,0.0531,Formal,4.6
LN103690,17600352,9.34,360,South Mumbai,2015-03-30,0.0269,Informal,6.6
LN103691,19386400,6.88,240,South Mumbai,2017-12-17,0.0649,Formal,5.24
LN103692,8913490,6.93,240,Mumbai Suburbs,2021-12-16,0.0299,Formal,4.92
LN103693,5798793,8.58,180,Mumbai Suburbs,2022-10-09,0.0767,Informal,5.26
LN103694,16438825,7.71,300,South Mumbai,2017-08-25,0.0385,Formal,4.77
LN103695,3328476,6.62,240,Navi Mumbai,2019-12-14,0.0504,Informal,5.05
LN103696,1484273,8.4,360,Mumbai Suburbs,2022-03-08,0.075,Informal,5.99
LN103697,15342901,7.86,300,Mumbai Suburbs,2018-07-16,0.0791,Formal,7.02
LN103698,6386159,6.85,180,South Mumbai,2017-11-28,0.0777,Formal,5.3
LN103699,6646895,9.31,300,Navi Mumbai,2015-05-11,0.0679,Formal,5.12
LN103700,18503664,9.7,240,Mumbai Suburbs,2020-03-02,0.0274,Formal,6.74
LN103701,16102196,9.15,360,South Mumbai,2018-01-02,0.0591,Informal,4.08
LN103702,1070463,9.38,360,Navi Mumbai,2021-10-06,0.0548,Informal,5.06
LN103703,15773564,7.26,300,Mumbai Suburbs,2015-11-23,0.0474,Formal,5.58
LN103704,6450652,7.42,360,Mumbai Suburbs,2022-02-19,0.0622,Informal,6.1
LN103705,7852902,7.23,240,Navi Mumbai,2016-11-11,0.0341,Formal,4.55
LN103706,10521791,9.18,360,Mumbai Suburbs,2015-03-28,0.059,Formal,5.51
LN103707,17634711,9.82,360,Navi Mumbai,2017-12-31,0.051,Formal,5.98
LN103708,14430854,9.01,360,Navi Mumbai,2016-07-15,0.0463,Formal,5.79
LN103709,6301572,9.59,240,Navi Mumbai,2020-06-04,0.0265,Informal,6.01
LN103710,6116934,8.74,180,South Mumbai,2018-09-27,0.0257,Informal,6.32
LN103711,14107392,7.86,360,Mumbai Suburbs,2020-07-04,0.1003,Informal,5.33
LN103712,11733296,7.99,180,Mumbai Suburbs,2022-10-04,0.0634,Formal,4.22
LN103713,9425021,6.76,300,Mumbai Suburbs,2020-08-26,0.1144,Informal,4.19
LN103714,16872528,6.61,300,Mumbai Suburbs,2022-12-22,0.1159,Formal,7.01
LN103715,6890298,8.93,240,South Mumbai,2016-07-25,0.0969,Formal,6.37
LN103716,9027522,8.03,240,Navi Mumbai,2016-05-28,0.0215,Informal,6.67
LN103717,13057116,8.43,240,Navi Mumbai,2021-11-14,0.1023,Formal,7.25
LN103718,15716532,8.45,240,Mumbai Suburbs,2020-12-12,0.0562,Formal,6.63
LN103719,14531114,7.47,180,South Mumbai,2017-10-20,0.0517,Formal,6.42
LN103720,5860319,8.17,240,South Mumbai,2016-03-20,0.0474,Informal,6.3
LN103721,16907609,8.15,180,South Mumbai,2022-09-29,0.0495,Formal,4.91
LN103722,15054779,7.86,360,Mumbai Suburbs,2016-10-27,0.072,Formal,7.35
LN103723,10304088,9.37,360,Navi Mumbai,2020-11-08,0.129,Formal,5.9
LN103724,9430664,8.08,300,South Mumbai,2016-08-07,0.0108,Formal,4.78
LN103725,19926199,8.61,300,Mumbai Suburbs,2022-11-09,0.1183,Formal,4.73
LN103726,12331383,9.63,180,Mumbai Suburbs,2017-01-01,0.1053,Informal,6.85
LN103727,1773952,9.53,240,South Mumbai,2019-10-23,0.0547,Formal,4.88
LN103728,18685596,9.62,300,Mumbai Suburbs,2021-10-13,0.0451,Informal,4.14
LN103729,5620792,7.45,180,Mumbai Suburbs,2020-05-29,0.0196,Formal,5.5
LN103730,2337768,6.62,300,Navi Mumbai,2017-11-18,0.0328,Formal,6.86
LN103731,4090930,7.41,240,Mumbai Suburbs,2018-03-16,0.0418,Informal,5.45
LN103732,11249579,7.48,180,Mumbai Suburbs,2019-02-06,0.0569,Formal,6.81
LN103733,19291317,9.68,300,Mumbai Suburbs,2022-06-16,0.0591,Formal,6.9
LN103734,11718952,8.77,240,South Mumbai,2018-08-27,0.0828,Informal,7
LN103735,2406150,6.79,180,South Mumbai,2022-12-06,0.0795,Formal,6.06
LN103736,12808156,6.97,180,Mumbai Suburbs,2015-02-19,0.0672,Formal,6.45
LN103737,17126290,7.04,180,South Mumbai,2022-06-18,0.0587,Formal,4.92
LN103738,2229458,8.71,360,South Mumbai,2018-04-14,0.0943,Formal,4.35
LN103739,15652353,9.07,180,Mumbai Suburbs,2019-09-20,0.0852,Formal,5.86
LN103740,15986157,9.51,300,Mumbai Suburbs,2022-09-26,0.0733,Informal,4.04
LN103741,15330290,9.79,180,South Mumbai,2017-06-25,0.0478,Formal,5.63
LN103742,2493551,7.21,180,South Mumbai,2015-11-08,0.0932,Formal,4.36
LN103743,13553863,7.58,180,Mumbai Suburbs,2016-01-04,0.085,Informal,4.38
LN103744,11095125,7.34,180,Mumbai Suburbs,2020-10-16,0.0526,Formal,7.05
LN103745,12586053,7.76,180,Mumbai Suburbs,2015-08-27,0.0025,Formal,6.24
LN103746,9743662,9.7,360,Mumbai Suburbs,2018-04-03,0.0629,Formal,6.26
LN103747,12589816,8.51,240,South Mumbai,2021-11-24,0.0392,Formal,5.42
LN103748,4839847,9.08,360,South Mumbai,2018-05-22,0.0815,Formal,5.45
LN103749,18943886,8.22,300,South Mumbai,2016-12-05,0.0665,Formal,5.06
LN103750,18457883,6.6,240,South Mumbai,2017-06-07,0.0098,Informal,5.52
LN103751,17290476,6.72,300,Navi Mumbai,2020-07-14,0.0688,Formal,6.05
LN103752,3014017,8.38,180,Mumbai Suburbs,2020-09-03,0.1115,Informal,4.65
LN103753,17255310,9.02,300,Mumbai Suburbs,2021-03-08,0.0554,Formal,4.92
LN103754,19776698,7.25,360,Mumbai Suburbs,2017-11-25,0.0597,Formal,5.73
LN103755,17213737,9.03,360,South Mumbai,2015-01-11,0.0497,Formal,5.35
LN103756,4649244,9.34,180,South Mumbai,2018-11-22,0.0622,Formal,6.87
LN103757,5614466,7.94,180,Navi Mumbai,2017-02-16,0.1062,Formal,6.88
LN103758,6846866,9.11,240,Navi Mumbai,2022-02-14,0.0917,Informal,5.18
LN103759,12477197,7.91,360,Mumbai Suburbs,2022-08-06,0.0427,Informal,5.58
LN103760,16072182,8.87,360,Mumbai Suburbs,2018-04-10,0.0578,Formal,7.42
LN103761,11250813,9.17,240,Mumbai Suburbs,2018-06-27,0.0598,Formal,6.9
LN103762,15177786,9.97,360,South Mumbai,2016-11-12,0.0723,Formal,4.75
LN103763,10854523,7.71,240,South Mumbai,2018-11-07,0.0729,Informal,4.98
LN103764,18127283,7.94,360,South Mumbai,2021-03-18,0.0571,Formal,4.29
LN103765,3059385,7.08,300,Mumbai Suburbs,2022-09-01,0.0227,Formal,6.37
LN103766,3367322,7.21,300,South Mumbai,2020-11-15,0.0566,Formal,5.11
LN103767,19152861,8.93,240,Mumbai Suburbs,2017-12-02,0.0491,Formal,5.88
LN103768,14927297,9.71,240,Mumbai Suburbs,2021-10-04,0.0331,Formal,6.69
LN103769,7964705,7.88,180,Mumbai Suburbs,2017-04-03,0.0837,Informal,6.93
LN103770,10088503,7.13,360,South Mumbai,2017-04-26,0.0606,Formal,5.14
LN103771,7632142,7.5,300,Mumbai Suburbs,2022-06-21,0.029,Formal,4.83
LN103772,8656495,8.09,180,Mumbai Suburbs,2017-11-07,0.1194,Informal,6.97
LN103773,18022360,7.52,360,South Mumbai,2019-07-01,0.0725,Formal,5.33
LN103774,13412835,7.32,300,South Mumbai,2018-11-03,0.0838,Informal,6.88
LN103775,4822727,9.08,360,Mumbai Suburbs,2020-10-30,0.0914,Formal,4.52
LN103776,19021576,6.53,240,South Mumbai,2022-06-04,0.0469,Formal,7.19
LN103777,5970809,8.39,300,Navi Mumbai,2020-03-09,0.0763,Formal,5.69
LN103778,4049316,9.28,300,Mumbai Suburbs,2015-02-01,0.0021,Formal,4.6
LN103779,8503276,7.43,180,South Mumbai,2022-01-31,0.0889,Formal,5.87
LN103780,11235193,8.61,360,Mumbai Suburbs,2016-04-22,0.058,Formal,7.05
LN103781,3960883,8.84,240,Mumbai Suburbs,2022-09-30,0.0758,Formal,5.36
LN103782,18683666,8.79,240,South Mumbai,2018-08-12,0.0579,Informal,4.62
LN103783,15114495,8.06,360,South Mumbai,2022-10-10,0.1145,Formal,6.02
LN103784,10871403,7.71,360,Mumbai Suburbs,2019-10-08,0.0967,Formal,6.92
LN103785,1282140,9.43,240,South Mumbai,2020-11-19,0,Formal,4.42
LN103786,17353850,9.15,360,South Mumbai,2022-02-15,0.0766,Informal,4.14
LN103787,14798270,7.62,180,South Mumbai,2019-07-24,0.0515,Formal,4.2
LN103788,1558981,6.86,360,South Mumbai,2022-06-14,0.0778,Formal,4.81
LN103789,11431929,6.75,180,Mumbai Suburbs,2022-10-02,0.0774,Formal,4.03
LN103790,9497552,6.83,180,Navi Mumbai,2020-08-28,0.0377,Informal,5.5
LN103791,2797519,8.54,360,Mumbai Suburbs,2021-02-04,0.0565,Informal,6.44
LN103792,4877590,6.68,300,Mumbai Suburbs,2015-02-06,0.0294,Formal,6.49
LN103793,17532446,7.68,300,Navi Mumbai,2021-04-17,0.1046,Informal,6.23
LN103794,15625666,9.14,180,South Mumbai,2018-03-03,0.0698,Formal,5.04
LN103795,15927636,7.53,360,South Mumbai,2017-09-21,0.073,Formal,6.58
LN103796,4715929,9.17,180,Mumbai Suburbs,2015-05-27,0.0691,Informal,6.02
LN103797,5391401,9.11,360,Mumbai Suburbs,2019-10-20,0.0282,Formal,7.01
LN103798,3928100,7.36,360,Mumbai Suburbs,2017-08-23,0.079,Formal,5.67
LN103799,12097844,9.05,240,South Mumbai,2021-11-13,0.1136,Formal,4.63
LN103800,2953341,9.12,300,South Mumbai,2016-05-29,0.0133,Informal,6.22
LN103801,1973737,7.89,300,Mumbai Suburbs,2019-07-22,0.0624,Formal,4.53
LN103802,10521995,7.24,240,Navi Mumbai,2021-04-20,0.0828,Formal,7.37
LN103803,4902908,8.32,240,Mumbai Suburbs,2015-03-21,0.0375,Formal,6.46
LN103804,8903498,9.72,240,South Mumbai,2016-10-25,0.082,Formal,6.65
LN103805,15600719,8.74,180,Mumbai Suburbs,2018-01-29,0.0613,Formal,6.38
LN103806,12027047,7.11,180,South Mumbai,2018-07-04,0.0386,Informal,4.34
LN103807,6698618,8.89,180,South Mumbai,2021-02-18,0,Formal,5.63
LN103808,18073082,8,180,Mumbai Suburbs,2022-09-17,0.057,Formal,6.28
LN103809,10185665,8.57,180,Mumbai Suburbs,2021-10-22,0.0578,Informal,4.8
LN103810,13781149,9.07,300,Navi Mumbai,2019-02-17,0.0994,Formal,6.38
LN103811,7236893,8.3,300,Mumbai Suburbs,2015-10-02,0.0702,Formal,6.87
LN103812,7822603,9.35,360,Mumbai Suburbs,2016-08-27,0.0441,Formal,4.96
LN103813,16315338,9.03,300,Mumbai Suburbs,2018-07-13,0.0129,Informal,4.7
LN103814,2805518,8.65,240,South Mumbai,2015-06-06,0.0862,Formal,7.09
LN103815,14915471,7.03,300,Navi Mumbai,2016-06-20,0.0635,Formal,4.02
LN103816,4623425,9.43,240,Mumbai Suburbs,2020-11-13,0.0482,Formal,4.9
LN103817,4599537,9.78,300,South Mumbai,2018-04-01,0.0438,Formal,5.42
LN103818,7521689,6.98,180,Mumbai Suburbs,2019-05-31,0.0973,Formal,6.35
LN103819,15004881,8.21,300,Mumbai Suburbs,2016-11-13,0.1017,Informal,7.49
LN103820,7010224,7.41,360,Navi Mumbai,2018-09-09,0.0412,Formal,5.3
LN103821,11598461,9.14,180,Navi Mumbai,2019-08-05,0,Formal,7.32
LN103822,9595960,9.03,180,South Mumbai,2017-03-01,0.0536,Informal,5.28
LN103823,17961730,6.99,360,Mumbai Suburbs,2018-04-20,0.0668,Formal,6.43
LN103824,7736549,9.57,300,Mumbai Suburbs,2018-06-28,0.0622,Informal,4.58
LN103825,16297757,7.13,300,South Mumbai,2015-08-14,0.0128,Formal,5.61
LN103826,19035840,9.29,360,Mumbai Suburbs,2017-12-26,0.106,Formal,7.05
LN103827,17693932,8.1,180,Mumbai Suburbs,2018-01-18,0.0042,Formal,5.12
LN103828,15717083,7.65,360,South Mumbai,2017-03-27,0.0375,Formal,4.37
LN103829,10351060,7.05,240,Mumbai Suburbs,2020-06-29,0.0293,Formal,5.83
LN103830,7671203,7.09,240,Mumbai Suburbs,2021-07-19,0.0278,Formal,5.54
LN103831,15838662,8.82,300,South Mumbai,2022-10-07,0,Formal,4.8
LN103832,3750025,8.43,180,Mumbai Suburbs,2021-09-06,0.0618,Formal,7.17
LN103833,15400948,6.93,240,Mumbai Suburbs,2015-12-17,0.1024,Formal,6.11
LN103834,11478542,6.89,360,South Mumbai,2021-08-23,0.0551,Formal,5.22
LN103835,6735630,6.75,300,Navi Mumbai,2016-04-02,0.0298,Formal,7.49
LN103836,3514399,9.1,300,South Mumbai,2020-04-06,0.1023,Formal,4.48
LN103837,14051670,8.99,180,South Mumbai,2020-12-09,0.0852,Formal,6.97
LN103838,1955205,6.7,240,South Mumbai,2018-05-20,0.0347,Formal,4.81
LN103839,11511699,8.46,300,Mumbai Suburbs,2020-06-14,0.0697,Formal,4.84
LN103840,1966649,6.8,360,Mumbai Suburbs,2022-12-12,0.0924,Formal,5.74
LN103841,16617892,9.66,240,Mumbai Suburbs,2020-05-25,0.0329,Formal,6.32
LN103842,5980939,9.67,300,South Mumbai,2022-07-28,0.0637,Informal,6.42
LN103843,10322656,8.94,300,Navi Mumbai,2020-12-30,0.0483,Informal,4.08
LN103844,12419163,9.74,240,South Mumbai,2017-06-30,0.0242,Formal,5
LN103845,14110948,9.34,240,South Mumbai,2016-05-18,0.065,Formal,6.31
LN103846,8576126,9.4,180,South Mumbai,2015-05-12,0.073,Formal,7.11
LN103847,11421317,8.49,360,South Mumbai,2016-11-13,0.0613,Formal,6.34
LN103848,6061500,7.57,180,Mumbai Suburbs,2017-09-19,0.0355,Informal,4.93
LN103849,18977748,7.26,180,South Mumbai,2017-04-11,0.123,Formal,5.78
LN103850,6193378,7.65,360,South Mumbai,2022-11-30,0.0453,Informal,6.27
LN103851,18241678,8.7,360,Navi Mumbai,2020-03-22,0.0768,Informal,4.47
LN103852,12380228,7.1,180,South Mumbai,2022-12-06,0.0842,Formal,5.91
LN103853,12961009,7.41,240,Mumbai Suburbs,2015-06-14,0,Formal,5.65
LN103854,11833583,8.14,360,Mumbai Suburbs,2020-03-30,0.0849,Formal,5.18
LN103855,12660165,7.32,180,Mumbai Suburbs,2021-08-10,0.0603,Formal,6.18
LN103856,8962366,8.56,240,Mumbai Suburbs,2017-05-27,0.0521,Formal,6.23
LN103857,11837916,9.73,300,Mumbai Suburbs,2021-02-25,0.0563,Informal,7.4
LN103858,18051751,9.12,240,South Mumbai,2020-02-09,0.0775,Informal,5.5
LN103859,12636812,8.83,180,Navi Mumbai,2018-05-19,0,Formal,5.86
LN103860,3480017,8.54,360,Mumbai Suburbs,2015-03-08,0.061,Informal,4.55
LN103861,5816129,8.21,240,Navi Mumbai,2018-12-18,0.0729,Formal,5.92
LN103862,1917472,7.15,240,Navi Mumbai,2017-11-22,0.1248,Formal,4.13
LN103863,16946620,9.63,240,South Mumbai,2015-01-25,0.0195,Formal,4.52
LN103864,6016239,7.37,360,South Mumbai,2016-07-17,0.0733,Formal,4.6
LN103865,17679868,6.82,360,South Mumbai,2018-01-12,0.0455,Formal,6.21
LN103866,9493535,9.13,240,Navi Mumbai,2021-11-29,0.0745,Formal,5.99
LN103867,11238524,7.11,240,Navi Mumbai,2020-11-11,0.086,Formal,6.79
LN103868,4649886,7.8,180,Mumbai Suburbs,2022-07-11,0.0379,Formal,5.63
LN103869,6533326,6.6,360,South Mumbai,2016-10-19,0.1187,Formal,5.66
LN103870,1953122,6.98,240,South Mumbai,2016-11-18,0.0996,Formal,4.57
LN103871,5663754,7.11,360,Navi Mumbai,2016-04-18,0.0836,Formal,6.6
LN103872,5517562,6.69,360,Navi Mumbai,2018-07-09,0.0493,Formal,4.01
LN103873,11686962,8.8,360,South Mumbai,2019-01-26,0.0434,Informal,5.49
LN103874,16808458,9.43,180,South Mumbai,2018-08-30,0.0732,Formal,4.66
LN103875,2193982,7.81,300,Mumbai Suburbs,2017-01-17,0.0482,Informal,6.7
LN103876,10007611,9.56,360,South Mumbai,2016-10-05,0.0443,Formal,6.36
LN103877,1506453,7.25,360,Navi Mumbai,2018-10-09,0.1175,Formal,6.47
LN103878,7548894,7.64,240,Mumbai Suburbs,2021-04-18,0.0764,Formal,4.52
LN103879,11912663,7.03,360,Mumbai Suburbs,2019-10-28,0.0847,Informal,6.34
LN103880,14028784,8.67,300,Mumbai Suburbs,2017-03-26,0.1163,Formal,6.42
LN103881,19333027,7.97,360,Mumbai Suburbs,2020-01-04,0.0625,Formal,4.01
LN103882,6077198,8.65,180,South Mumbai,2020-09-06,0.041,Informal,5.11
LN103883,17420607,9.17,240,Mumbai Suburbs,2015-01-17,0.0279,Formal,4.31
LN103884,11044650,8.41,300,Mumbai Suburbs,2015-01-17,0.1006,Informal,6.38
LN103885,4845474,8.7,180,Mumbai Suburbs,2021-06-13,0.0488,Informal,4.74
LN103886,4924482,9.77,300,Mumbai Suburbs,2015-03-22,0,Formal,4.93
LN103887,4232452,7.55,240,South Mumbai,2017-04-21,0,Informal,4.27
LN103888,17739452,7.76,360,South Mumbai,2016-05-28,0.0157,Formal,5.69
LN103889,5290697,9.01,240,Mumbai Suburbs,2021-07-16,0.0487,Formal,4.12
LN103890,13134936,8.64,240,Mumbai Suburbs,2020-11-21,0.0532,Formal,6.96
LN103891,19255297,7.12,360,Mumbai Suburbs,2021-10-07,0.0758,Formal,4.09
LN103892,19348105,7.82,180,Navi Mumbai,2015-02-28,0.0259,Formal,4.22
LN103893,4071640,8.14,300,Mumbai Suburbs,2017-10-07,0.0666,Informal,6.24
LN103894,10934099,7.97,180,Mumbai Suburbs,2016-04-30,0.0865,Formal,7.21
LN103895,14322450,7.12,360,South Mumbai,2022-03-28,0.0557,Formal,7.12
LN103896,6253974,9.74,300,Navi Mumbai,2021-09-05,0.0461,Formal,4.29
LN103897,18728138,9.17,360,Mumbai Suburbs,2019-06-30,0.034,Formal,5.01
LN103898,19461665,8.18,180,South Mumbai,2015-07-24,0.0944,Formal,5.82
LN103899,6753371,8.88,240,Mumbai Suburbs,2017-06-30,0.0189,Formal,4.09
LN103900,19210500,9.64,300,Mumbai Suburbs,2019-05-28,0.1073,Formal,5.85
LN103901,2117374,6.98,360,Navi Mumbai,2021-09-13,0.0593,Informal,5.57
LN103902,3999610,7.38,300,Navi Mumbai,2020-11-02,0.0288,Formal,6.06
LN103903,3298756,8.4,300,Mumbai Suburbs,2020-06-14,0.0852,Informal,7.22
LN103904,15790194,9.3,180,Mumbai Suburbs,2017-10-12,0.0752,Formal,4.96
LN103905,9418865,6.63,240,South Mumbai,2015-06-01,0.0725,Informal,6.24
LN103906,5601731,9.94,300,Mumbai Suburbs,2017-12-28,0.0811,Formal,5.5
LN103907,8173877,8.09,180,Mumbai Suburbs,2018-09-01,0.0649,Formal,5.52
LN103908,1985257,7.76,300,Mumbai Suburbs,2021-12-11,0.0738,Informal,6.27
LN103909,18878483,7.52,240,Mumbai Suburbs,2021-02-11,0.1008,Formal,7.33
LN103910,11444453,7.11,300,Navi Mumbai,2019-08-27,0.0661,Formal,7.02
LN103911,18196045,9.27,240,South Mumbai,2017-11-05,0.0846,Formal,6.24
LN103912,17699679,9.84,180,South Mumbai,2020-04-23,0,Informal,5.62
LN103913,8040906,7.95,180,Mumbai Suburbs,2015-10-01,0.0697,Formal,5.48
LN103914,13503953,9.83,240,Navi Mumbai,2018-10-03,0.1357,Formal,6.75
LN103915,14126810,9.38,240,Navi Mumbai,2019-10-11,0.0064,Formal,4.76
LN103916,19324149,8.18,180,Mumbai Suburbs,2021-03-02,0.12,Formal,6.06
LN103917,3956151,8.86,240,Navi Mumbai,2019-05-23,0.0816,Formal,5.77
LN103918,19004438,8.02,240,Mumbai Suburbs,2018-11-24,0.0091,Informal,6.27
LN103919,14624394,8.46,360,South Mumbai,2021-05-25,0.0612,Informal,4.66
LN103920,15149908,6.7,300,Mumbai Suburbs,2021-08-26,0.0721,Informal,6.44
LN103921,2543812,8.94,180,South Mumbai,2016-11-20,0.0873,Informal,6.19
LN103922,15534056,6.68,180,South Mumbai,2022-01-12,0.0469,Informal,4.63
LN103923,16598138,9.36,360,Mumbai Suburbs,2022-04-27,0.0809,Informal,5.57
LN103924,8831038,9.39,240,Mumbai Suburbs,2018-08-10,0.1016,Informal,6.38
LN103925,1865256,7.33,240,Mumbai Suburbs,2019-04-14,0.0866,Informal,7.16
LN103926,8948745,7.63,240,South Mumbai,2021-10-17,0.0958,Formal,4.43
LN103927,1000917,8.18,180,South Mumbai,2020-03-02,0.0466,Formal,4.03
LN103928,14433919,8.59,360,South Mumbai,2016-05-22,0.0806,Formal,4.58
LN103929,5473447,7.51,300,Mumbai Suburbs,2015-06-02,0.129,Formal,7.46
LN103930,9650699,8.57,360,Mumbai Suburbs,2019-04-24,0.0276,Formal,6.69
LN103931,15086549,7.54,180,Navi Mumbai,2016-08-11,0.0727,Informal,6.15
LN103932,9791765,6.69,300,Navi Mumbai,2017-07-15,0.0265,Formal,4.47
LN103933,7876913,6.51,240,Mumbai Suburbs,2015-07-06,0.0976,Formal,5.46
LN103934,16883182,6.85,360,Mumbai Suburbs,2019-04-09,0.0007,Formal,6.5
LN103935,7139996,9.27,360,South Mumbai,2020-09-09,0.043,Informal,7.14
LN103936,15739885,9.87,180,South Mumbai,2018-12-02,0.1292,Formal,5.34
LN103937,16117715,7.99,360,Mumbai Suburbs,2022-08-12,0.0452,Formal,7.5
LN103938,7565792,8.29,300,Mumbai Suburbs,2016-10-06,0.0582,Informal,4.49
LN103939,2384822,7.01,360,Navi Mumbai,2020-06-29,0.0974,Formal,5.35
LN103940,19584618,8.43,180,Mumbai Suburbs,2018-10-06,0.0558,Formal,7.06
LN103941,2949902,7.01,360,South Mumbai,2015-01-23,0,Formal,6.27
LN103942,10523979,8.64,300,Navi Mumbai,2017-07-28,0.0279,Informal,6.84
LN103943,8505191,9.77,300,Mumbai Suburbs,2020-10-15,0.0995,Informal,7.18
LN103944,18021093,7.18,180,Navi Mumbai,2017-10-11,0.1041,Formal,5.78
LN103945,18697975,9.18,240,Mumbai Suburbs,2022-03-01,0,Informal,4.82
LN103946,2761369,6.58,180,South Mumbai,2022-08-20,0.0315,Informal,6.43
LN103947,15816349,7.81,240,South Mumbai,2020-12-03,0.0398,Informal,5.97
LN103948,10855780,6.89,300,South Mumbai,2016-05-26,0.0486,Informal,6.7
LN103949,16354597,7.73,360,South Mumbai,2021-07-08,0.0321,Informal,5.79
LN103950,9386369,7.11,360,South Mumbai,2015-04-14,0.0632,Formal,6.84
LN103951,2858997,7.81,300,Mumbai Suburbs,2022-04-17,0.0428,Formal,7.16
LN103952,5975467,7.96,180,Navi Mumbai,2017-06-05,0.0471,Formal,6.62
LN103953,15440359,7.55,360,Navi Mumbai,2021-03-29,0.026,Formal,6.6
LN103954,2429290,8.8,180,Mumbai Suburbs,2019-06-19,0.0835,Informal,6.06
LN103955,3120711,9.72,360,South Mumbai,2020-06-10,0.0184,Formal,5.65
LN103956,18298460,7.9,240,Mumbai Suburbs,2021-11-24,0.0715,Formal,7.4
LN103957,7271271,7.17,360,Mumbai Suburbs,2016-09-21,0.0901,Formal,6.26
LN103958,19176985,7.45,240,South Mumbai,2015-10-27,0.1197,Formal,6.94
LN103959,7913744,9.49,360,Navi Mumbai,2015-03-08,0.075,Formal,5.77
LN103960,18602998,8.5,360,Navi Mumbai,2021-04-16,0.0668,Informal,5.94
LN103961,1439439,8.09,360,Mumbai Suburbs,2015-02-06,0.0093,Informal,6.32
LN103962,14657005,7.02,360,Mumbai Suburbs,2020-05-11,0.1042,Informal,6.55
LN103963,13006205,8.07,360,South Mumbai,2017-07-09,0.0643,Formal,5.57
LN103964,13998378,7.47,180,Mumbai Suburbs,2021-07-05,0.0693,Informal,5.25
LN103965,2264134,9.8,240,South Mumbai,2022-04-24,0.0719,Formal,4.84
LN103966,7767567,9.59,240,South Mumbai,2018-09-08,0.0634,Formal,5.48
LN103967,16555628,6.79,360,Mumbai Suburbs,2016-01-14,0.0602,Formal,4.74
LN103968,15091502,8.31,180,Mumbai Suburbs,2021-04-02,0.0491,Informal,5.46
LN103969,17176055,7.29,180,Mumbai Suburbs,2022-01-17,0.0818,Formal,7.06
LN103970,6759919,7.94,300,Mumbai Suburbs,2015-03-04,0.015,Formal,7.42
LN103971,2894554,9.57,300,Mumbai Suburbs,2015-07-21,0.0144,Informal,6.02
LN103972,14104308,8.35,180,Mumbai Suburbs,2018-08-31,0.0346,Formal,4.51
LN103973,14737174,7.67,300,Navi Mumbai,2016-09-25,0.0975,Formal,5.5
LN103974,8605503,7.23,240,Navi Mumbai,2018-10-10,0.0734,Formal,6.11
LN103975,1947272,9.3,180,Mumbai Suburbs,2015-07-10,0.041,Informal,5.3
LN103976,16942096,8.69,300,Mumbai Suburbs,2018-03-26,0.036,Formal,4.72
LN103977,7343902,8.14,180,Mumbai Suburbs,2022-09-17,0.0576,Informal,4.79
LN103978,8748408,7.26,300,South Mumbai,2017-10-28,0.072,Informal,5.66
LN103979,18489159,7.67,180,South Mumbai,2022-03-15,0.1008,Informal,4.76
LN103980,15058702,9.86,360,Navi Mumbai,2017-07-12,0.1216,Formal,4.87
LN103981,16624798,8.32,240,Navi Mumbai,2022-02-26,0.0562,Formal,7.06
LN103982,11625908,7.9,300,Mumbai Suburbs,2016-04-15,0.1261,Formal,6.73
LN103983,13613997,8.32,360,Mumbai Suburbs,2022-06-01,0.0624,Formal,4.19
LN103984,17136571,9.23,180,South Mumbai,2018-09-24,0.0691,Informal,5.12
LN103985,5230207,7.69,360,Mumbai Suburbs,2021-03-04,0.0894,Informal,5.86
LN103986,6446441,7.13,240,Mumbai Suburbs,2019-06-30,0.0937,Informal,4.21
LN103987,2998173,8.55,300,Mumbai Suburbs,2021-01-14,0.1073,Formal,6.39
LN103988,6858204,8.83,300,Navi Mumbai,2021-06-17,0.0214,Formal,5.35
LN103989,12961866,8.99,180,South Mumbai,2022-10-14,0.0637,Formal,5.39
LN103990,2490017,9.59,240,Mumbai Suburbs,2017-05-08,0.0977,Formal,4.93
LN103991,4102641,7.8,360,Mumbai Suburbs,2022-12-16,0.028,Informal,5.17
LN103992,10258054,6.76,180,Navi Mumbai,2021-10-12,0.0038,Formal,7.02
LN103993,18418809,9.85,300,Navi Mumbai,2016-01-02,0.0154,Formal,6.76
LN103994,13039969,8.02,360,Mumbai Suburbs,2018-01-13,0.0563,Formal,7.28
LN103995,2534227,8.68,180,Navi Mumbai,2016-10-19,0.1206,Formal,6.45
LN103996,3297905,8.83,360,Mumbai Suburbs,2016-07-16,0.0147,Formal,6.02
LN103997,13615013,8.41,360,South Mumbai,2015-06-18,0.025,Informal,4.91
LN103998,15725683,7.22,180,Mumbai Suburbs,2020-03-28,0.0449,Formal,6.33
LN103999,5109070,9.14,360,South Mumbai,2016-12-07,0.0302,Formal,7.17
LN104000,19583426,9.31,360,Mumbai Suburbs,2022-02-14,0.0248,Formal,4.24
LN104001,4989284,8.44,240,Navi Mumbai,2017-09-04,0,Formal,5.55
LN104002,7356605,8.21,240,Mumbai Suburbs,2022-10-09,0.0442,Formal,4.52
LN104003,9415224,6.9,300,South Mumbai,2019-11-06,0.1188,Formal,6.84
LN104004,10622823,6.79,240,South Mumbai,2020-09-08,0.0766,Formal,6.15
LN104005,4838187,7.69,180,South Mumbai,2019-07-31,0.0953,Formal,7.08
LN104006,7091111,7.59,360,South Mumbai,2018-05-02,0.0419,Informal,4.22
LN104007,18815434,9.84,300,South Mumbai,2021-02-27,0.0347,Formal,7.17
LN104008,11773383,9.24,240,Mumbai Suburbs,2017-01-11,0.0756,Formal,4.24
LN104009,5109404,8.81,360,Mumbai Suburbs,2018-08-29,0.0625,Formal,5.01
LN104010,17137264,8.31,180,Mumbai Suburbs,2020-01-06,0.0583,Informal,4.55
LN104011,10166243,7.09,360,South Mumbai,2018-11-18,0.1103,Formal,4.51
LN104012,10101948,9.92,180,Mumbai Suburbs,2017-07-01,0.0358,Formal,4.6
LN104013,1278495,7.81,360,South Mumbai,2015-04-16,0.0317,Formal,5.68
LN104014,19623573,6.87,300,South Mumbai,2017-03-16,0.0855,Formal,6.75
LN104015,15456145,8.23,300,Mumbai Suburbs,2022-10-25,0.0815,Formal,7.14
LN104016,11110807,9.56,240,South Mumbai,2019-01-19,0.0287,Formal,5.98
LN104017,1700033,9.61,240,Mumbai Suburbs,2020-03-17,0.0624,Formal,4.55
LN104018,6107742,6.54,360,Navi Mumbai,2015-01-17,0.0062,Informal,4.28
LN104019,16249418,9.6,360,Mumbai Suburbs,2021-10-31,0.0689,Informal,5.73
LN104020,4901403,7.45,240,Mumbai Suburbs,2019-10-10,0.046,Informal,6.68
LN104021,1134445,6.64,240,South Mumbai,2019-01-27,0.0526,Informal,6.17
LN104022,19622916,9.47,360,Navi Mumbai,2020-12-07,0.0258,Formal,6.04
LN104023,9304831,9.52,360,South Mumbai,2017-03-14,0.0958,Formal,4.17
LN104024,12055589,8.59,360,South Mumbai,2022-08-25,0.0679,Formal,5.44
LN104025,15833901,8.51,300,South Mumbai,2016-11-06,0.0898,Formal,5.93
LN104026,14490091,9.35,180,Mumbai Suburbs,2017-08-02,0.0569,Formal,6.09
LN104027,1871535,9.25,180,Mumbai Suburbs,2021-11-15,0.0957,Informal,4.02
LN104028,11172219,9.62,240,Navi Mumbai,2021-05-27,0.004,Formal,4.7
LN104029,15857661,8.43,300,Mumbai Suburbs,2022-12-04,0.0602,Formal,7.32
LN104030,2742166,9.89,360,Mumbai Suburbs,2019-09-16,0.0959,Formal,5.78
LN104031,18812624,9.99,360,Mumbai Suburbs,2015-06-13,0.0006,Formal,6.46
LN104032,19238528,6.91,240,Mumbai Suburbs,2017-02-10,0.0639,Informal,5.08
LN104033,8627742,9.47,240,Navi Mumbai,2018-10-24,0.0773,Formal,6.05
LN104034,9885048,8.25,300,Mumbai Suburbs,2020-10-28,0.0485,Informal,5.25
LN104035,19249142,7.86,180,Mumbai Suburbs,2015-01-04,0.0898,Formal,5.04
LN104036,10840745,8.65,180,Mumbai Suburbs,2019-07-17,0.0901,Informal,5.44
LN104037,3873524,6.7,360,Mumbai Suburbs,2018-10-21,0.0415,Formal,5.61
LN104038,14855509,8.27,240,South Mumbai,2018-09-07,0.0484,Formal,5.16
LN104039,15226520,9.55,300,South Mumbai,2016-03-20,0.0252,Informal,4.9
LN104040,18072815,7.25,360,Mumbai Suburbs,2018-09-30,0.0695,Formal,6.18
LN104041,2557009,7.99,180,Navi Mumbai,2022-02-10,0.0661,Formal,5.33
LN104042,14528434,9.79,180,Mumbai Suburbs,2020-09-25,0.0601,Formal,4.71
LN104043,16512487,8,300,Navi Mumbai,2020-03-03,0.063,Formal,6.65
LN104044,1597904,7.75,360,South Mumbai,2016-10-11,0.0343,Formal,6.53
LN104045,13146062,8.04,300,Mumbai Suburbs,2020-11-03,0.0171,Formal,7.1
LN104046,17894057,8.32,360,Mumbai Suburbs,2021-08-10,0.0733,Formal,5.94
LN104047,6907726,8.71,180,Navi Mumbai,2020-09-27,0.0541,Informal,4.98
LN104048,6826038,9.3,240,South Mumbai,2022-11-01,0.0291,Informal,7.02
LN104049,18912486,8.08,240,Mumbai Suburbs,2020-01-08,0.0382,Formal,4.98
LN104050,1237068,9.36,180,South Mumbai,2016-07-20,0.0876,Informal,6.29
LN104051,13537895,8.37,240,Mumbai Suburbs,2015-08-26,0.0858,Formal,4.67
LN104052,19381459,7.68,240,Navi Mumbai,2021-01-10,0.0799,Formal,6.2
LN104053,1851161,8.8,360,Mumbai Suburbs,2019-04-22,0.0588,Informal,6.94
LN104054,10093964,9.01,300,Navi Mumbai,2021-08-16,0.0395,Formal,5.89
LN104055,2638846,8.45,360,Navi Mumbai,2016-02-29,0.0997,Formal,5.65
LN104056,10848018,6.7,300,South Mumbai,2016-12-13,0.0503,Informal,7.48
LN104057,8870907,7.09,300,Mumbai Suburbs,2021-09-02,0.0681,Informal,4.08
LN104058,9713542,7.5,240,South Mumbai,2021-01-12,0.0345,Formal,5.16
LN104059,2802466,7.49,300,South Mumbai,2022-07-28,0.0529,Formal,7.22
LN104060,13210223,8.86,300,Mumbai Suburbs,2021-09-09,0,Formal,6.25
LN104061,3382865,6.56,180,Mumbai Suburbs,2017-02-08,0.0411,Formal,5.9
LN104062,1464310,9.14,300,Mumbai Suburbs,2021-08-12,0.0143,Informal,6.23
LN104063,14821734,7.43,180,South Mumbai,2020-07-14,0.0665,Informal,5.13
LN104064,4714755,7.59,360,Navi Mumbai,2019-08-27,0.0421,Informal,4.25
LN104065,9945850,8.35,240,Mumbai Suburbs,2017-02-16,0.051,Informal,4.96
LN104066,5303677,7.26,300,South Mumbai,2017-04-09,0.1239,Formal,5.18
LN104067,5753292,9.6,180,Mumbai Suburbs,2021-09-03,0.0294,Formal,5.68
LN104068,16533284,6.8,360,South Mumbai,2015-11-28,0.0637,Formal,5.38
LN104069,11032517,8.06,360,Mumbai Suburbs,2020-08-25,0.0666,Formal,5.82
LN104070,9009292,9.47,360,Mumbai Suburbs,2021-05-30,0.0315,Formal,4.69
LN104071,6108728,8.66,180,Mumbai Suburbs,2015-12-24,0.0931,Formal,4.64
LN104072,11387725,7.52,180,South Mumbai,2021-10-21,0.1094,Formal,5.23
LN104073,18696350,7.97,240,Mumbai Suburbs,2017-09-28,0.096,Informal,5.66
LN104074,19633013,8.97,300,South Mumbai,2021-03-30,0.0314,Formal,5.2
LN104075,15019715,9.91,360,Mumbai Suburbs,2022-09-14,0.0389,Informal,6.02
LN104076,7379515,9.63,240,South Mumbai,2019-02-14,0,Formal,5.09
LN104077,12318343,7.7,180,Mumbai Suburbs,2018-10-22,0.0545,Informal,4.62
LN104078,3570725,9.99,240,South Mumbai,2015-01-01,0.0567,Formal,7.02
LN104079,3426277,6.51,360,Mumbai Suburbs,2018-11-21,0.0834,Informal,4.7
LN104080,14490295,6.6,360,Mumbai Suburbs,2018-01-03,0.1129,Formal,7.38
LN104081,6324852,9.38,240,South Mumbai,2020-04-15,0.0222,Formal,7.46
LN104082,12589058,7.2,360,South Mumbai,2020-09-30,0.0642,Formal,6.44
LN104083,14530348,6.71,180,Mumbai Suburbs,2019-04-03,0.0532,Formal,5.76
LN104084,2317621,7.33,360,South Mumbai,2020-12-04,0.0555,Informal,6.78
LN104085,10828959,7.99,300,Mumbai Suburbs,2015-01-03,0.1069,Informal,7.06
LN104086,6053127,9.06,300,Mumbai Suburbs,2018-02-05,0.0629,Formal,6.48
LN104087,18516790,8.69,360,Mumbai Suburbs,2015-11-10,0.0765,Formal,4.36
LN104088,5071495,7.33,240,Navi Mumbai,2019-08-28,0.0742,Informal,4.01
LN104089,18102653,8.26,360,Mumbai Suburbs,2019-07-15,0.0665,Formal,4.67
LN104090,11205368,9.74,300,Mumbai Suburbs,2016-09-18,0.037,Formal,4.66
LN104091,19868229,9.35,180,Mumbai Suburbs,2021-03-12,0.1162,Formal,4.64
LN104092,13019231,7.63,300,Navi Mumbai,2022-04-04,0.059,Formal,5.78
LN104093,4681890,9.94,360,South Mumbai,2015-06-24,0.0759,Formal,5.82
LN104094,6991305,8.98,360,Navi Mumbai,2017-05-09,0.0676,Formal,6.53
LN104095,1872834,6.72,240,Navi Mumbai,2021-09-25,0,Formal,4.71
LN104096,15431999,6.62,360,Mumbai Suburbs,2022-12-26,0.0287,Formal,4.32
LN104097,5637370,7.09,360,Mumbai Suburbs,2019-01-13,0.0634,Formal,6.33
LN104098,7626379,9.05,180,Navi Mumbai,2020-02-06,0.0345,Informal,5.69
LN104099,10008304,7.14,180,Mumbai Suburbs,2016-11-21,0.0721,Formal,6.33
LN104100,13460858,8.29,180,Mumbai Suburbs,2022-09-21,0.0327,Formal,5.33
LN104101,6887774,6.83,240,Mumbai Suburbs,2019-08-04,0.0605,Informal,6.63
LN104102,13501340,9.72,240,Mumbai Suburbs,2020-11-26,0.0088,Formal,6.39
LN104103,8352132,7.7,300,South Mumbai,2022-11-30,0.0851,Informal,6.28
LN104104,14950653,9.68,240,Mumbai Suburbs,2019-02-19,0.0735,Informal,4.1
LN104105,18809715,9.81,180,Mumbai Suburbs,2016-07-21,0.0749,Informal,7
LN104106,4820888,6.52,240,Navi Mumbai,2016-12-02,0.0573,Formal,5.32
LN104107,8730302,8.12,360,Mumbai Suburbs,2021-04-05,0.0391,Formal,4.47
LN104108,8534504,6.59,240,Navi Mumbai,2022-02-25,0.1073,Informal,6.64
LN104109,12364638,9.68,360,Mumbai Suburbs,2022-12-10,0.11,Formal,5.7
LN104110,13865918,8.31,300,Mumbai Suburbs,2020-11-04,0.0579,Formal,4.11
LN104111,8199107,6.76,360,South Mumbai,2019-02-07,0.0429,Formal,6.74
LN104112,3806284,6.89,180,Mumbai Suburbs,2017-08-27,0.0081,Informal,5.52
LN104113,15953086,7.84,300,Navi Mumbai,2019-03-25,0.0668,Formal,6.64
LN104114,16171185,9.79,300,South Mumbai,2022-05-21,0.0399,Formal,6.64
LN104115,11002707,8.93,300,Navi Mumbai,2016-12-25,0.0456,Formal,4.35
LN104116,7572531,9.54,180,South Mumbai,2015-09-21,0.0889,Formal,6.15
LN104117,2141452,7.78,360,South Mumbai,2020-05-05,0.0311,Formal,5.26
LN104118,16509429,6.65,300,South Mumbai,2018-07-29,0.1176,Formal,5.91
LN104119,19008012,9.91,180,Mumbai Suburbs,2022-09-30,0.0295,Formal,4.31
LN104120,1113936,6.56,300,South Mumbai,2021-01-05,0,Formal,6.06
LN104121,8539769,9.82,300,Mumbai Suburbs,2022-04-02,0.0403,Informal,6.72
LN104122,12638087,7.79,180,Mumbai Suburbs,2021-05-24,0.0707,Formal,7.45
LN104123,14702874,6.54,240,Mumbai Suburbs,2016-10-16,0.0641,Informal,5.12
LN104124,5280428,8.91,300,Mumbai Suburbs,2017-05-09,0.0655,Formal,4.54
LN104125,11301101,9.93,240,Mumbai Suburbs,2020-07-17,0.0517,Formal,5.28
LN104126,3433351,9.88,300,Navi Mumbai,2017-12-21,0.045,Informal,4.07
LN104127,19966279,7.06,240,Mumbai Suburbs,2018-09-09,0.0228,Informal,5.43
LN104128,12370810,7.13,360,South Mumbai,2019-05-30,0.0639,Formal,7.2
LN104129,17199129,8.48,240,Mumbai Suburbs,2019-09-26,0.0917,Formal,4.68
LN104130,10382586,8.73,240,Mumbai Suburbs,2017-07-19,0.0604,Formal,5.67
LN104131,18224460,9.09,240,Mumbai Suburbs,2019-11-25,0.0372,Formal,6
LN104132,12867608,7.13,240,Navi Mumbai,2016-01-24,0.0644,Formal,4.63
LN104133,13413953,9.86,360,Navi Mumbai,2022-01-02,0.1039,Formal,5.16
LN104134,12217653,8.74,180,South Mumbai,2016-08-27,0.0539,Informal,7.19
LN104135,2278673,9.46,240,Mumbai Suburbs,2021-02-09,0.0229,Formal,5.04
LN104136,14575056,8.39,180,Mumbai Suburbs,2017-03-11,0.0666,Formal,6.22
LN104137,5115741,7.95,300,Navi Mumbai,2017-10-19,0.0777,Formal,4.48
LN104138,17423519,9.92,180,Mumbai Suburbs,2015-10-28,0.086,Formal,6.34
LN104139,4457521,8.54,240,Mumbai Suburbs,2017-12-31,0.0809,Informal,4.98
LN104140,11843306,9.53,180,Navi Mumbai,2019-11-14,0.065,Informal,4.81
LN104141,6683860,9.84,360,Mumbai Suburbs,2020-07-17,0.035,Informal,4.43
LN104142,12889575,8.86,360,Mumbai Suburbs,2021-12-28,0.0305,Informal,4.16
LN104143,1767442,8.42,240,Navi Mumbai,2016-08-02,0.0499,Formal,7.39
LN104144,19707656,6.51,180,Navi Mumbai,2018-07-31,0.0785,Informal,5.45
LN104145,9768201,6.64,300,South Mumbai,2017-05-09,0.0405,Formal,6.72
LN104146,1494955,7.2,360,Mumbai Suburbs,2015-12-12,0.0453,Formal,7.22
LN104147,6478878,7.15,240,Mumbai Suburbs,2015-06-08,0.0334,Formal,4.71
LN104148,15465494,7.39,360,Navi Mumbai,2019-04-14,0.1068,Formal,7.04
LN104149,6679487,7.57,240,Navi Mumbai,2021-08-10,0.0533,Formal,6.48
LN104150,16726259,7.76,180,Mumbai Suburbs,2021-10-07,0.0801,Informal,6.02
LN104151,19403744,7.97,180,Mumbai Suburbs,2016-12-05,0.1074,Formal,6.83
LN104152,7096696,6.85,180,South Mumbai,2022-05-26,0.0314,Informal,4.39
LN104153,3914611,6.65,180,Mumbai Suburbs,2017-05-14,0.0828,Informal,4.92
LN104154,14928117,8.86,180,Mumbai Suburbs,2017-03-23,0.0572,Informal,4.46
LN104155,19085230,8.38,240,Mumbai Suburbs,2021-05-16,0.1022,Informal,7.14
LN104156,7589154,8.05,360,Mumbai Suburbs,2015-10-29,0.0362,Informal,4.35
LN104157,17037706,8.72,300,Mumbai Suburbs,2018-08-16,0.0664,Formal,7.43
LN104158,17004193,9.4,360,Navi Mumbai,2017-02-01,0.079,Formal,4.38
LN104159,14329672,8,180,South Mumbai,2021-04-09,0.0395,Informal,6.32
LN104160,1298783,8.74,360,Mumbai Suburbs,2016-10-10,0.0538,Informal,6.31
LN104161,12765518,9.84,360,Mumbai Suburbs,2019-12-08,0.0558,Informal,7.26
LN104162,10526221,9.44,240,Mumbai Suburbs,2017-07-14,0.0928,Informal,5.13
LN104163,4879928,7.99,300,Mumbai Suburbs,2021-12-12,0.1265,Formal,5.16
LN104164,8039879,8.76,300,South Mumbai,2021-04-21,0.1073,Informal,6.96
LN104165,3115226,7.12,180,South Mumbai,2019-05-14,0.1031,Informal,7.43
LN104166,7962365,8.46,240,South Mumbai,2022-01-31,0,Formal,4.11
LN104167,2340683,9.93,240,South Mumbai,2015-07-30,0.064,Formal,6.22
LN104168,6994602,8.31,240,Mumbai Suburbs,2015-02-03,0.0619,Informal,4.85
LN104169,7307517,9.75,240,South Mumbai,2015-07-31,0.084,Formal,6.55
LN104170,4597170,7.93,240,Mumbai Suburbs,2022-06-19,0.0168,Informal,6.7
LN104171,4305610,10,300,South Mumbai,2021-07-22,0.0818,Formal,6.67
LN104172,3088618,8.53,300,Mumbai Suburbs,2022-05-19,0,Formal,5.52
LN104173,14220702,6.65,360,Mumbai Suburbs,2020-05-07,0.0908,Formal,4.55
LN104174,11987935,8.55,300,Mumbai Suburbs,2016-07-18,0.0105,Formal,6.05
LN104175,8596537,7.46,240,Mumbai Suburbs,2019-07-20,0.0967,Formal,6.76
LN104176,15094164,6.61,360,Navi Mumbai,2022-11-01,0.0952,Formal,7.19
LN104177,16741873,9.37,300,South Mumbai,2020-03-17,0.05,Informal,5.58
LN104178,16163300,7.47,360,Mumbai Suburbs,2020-05-20,0.0732,Formal,4.86
LN104179,7119922,9.29,300,Mumbai Suburbs,2015-11-29,0.0599,Formal,4.42
LN104180,6575477,7.51,180,South Mumbai,2015-02-05,0.0156,Informal,6.79
LN104181,7919879,7.18,300,Mumbai Suburbs,2015-12-10,0.0769,Formal,5.87
LN104182,8759080,9.91,360,South Mumbai,2015-10-04,0.0956,Informal,6.36
LN104183,7662064,7.77,180,Navi Mumbai,2021-07-30,0.0503,Formal,4.56
LN104184,1217314,8.6,240,South Mumbai,2019-01-04,0.0792,Informal,4.02
LN104185,6728394,8.63,360,South Mumbai,2017-01-12,0.0337,Formal,7.39
LN104186,15834519,8.46,240,Mumbai Suburbs,2022-12-06,0.0875,Informal,6.84
LN104187,18525908,9.7,240,Mumbai Suburbs,2020-05-31,0.0603,Formal,5.4
LN104188,3382962,8.86,360,Mumbai Suburbs,2021-12-27,0.0596,Formal,5.6
LN104189,17344126,7.91,240,South Mumbai,2022-10-20,0.0741,Informal,7.25
LN104190,11465383,9.52,360,Navi Mumbai,2016-09-26,0.1059,Informal,4.73
LN104191,16107922,7.13,360,Navi Mumbai,2017-02-20,0.0758,Informal,6.81
LN104192,19391910,8.4,300,Mumbai Suburbs,2021-06-25,0.0275,Formal,4.06
LN104193,16214586,9.83,180,Mumbai Suburbs,2021-03-23,0.0385,Formal,7.06
LN104194,9970512,8.69,240,Mumbai Suburbs,2017-12-24,0.0578,Formal,6.06
LN104195,19722753,9.36,240,South Mumbai,2021-12-30,0.0749,Formal,5.67
LN104196,11429989,8.79,180,Mumbai Suburbs,2019-09-28,0.0251,Formal,6.47
LN104197,8941238,9.44,180,South Mumbai,2020-02-17,0.0705,Informal,4.24
LN104198,9772978,9.81,180,Navi Mumbai,2017-07-20,0.0867,Formal,4.68
LN104199,18296601,7.46,180,South Mumbai,2016-05-16,0.045,Formal,5.42
LN104200,2572138,7.09,180,Mumbai Suburbs,2022-05-02,0.1191,Formal,6.16
LN104201,17461475,8.19,300,South Mumbai,2021-12-03,0.0377,Informal,4.51
LN104202,11405945,8.96,360,Mumbai Suburbs,2022-04-01,0.066,Formal,5.33
LN104203,11712332,7.3,180,South Mumbai,2019-12-04,0,Formal,4.91
LN104204,11617139,6.51,300,Mumbai Suburbs,2015-07-02,0.0505,Informal,6.26
LN104205,18003472,7.7,180,South Mumbai,2019-01-27,0.0555,Formal,7.22
LN104206,14405288,9.89,180,Navi Mumbai,2019-04-14,0.0472,Formal,4.58
LN104207,14468899,8.93,240,Navi Mumbai,2019-08-16,0.0379,Formal,4.66
LN104208,18327458,7.9,240,Mumbai Suburbs,2022-08-10,0.0445,Formal,6.1
LN104209,8001837,7.17,240,South Mumbai,2021-02-09,0.079,Formal,5.59
LN104210,4497831,7.75,240,South Mumbai,2021-07-14,0.0025,Formal,6.51
LN104211,3848439,7.09,360,Navi Mumbai,2020-04-02,0.0042,Formal,5.01
LN104212,14898624,6.87,360,South Mumbai,2017-02-21,0.0453,Formal,5.91
LN104213,14109161,9.67,240,South Mumbai,2018-07-15,0.0563,Formal,5.35
LN104214,9333920,9.99,240,Mumbai Suburbs,2018-04-04,0.0365,Formal,4.98
LN104215,3021835,7.07,180,South Mumbai,2022-09-03,0.0619,Formal,6.55
LN104216,7427095,6.69,180,South Mumbai,2020-10-19,0.0786,Formal,6.79
LN104217,14651877,7.65,240,Mumbai Suburbs,2017-09-28,0.0894,Formal,5.15
LN104218,4531674,8.12,240,Mumbai Suburbs,2017-09-29,0.0997,Informal,6.18
LN104219,7282827,7.22,240,South Mumbai,2017-12-26,0.0203,Formal,4.63
LN104220,9739287,7.55,180,Mumbai Suburbs,2015-10-23,0.0369,Informal,6.77
LN104221,15887660,7.2,240,Mumbai Suburbs,2021-09-23,0.0337,Informal,4.98
LN104222,7021656,9.21,240,Mumbai Suburbs,2022-05-27,0.0903,Formal,4.6
LN104223,7519585,8.99,360,South Mumbai,2022-10-16,0.041,Informal,7.29
LN104224,9132162,8.72,360,Mumbai Suburbs,2022-07-19,0.0692,Formal,5.48
LN104225,10492989,7.86,180,Mumbai Suburbs,2021-11-14,0.0176,Formal,6.25
LN104226,6055769,9.68,360,Mumbai Suburbs,2015-12-14,0.0407,Informal,6.83
LN104227,17613311,9.89,180,South Mumbai,2021-09-28,0.0331,Formal,6.4
LN104228,18321242,7.11,300,South Mumbai,2016-01-31,0.0805,Formal,5.98
LN104229,4942863,7.28,240,Navi Mumbai,2019-07-11,0.0226,Formal,5.3
LN104230,13696688,8.34,180,Mumbai Suburbs,2018-06-01,0.1135,Informal,7.21
LN104231,7243490,6.82,360,Mumbai Suburbs,2016-01-17,0.0665,Formal,4.47
LN104232,7484427,8.03,300,Navi Mumbai,2020-11-16,0.0382,Informal,7.09
LN104233,18045665,8.54,360,Mumbai Suburbs,2022-12-06,0.0702,Formal,6.48
LN104234,8620958,8.33,180,Mumbai Suburbs,2016-08-31,0.0356,Formal,6
LN104235,13563926,7.66,300,South Mumbai,2019-11-02,0.0281,Formal,5.14
LN104236,6918806,8.4,360,Navi Mumbai,2016-03-28,0.0809,Formal,4.51
LN104237,9513199,9.86,300,Mumbai Suburbs,2019-01-27,0.1011,Informal,5.55
LN104238,16272118,7.22,240,Mumbai Suburbs,2016-11-21,0.0714,Formal,6.74
LN104239,11986741,8.79,240,Mumbai Suburbs,2022-09-22,0.0231,Formal,6.61
LN104240,14356632,6.65,300,Navi Mumbai,2015-07-16,0.0355,Formal,6.26
LN104241,14526593,6.73,360,Mumbai Suburbs,2020-11-07,0.1059,Formal,7.47
LN104242,12685762,8.43,360,South Mumbai,2018-09-14,0.0838,Formal,7.4
LN104243,10597076,6.87,360,Mumbai Suburbs,2018-07-23,0.0262,Informal,5.4
LN104244,2160152,6.58,240,Mumbai Suburbs,2018-11-01,0.0386,Informal,4.67
LN104245,17151379,7.1,180,South Mumbai,2017-08-29,0.0656,Formal,5.62
LN104246,13129712,8.48,180,Navi Mumbai,2017-09-15,0.0557,Formal,6.96
LN104247,10372275,8.96,300,South Mumbai,2015-03-22,0.1227,Informal,5.6
LN104248,12611861,7.21,360,Mumbai Suburbs,2022-06-07,0.0381,Formal,5.18
LN104249,7305236,8.84,300,Mumbai Suburbs,2020-10-25,0.078,Formal,6.59
LN104250,3365885,7.14,180,Mumbai Suburbs,2019-09-17,0.0689,Formal,6.28
LN104251,7195196,8.65,180,Mumbai Suburbs,2021-11-27,0.0102,Formal,7.39
LN104252,1880096,7.94,360,Navi Mumbai,2016-09-07,0,Formal,5.92
LN104253,11589948,8.79,300,Mumbai Suburbs,2017-03-03,0.0485,Formal,7.39
LN104254,3714766,9.98,360,South Mumbai,2020-12-19,0.0726,Informal,5.02
LN104255,14172985,9.78,180,Mumbai Suburbs,2022-03-26,0.1077,Formal,7.03
LN104256,19369389,6.51,180,South Mumbai,2022-01-29,0.0365,Formal,5.23
LN104257,11015667,9.6,360,South Mumbai,2016-11-15,0.0742,Formal,6.83
LN104258,18851693,6.73,300,South Mumbai,2015-12-15,0.0513,Formal,7.24
LN104259,2473300,9.84,240,South Mumbai,2015-08-20,0.1118,Informal,6.18
LN104260,16329349,7.49,360,Mumbai Suburbs,2020-09-05,0.0588,Informal,6.55
LN104261,18074800,7.84,180,Mumbai Suburbs,2022-05-17,0.0468,Formal,7.36
LN104262,1892015,6.82,240,South Mumbai,2017-03-19,0.0651,Formal,5.31
LN104263,11356675,6.89,360,Mumbai Suburbs,2022-09-14,0.0658,Formal,5.79
LN104264,15139482,9.04,240,South Mumbai,2016-03-05,0.1019,Informal,7.14
LN104265,9020497,9.81,360,Navi Mumbai,2016-04-18,0.0602,Informal,6.35
LN104266,19428564,8.64,180,Mumbai Suburbs,2015-06-28,0.0729,Formal,7.06
LN104267,3871259,9.01,360,South Mumbai,2016-01-16,0.0104,Informal,6.16
LN104268,18631957,9.17,240,Navi Mumbai,2015-03-19,0.0253,Formal,6.59
LN104269,4352214,7.42,300,Mumbai Suburbs,2017-01-18,0.0487,Formal,4.05
LN104270,19800831,6.66,180,Mumbai Suburbs,2016-04-15,0.0631,Formal,5.19
LN104271,5644081,6.51,180,South Mumbai,2020-01-08,0.0371,Formal,6.7
LN104272,13878832,7.73,240,Mumbai Suburbs,2022-12-01,0.0685,Formal,5.41
LN104273,17912586,7.35,360,Mumbai Suburbs,2018-02-23,0.0443,Formal,5.27
LN104274,18633852,6.72,360,South Mumbai,2016-10-18,0.1109,Formal,7.33
LN104275,13421124,7.13,360,South Mumbai,2017-07-26,0.0538,Informal,5.93
LN104276,14074742,6.94,180,Mumbai Suburbs,2019-10-19,0.0729,Informal,4.67
LN104277,10304612,9.7,180,South Mumbai,2020-11-20,0.0535,Informal,5.65
LN104278,7535223,6.99,240,South Mumbai,2016-07-17,0.0572,Formal,5.82
LN104279,18204460,8.38,360,Mumbai Suburbs,2017-04-24,0.0764,Formal,7.46
LN104280,17142172,8.58,360,Navi Mumbai,2021-04-26,0.0641,Formal,6.51
LN104281,5713199,8.4,240,South Mumbai,2017-09-12,0.0443,Formal,5.82
LN104282,10664001,6.85,180,South Mumbai,2016-03-07,0.0701,Formal,5.51
LN104283,19866535,7.62,180,Navi Mumbai,2019-06-04,0.0552,Formal,7.2
LN104284,6125819,6.68,300,South Mumbai,2017-01-31,0.0775,Formal,6.26
LN104285,11598429,7.88,300,Mumbai Suburbs,2020-05-06,0.0944,Informal,5.25
LN104286,18569546,7.16,360,Navi Mumbai,2022-02-09,0.0898,Formal,5.63
LN104287,5474843,8.47,180,Navi Mumbai,2020-04-15,0.0281,Formal,4.97
LN104288,19520171,8.92,360,South Mumbai,2020-12-03,0,Formal,7.36
LN104289,8312203,8.36,180,Mumbai Suburbs,2015-02-21,0.1277,Informal,6.46
LN104290,3786905,8.02,300,South Mumbai,2017-09-15,0.0757,Formal,5.37
LN104291,2845964,7.86,240,Navi Mumbai,2022-10-23,0.0713,Formal,4.64
LN104292,4503548,9.45,180,Navi Mumbai,2015-01-02,0.0386,Formal,4.62
LN104293,18423228,7.27,300,South Mumbai,2017-10-03,0,Formal,5.67
LN104294,8185115,9.07,300,Mumbai Suburbs,2022-06-15,0,Formal,5.64
LN104295,8981512,9.15,180,Navi Mumbai,2020-07-28,0.0499,Informal,5.46
LN104296,3269798,7.97,360,South Mumbai,2020-10-26,0.0646,Formal,6.98
LN104297,5181726,7.54,180,South Mumbai,2018-04-28,0.1106,Formal,7.43
LN104298,4439289,8.15,300,South Mumbai,2020-07-27,0.0673,Formal,5.24
LN104299,7641620,6.83,180,Mumbai Suburbs,2019-08-28,0.0801,Informal,5.03
LN104300,17186862,6.66,240,Navi Mumbai,2017-12-24,0.044,Formal,6.7
LN104301,16823521,6.89,360,Navi Mumbai,2018-03-27,0.0463,Informal,5.57
LN104302,15922998,7.16,180,South Mumbai,2022-08-20,0.0158,Informal,4.76
LN104303,17374616,8.26,300,South Mumbai,2016-07-17,0.0232,Formal,4.63
LN104304,1639872,9.47,300,Mumbai Suburbs,2022-12-19,0.0229,Informal,4.98
LN104305,18713536,7.32,360,Mumbai Suburbs,2015-04-20,0.0491,Formal,4
LN104306,13275520,9.77,180,Mumbai Suburbs,2015-03-09,0.0101,Formal,7.3
LN104307,6422569,9.84,300,Mumbai Suburbs,2021-12-10,0.0357,Formal,5.51
LN104308,14914516,9.86,360,Mumbai Suburbs,2015-10-16,0.0588,Formal,4.29
LN104309,13850510,9.43,240,South Mumbai,2018-07-01,0,Formal,4.58
LN104310,2647824,7.77,360,Mumbai Suburbs,2022-03-08,0.1045,Formal,5.13
LN104311,4383973,6.75,180,Navi Mumbai,2021-03-20,0.1134,Informal,5.93
LN104312,14678599,8.49,180,South Mumbai,2015-10-04,0.091,Formal,6.46
LN104313,9821437,8.46,300,Mumbai Suburbs,2016-04-20,0.0718,Informal,5.08
LN104314,5411054,9.47,240,South Mumbai,2016-06-28,0.0698,Formal,7.35
LN104315,1234000,9.99,180,Mumbai Suburbs,2018-04-01,0.0759,Informal,6.66
LN104316,12266037,8.28,300,Mumbai Suburbs,2015-05-10,0.0626,Formal,6.89
LN104317,14693090,7.71,360,Mumbai Suburbs,2019-05-04,0.0655,Formal,5.13
LN104318,11688877,7.15,360,Navi Mumbai,2020-08-16,0.0102,Informal,5.33
LN104319,13819981,6.52,180,Mumbai Suburbs,2022-07-15,0.0635,Informal,5.88
LN104320,16969724,8.28,240,Mumbai Suburbs,2019-10-14,0.075,Formal,5.58
LN104321,15221109,8.44,300,South Mumbai,2015-12-14,0.0701,Informal,4.91
LN104322,18485308,9.39,180,Mumbai Suburbs,2020-01-28,0.0944,Formal,7.49
LN104323,8724826,8.27,300,South Mumbai,2020-02-14,0.1041,Formal,6.97
LN104324,2097996,9.71,360,Navi Mumbai,2015-09-16,0.0442,Informal,4.83
LN104325,10963934,8.7,300,South Mumbai,2019-07-21,0.026,Formal,7.12
LN104326,5817911,9.44,360,South Mumbai,2018-09-17,0.0977,Formal,6.05
LN104327,13315298,7.02,240,South Mumbai,2016-02-06,0.08,Formal,4.04
LN104328,5858939,9.49,240,Navi Mumbai,2022-11-04,0.0428,Formal,5.21
LN104329,7254597,8.86,360,Mumbai Suburbs,2017-09-07,0.0533,Formal,4.09
LN104330,18445845,7.1,180,South Mumbai,2016-02-08,0.0509,Formal,4.31
LN104331,18948464,7.16,360,South Mumbai,2019-09-05,0.0681,Formal,4.63
LN104332,2383640,9.74,300,Mumbai Suburbs,2017-04-06,0.1031,Formal,5.7
LN104333,1513953,6.61,300,South Mumbai,2022-07-23,0.0331,Formal,5.33
LN104334,7051865,8.12,300,Mumbai Suburbs,2016-10-19,0.0688,Informal,4.52
LN104335,7434323,7.6,180,South Mumbai,2015-07-25,0.0677,Informal,5.38
LN104336,1685503,8.83,240,Mumbai Suburbs,2018-12-21,0.0004,Informal,5.07
LN104337,9811249,9.44,240,South Mumbai,2016-04-29,0.1351,Formal,5.44
LN104338,11311825,7.76,300,Mumbai Suburbs,2021-09-29,0.0663,Formal,4.6
LN104339,18114499,7.99,180,Mumbai Suburbs,2017-11-09,0.0947,Informal,6.13
LN104340,17388621,9.94,300,South Mumbai,2019-08-10,0.0115,Formal,4.16
LN104341,5777421,9.24,240,Mumbai Suburbs,2022-01-21,0.1178,Informal,5.36
LN104342,16481215,9.64,360,Mumbai Suburbs,2015-11-23,0.0494,Formal,7.13
LN104343,15692370,8.04,300,South Mumbai,2020-04-25,0,Informal,5.47
LN104344,1578110,7.32,300,Mumbai Suburbs,2016-12-17,0.0173,Formal,5.54
LN104345,5218346,7.94,300,Mumbai Suburbs,2020-05-01,0.0231,Formal,4.24
LN104346,14330322,9.01,240,Mumbai Suburbs,2020-01-03,0.0368,Informal,6.12
LN104347,17270947,6.88,180,South Mumbai,2021-03-30,0.0213,Informal,7.28
LN104348,8153314,7.45,360,South Mumbai,2021-05-19,0.0843,Formal,5.02
LN104349,12524217,6.66,360,South Mumbai,2016-02-17,0.0654,Formal,5.38
LN104350,10324391,8.01,360,Mumbai Suburbs,2022-08-18,0.0753,Informal,6.06
LN104351,11548540,9.4,300,Mumbai Suburbs,2016-11-11,0.0729,Formal,4.33
LN104352,3906492,6.59,240,Mumbai Suburbs,2020-01-11,0.0526,Formal,7.33
LN104353,4534150,8.86,360,Mumbai Suburbs,2022-03-07,0.0132,Formal,5.64
LN104354,6686321,9.76,300,South Mumbai,2016-03-03,0.0147,Formal,4.4
LN104355,19519104,7.33,180,Navi Mumbai,2019-02-04,0.0159,Formal,5.17
LN104356,15324511,8.93,300,South Mumbai,2020-09-02,0.0272,Informal,5.31
LN104357,1122019,9.91,360,Mumbai Suburbs,2016-05-31,0.1108,Formal,5.21
LN104358,2765317,9.87,360,Mumbai Suburbs,2015-01-17,0.0151,Formal,6.43
LN104359,17956217,7.32,180,Navi Mumbai,2019-01-28,0.1043,Formal,5.21
LN104360,9202637,6.85,240,South Mumbai,2020-02-17,0.0284,Formal,5.13
LN104361,9982339,7.02,180,Mumbai Suburbs,2021-10-08,0.0193,Formal,5.13
LN104362,8045927,8.96,180,Mumbai Suburbs,2015-01-14,0.0726,Formal,6.72
LN104363,3416826,9.04,360,Navi Mumbai,2015-03-30,0.098,Formal,5.08
LN104364,5290447,8.86,360,Navi Mumbai,2020-10-16,0.0113,Formal,4.05
LN104365,13252349,7.68,240,South Mumbai,2015-05-30,0.0573,Formal,5.28
LN104366,1144771,7.09,360,Mumbai Suburbs,2015-03-28,0.0956,Formal,4.97
LN104367,6749593,8.53,180,Mumbai Suburbs,2018-10-16,0.0873,Formal,7.18
LN104368,18786139,8.19,180,South Mumbai,2019-06-12,0.0137,Formal,5.67
LN104369,12386719,9.05,240,South Mumbai,2017-11-24,0.0539,Informal,4.82
LN104370,19598124,8.04,360,Navi Mumbai,2022-01-10,0.0117,Formal,7.44
LN104371,11106142,7.69,360,Mumbai Suburbs,2017-09-23,0.0712,Formal,4.86
LN104372,9499970,7.53,180,South Mumbai,2017-02-18,0.065,Formal,6.67
LN104373,11425111,7.24,180,South Mumbai,2015-11-04,0.077,Formal,6.27
LN104374,3362854,7.43,360,South Mumbai,2018-12-27,0.0313,Formal,5.62
LN104375,8284268,6.83,300,Mumbai Suburbs,2018-08-26,0.039,Formal,5.42
LN104376,3409409,7.71,180,Mumbai Suburbs,2017-10-02,0.0897,Formal,7.05
LN104377,15470919,6.63,180,Mumbai Suburbs,2016-08-11,0.0909,Informal,5.66
LN104378,15342726,7.15,180,South Mumbai,2016-02-23,0.1102,Informal,5.31
LN104379,16786859,9.11,240,Mumbai Suburbs,2020-07-22,0.1026,Informal,5.24
LN104380,11127730,7.64,360,South Mumbai,2019-03-12,0.0105,Formal,4.97
LN104381,12174889,8.84,360,Navi Mumbai,2015-01-31,0.0967,Formal,5.43
LN104382,18552508,9.01,360,South Mumbai,2017-01-18,0.059,Formal,4.42
LN104383,11298825,8.53,180,Mumbai Suburbs,2017-10-22,0.0818,Formal,4.23
LN104384,10989349,9.86,360,Mumbai Suburbs,2017-02-20,0.0499,Formal,5.9
LN104385,1189073,6.58,360,Mumbai Suburbs,2019-03-20,0.0326,Formal,5.59
LN104386,18136497,9.09,360,South Mumbai,2019-11-21,0.0515,Formal,4.61
LN104387,18862826,9.86,240,Mumbai Suburbs,2015-02-10,0.0619,Informal,4.37
LN104388,13754301,9.52,240,Navi Mumbai,2020-11-22,0.0687,Informal,4.5
LN104389,8752342,7.09,180,South Mumbai,2021-08-19,0.0892,Formal,5.1
LN104390,2059165,7.64,360,South Mumbai,2020-04-10,0.0289,Informal,5.58
LN104391,6300101,7.1,180,Mumbai Suburbs,2022-12-03,0.0263,Informal,4.68
LN104392,4933817,8.6,180,South Mumbai,2020-11-30,0.0111,Formal,6.64
LN104393,12894780,8.99,180,Mumbai Suburbs,2017-10-29,0.0533,Formal,4.68
LN104394,7932973,7.61,180,South Mumbai,2022-03-27,0.0338,Informal,4.43
LN104395,18353731,8.39,180,Mumbai Suburbs,2020-10-23,0.0501,Formal,7.48
LN104396,11751068,8.92,180,Mumbai Suburbs,2018-02-28,0.0607,Formal,5.57
LN104397,5287382,7.97,240,South Mumbai,2016-06-09,0.0065,Formal,4.6
LN104398,3050053,9.49,300,Mumbai Suburbs,2016-09-12,0.0433,Informal,7.13
LN104399,6021983,9.2,240,Mumbai Suburbs,2017-02-16,0.0709,Informal,4.81
LN104400,18536617,6.73,180,South Mumbai,2016-09-21,0.0621,Formal,7.24
LN104401,2985681,8.67,300,Mumbai Suburbs,2018-02-21,0.0488,Formal,4.42
LN104402,3561913,7.32,300,Mumbai Suburbs,2021-02-15,0.0589,Formal,6.95
LN104403,5067784,8.45,360,South Mumbai,2017-12-04,0.0518,Formal,4.64
LN104404,17238308,9.85,180,Navi Mumbai,2018-08-17,0.0301,Formal,7.28
LN104405,14509833,9.58,180,Mumbai Suburbs,2015-06-11,0.025,Informal,6.01
LN104406,12723987,7.92,240,South Mumbai,2015-10-18,0.1406,Informal,4.66
LN104407,19326533,7.52,300,Navi Mumbai,2021-03-18,0.0789,Informal,6.96
LN104408,7625655,7.32,300,Mumbai Suburbs,2020-02-13,0.0924,Formal,5.37
LN104409,1888698,8.36,180,Mumbai Suburbs,2020-12-11,0.0781,Informal,6.56
LN104410,2559657,6.9,360,South Mumbai,2020-08-20,0.1018,Formal,6.25
LN104411,9196906,8.42,180,Mumbai Suburbs,2015-07-31,0.0772,Formal,6.5
LN104412,8697808,6.5,300,Mumbai Suburbs,2019-03-04,0,Formal,5.2
LN104413,6938271,7.63,360,Mumbai Suburbs,2021-02-18,0.0349,Informal,7.29
LN104414,18322942,7.27,360,South Mumbai,2021-09-18,0.0671,Formal,5.96
LN104415,8766824,9.9,300,South Mumbai,2017-12-04,0.0663,Informal,4.27
LN104416,9830852,9.05,180,Mumbai Suburbs,2016-09-28,0.0639,Formal,4.23
LN104417,1490999,7.72,180,South Mumbai,2019-04-10,0.0265,Formal,6.58
LN104418,4189189,6.82,180,Mumbai Suburbs,2017-06-21,0.0432,Formal,6.97
LN104419,14200674,8.31,240,Mumbai Suburbs,2015-04-24,0.0674,Formal,6.43
LN104420,7200853,7.25,240,Navi Mumbai,2021-06-20,0.0611,Formal,4.97
LN104421,8622611,8.38,360,Mumbai Suburbs,2017-09-19,0.0833,Formal,4.79
LN104422,9796015,9.42,180,South Mumbai,2022-09-06,0.0278,Formal,5.98
LN104423,10259766,8.66,240,Navi Mumbai,2017-03-11,0.0746,Formal,4.69
LN104424,2303306,8.72,360,Navi Mumbai,2016-10-20,0.0428,Informal,5.33
LN104425,6489612,8.39,300,Mumbai Suburbs,2020-10-22,0.0493,Formal,6.2
LN104426,11016258,9.75,300,South Mumbai,2017-02-21,0.0583,Formal,5
LN104427,9445243,9.76,180,Mumbai Suburbs,2021-05-18,0.0081,Formal,5.31
LN104428,16599691,8.29,300,Mumbai Suburbs,2016-09-26,0.0638,Formal,5.26
LN104429,14984342,7.57,300,South Mumbai,2022-04-12,0.0977,Informal,5.61
LN104430,3343136,8.11,300,Mumbai Suburbs,2015-09-11,0.0235,Informal,6.36
LN104431,6568017,7.15,360,Mumbai Suburbs,2015-12-18,0.1157,Formal,6.74
LN104432,14744240,8.73,300,Mumbai Suburbs,2015-03-12,0.0406,Informal,6.33
LN104433,5422888,8.25,300,Mumbai Suburbs,2017-09-13,0.0777,Informal,4.09
LN104434,12952968,6.86,360,Mumbai Suburbs,2019-05-28,0.0203,Informal,7.14
LN104435,7424342,7.19,240,Mumbai Suburbs,2018-04-19,0.1248,Formal,6.03
LN104436,14710025,8.18,360,Mumbai Suburbs,2017-11-27,0.0282,Informal,7.22
LN104437,19497660,9.61,240,South Mumbai,2020-03-10,0.0662,Formal,7.37
LN104438,17862382,8.48,360,Mumbai Suburbs,2017-03-06,0.0439,Formal,5.64
LN104439,11861614,8.89,180,Mumbai Suburbs,2022-02-08,0.0585,Formal,7.21
LN104440,13367574,7.69,300,Navi Mumbai,2019-06-24,0.0634,Formal,5.28
LN104441,14447197,8.5,240,Mumbai Suburbs,2017-07-26,0.0502,Informal,4.91
LN104442,13253464,8.07,360,South Mumbai,2020-06-20,0.0396,Informal,4.26
LN104443,18075099,8.81,240,Navi Mumbai,2019-10-27,0.0586,Informal,5.58
LN104444,13541175,6.68,240,Mumbai Suburbs,2019-01-01,0.0579,Formal,6.41
LN104445,18533295,8.23,300,Navi Mumbai,2021-11-07,0.0697,Informal,7.42
LN104446,2443401,7.54,240,South Mumbai,2022-09-11,0.0745,Formal,5.82
LN104447,13479981,7.64,360,Mumbai Suburbs,2019-09-30,0.0843,Formal,6.57
LN104448,11646841,9.86,180,South Mumbai,2021-05-23,0.0768,Formal,7.14
LN104449,2186430,7.14,180,Navi Mumbai,2021-08-26,0.064,Formal,5.9
LN104450,5155304,7.59,300,Navi Mumbai,2015-12-01,0.0523,Formal,4.58
LN104451,15495074,8.28,360,Mumbai Suburbs,2017-05-19,0.014,Informal,6.97
LN104452,4809395,9.52,360,South Mumbai,2016-07-13,0.0647,Formal,6.01
LN104453,3659786,7.96,180,South Mumbai,2020-05-10,0.0928,Informal,6.65
LN104454,2160714,9.1,360,Mumbai Suburbs,2022-10-04,0.037,Formal,6.3
LN104455,9701524,9.5,240,Mumbai Suburbs,2020-04-13,0.04,Formal,4.21
LN104456,13623061,7.59,300,Mumbai Suburbs,2018-11-05,0.0992,Formal,4.59
LN104457,12368950,7.87,180,Mumbai Suburbs,2018-01-04,0.109,Informal,5
LN104458,6248575,7.75,300,Mumbai Suburbs,2017-05-06,0.035,Formal,5
LN104459,19389249,9.41,240,South Mumbai,2017-06-28,0.1365,Formal,6.94
LN104460,17095285,6.66,180,Mumbai Suburbs,2017-03-12,0.0725,Formal,6.09
LN104461,12856890,7.58,360,Mumbai Suburbs,2019-02-18,0.0877,Formal,4.29
LN104462,2414474,8.88,360,Navi Mumbai,2018-02-27,0.0494,Formal,5.36
LN104463,16622384,8.48,240,Mumbai Suburbs,2021-09-03,0.0677,Formal,5.95
LN104464,9050418,8.03,180,Mumbai Suburbs,2018-05-31,0.0728,Informal,4.88
LN104465,10750033,8.39,300,South Mumbai,2018-01-22,0.033,Formal,4.14
LN104466,7199951,7.19,180,Navi Mumbai,2022-10-19,0.1096,Formal,5.33
LN104467,15989573,8.01,360,South Mumbai,2022-05-10,0.0588,Informal,5.61
LN104468,2569720,8.26,180,Mumbai Suburbs,2016-03-03,0.045,Informal,7.17
LN104469,6181930,9.65,180,Navi Mumbai,2015-08-22,0.0252,Formal,7.18
LN104470,8496110,7.41,360,Mumbai Suburbs,2018-05-21,0.0769,Informal,5.75
LN104471,6134639,9.54,360,Mumbai Suburbs,2017-12-16,0.0677,Informal,5.65
LN104472,11324265,8.75,300,South Mumbai,2021-10-16,0.0307,Formal,6.24
LN104473,11371147,6.57,180,Navi Mumbai,2019-01-04,0.0642,Informal,4.9
LN104474,16955843,9.04,360,South Mumbai,2016-11-09,0.0746,Informal,5
LN104475,8738170,6.62,240,South Mumbai,2016-05-13,0.0482,Informal,4.01
LN104476,18686426,9.99,360,South Mumbai,2015-12-18,0.0712,Formal,4.27
LN104477,16340110,9.55,300,South Mumbai,2015-02-21,0.0601,Informal,4.62
LN104478,7240327,7.54,300,Navi Mumbai,2015-06-30,0.0534,Formal,6.24
LN104479,13857261,7.4,240,Mumbai Suburbs,2015-07-23,0.0312,Informal,4.74
LN104480,16883239,7.84,300,Mumbai Suburbs,2015-07-27,0.066,Formal,4.43
LN104481,19237451,7.75,180,Navi Mumbai,2017-03-23,0,Formal,6.16
LN104482,19235532,7.8,300,South Mumbai,2016-07-12,0.1031,Informal,6.28
LN104483,19204413,7.61,240,South Mumbai,2015-08-09,0.0956,Formal,4.21
LN104484,5128784,8.67,300,Mumbai Suburbs,2017-04-13,0.0293,Formal,6.71
LN104485,14022270,7.07,240,Mumbai Suburbs,2017-01-18,0.0168,Formal,6.12
LN104486,7768419,9.46,300,Mumbai Suburbs,2022-12-16,0.0951,Informal,5.39
LN104487,8102983,9.34,360,South Mumbai,2015-10-05,0.055,Formal,7.44
LN104488,4053380,8.17,240,Mumbai Suburbs,2017-01-30,0.0618,Formal,4.04
LN104489,18088601,9.48,300,South Mumbai,2020-07-03,0.0607,Formal,5.91
LN104490,7918863,7.37,180,South Mumbai,2016-02-08,0.0206,Formal,4.56
LN104491,16823477,6.56,240,South Mumbai,2018-03-22,0.0836,Formal,5.15
LN104492,7514524,8.67,240,Mumbai Suburbs,2019-02-24,0.0735,Formal,4.47
LN104493,7257838,8.1,300,Mumbai Suburbs,2020-09-24,0.0606,Formal,6.34
LN104494,16036491,8.49,360,Mumbai Suburbs,2022-01-09,0,Informal,5.41
LN104495,1809359,9.65,360,Navi Mumbai,2020-06-25,0.0751,Informal,7.45
LN104496,17635661,9.89,300,Navi Mumbai,2019-05-22,0.0713,Formal,6.29
LN104497,11601417,8.72,300,Mumbai Suburbs,2017-09-12,0.0572,Formal,7.21
LN104498,19978796,9.17,180,Navi Mumbai,2018-05-07,0.089,Formal,4.84
LN104499,15802099,6.79,300,Navi Mumbai,2016-02-21,0.0939,Informal,5.12
LN104500,2494139,7.06,240,Mumbai Suburbs,2019-09-02,0.0701,Formal,5.27
LN104501,6473660,9.07,300,Mumbai Suburbs,2015-06-12,0.0146,Formal,6.93
LN104502,5152092,8.01,180,Navi Mumbai,2021-03-27,0.022,Informal,4.74
LN104503,1069518,8.06,300,Mumbai Suburbs,2022-06-03,0.0391,Formal,7.31
LN104504,17953571,7.58,300,South Mumbai,2019-12-18,0.0525,Informal,4.15
LN104505,8230057,8.63,240,Mumbai Suburbs,2018-04-12,0.0852,Formal,7.11
LN104506,4199039,7.15,360,South Mumbai,2015-12-02,0.0699,Formal,5.58
LN104507,11086426,8.69,300,Mumbai Suburbs,2021-04-20,0.055,Formal,5.84
LN104508,3318620,7.11,180,South Mumbai,2016-03-11,0.0789,Formal,7.49
LN104509,4487379,6.72,300,South Mumbai,2020-02-26,0.0367,Formal,7.05
LN104510,11949445,7.66,300,South Mumbai,2016-01-11,0.0788,Formal,7.16
LN104511,13063550,7.31,240,Navi Mumbai,2022-12-04,0.0668,Formal,6.05
LN104512,8300259,9.61,360,South Mumbai,2018-01-05,0.0757,Informal,7.35
LN104513,7295425,6.69,360,South Mumbai,2017-04-22,0.0854,Informal,6.41
LN104514,10472917,7.12,360,South Mumbai,2017-01-13,0.0586,Formal,6.87
LN104515,3429151,8.42,300,Mumbai Suburbs,2020-01-12,0.0003,Informal,6.52
LN104516,1041743,8.18,240,Navi Mumbai,2021-01-08,0.0402,Formal,6.73
LN104517,9559556,6.66,240,South Mumbai,2015-05-23,0.0834,Formal,6.23
LN104518,15700387,6.53,300,South Mumbai,2022-11-25,0.0431,Formal,6.54
LN104519,6521452,9.96,240,Mumbai Suburbs,2022-03-11,0.0401,Formal,5.53
LN104520,7850322,8.81,360,Mumbai Suburbs,2019-01-29,0.0619,Formal,6.47
LN104521,8950806,7.78,240,South Mumbai,2019-09-08,0.0928,Formal,4.97
LN104522,19607530,8.15,300,Mumbai Suburbs,2021-05-14,0.0737,Formal,6.22
LN104523,4777341,7.43,300,Mumbai Suburbs,2022-02-04,0.1122,Formal,5.83
LN104524,9657116,7.71,180,Mumbai Suburbs,2022-05-02,0.072,Informal,7.14
LN104525,5585315,8.77,180,Navi Mumbai,2020-01-08,0.0709,Formal,6.36
LN104526,15060053,9.59,240,South Mumbai,2017-05-20,0.053,Formal,6.09
LN104527,6898931,7.14,240,South Mumbai,2021-11-20,0.0135,Formal,5.1
LN104528,2770403,9.44,300,Navi Mumbai,2021-08-21,0.0644,Formal,7.02
LN104529,15737126,6.93,180,Navi Mumbai,2020-10-01,0.0612,Formal,4.19
LN104530,8568370,7.25,180,South Mumbai,2021-02-03,0.0799,Formal,7.15
LN104531,1506995,6.63,360,Navi Mumbai,2020-03-12,0.0691,Formal,6.29
LN104532,3185454,6.99,360,Mumbai Suburbs,2022-10-19,0.0681,Formal,4.66
LN104533,7262094,9.71,300,South Mumbai,2021-10-18,0.0941,Formal,7.16
LN104534,3072723,8.11,300,Mumbai Suburbs,2022-08-21,0.0522,Formal,5.14
LN104535,6227528,6.77,300,South Mumbai,2015-05-05,0.0852,Informal,4.59
LN104536,18342851,9.86,300,South Mumbai,2016-11-19,0.0987,Formal,5.12
LN104537,18304625,9.58,180,South Mumbai,2016-08-21,0.0434,Formal,7.36
LN104538,1287635,9.14,300,Mumbai Suburbs,2022-03-04,0.0478,Informal,6.63
LN104539,1583510,9.77,300,Navi Mumbai,2018-12-09,0.037,Formal,7.21
LN104540,16358589,7.27,180,Mumbai Suburbs,2015-11-12,0.0193,Formal,5.05
LN104541,17760394,9.43,360,Mumbai Suburbs,2015-11-10,0.1153,Formal,4.29
LN104542,5722340,8.91,300,Mumbai Suburbs,2019-07-02,0.15,Informal,5.97
LN104543,17744725,9.54,360,Mumbai Suburbs,2016-01-03,0.0663,Informal,5.69
LN104544,16845187,9.29,180,Mumbai Suburbs,2015-01-15,0.0501,Formal,6.52
LN104545,14334305,7.71,360,Mumbai Suburbs,2018-08-01,0.1121,Formal,5.9
LN104546,2693481,9.21,180,Mumbai Suburbs,2019-11-21,0.078,Formal,5.39
LN104547,18377414,7.42,300,Mumbai Suburbs,2019-09-29,0.0374,Formal,4.02
LN104548,1397891,7.65,360,Mumbai Suburbs,2019-07-14,0.0337,Formal,5.64
LN104549,4081362,6.88,300,South Mumbai,2015-10-05,0.0846,Informal,4.42
LN104550,2041566,9.77,240,South Mumbai,2015-04-04,0.0715,Formal,7.23
LN104551,14627775,7.52,240,Mumbai Suburbs,2017-03-26,0.0937,Formal,7.23
LN104552,17593058,8.32,360,Navi Mumbai,2021-08-30,0.0811,Formal,6.81
LN104553,2619282,7.87,180,Mumbai Suburbs,2021-12-17,0.0234,Formal,4.55
LN104554,4434078,9.86,360,Navi Mumbai,2021-05-19,0.0368,Formal,4.52
LN104555,11223903,7.67,180,South Mumbai,2016-08-01,0.0337,Informal,5.97
LN104556,10459521,9.22,240,Mumbai Suburbs,2018-05-29,0.0665,Informal,6.55
LN104557,5850825,9.49,180,Mumbai Suburbs,2017-04-12,0.0563,Formal,7.17
LN104558,7805697,8.02,240,Mumbai Suburbs,2019-08-26,0.0463,Formal,7.13
LN104559,10275707,7.82,360,Navi Mumbai,2019-07-31,0.0507,Informal,4.54
LN104560,6595095,9.12,300,Navi Mumbai,2018-09-02,0.0802,Informal,7.48
LN104561,8438096,9.7,300,Mumbai Suburbs,2020-03-21,0.0546,Informal,4.55
LN104562,4053407,9.14,300,Mumbai Suburbs,2015-04-12,0.0396,Formal,6.94
LN104563,19194447,7.29,180,Navi Mumbai,2018-06-28,0.0208,Formal,6.05
LN104564,1407974,9.61,300,Mumbai Suburbs,2019-01-26,0.0329,Formal,6.37
LN104565,7818922,7.86,180,Navi Mumbai,2018-10-04,0.092,Formal,6.11
LN104566,13716160,8.52,300,Navi Mumbai,2022-03-11,0.04,Formal,7.04
LN104567,18929098,9.41,180,Mumbai Suburbs,2020-09-12,0.1144,Informal,6.23
LN104568,7456182,7.16,180,Mumbai Suburbs,2020-11-16,0.0789,Informal,6.97
LN104569,7999366,9.25,240,Mumbai Suburbs,2017-08-24,0.0355,Formal,4.54
LN104570,3471321,8.59,240,South Mumbai,2021-08-06,0.0416,Informal,7.03
LN104571,1700270,9.63,360,Mumbai Suburbs,2020-09-07,0,Formal,7.48
LN104572,16393675,7.1,240,South Mumbai,2022-11-25,0.0468,Formal,6.32
LN104573,5622942,7.97,180,Mumbai Suburbs,2020-11-28,0.1185,Informal,7.42
LN104574,10449168,9.41,240,Navi Mumbai,2021-08-04,0.109,Formal,4.77
LN104575,1192458,6.57,240,South Mumbai,2021-10-08,0.1083,Informal,6.9
LN104576,16700526,6.89,240,South Mumbai,2018-01-26,0.0783,Formal,4.59
LN104577,11312390,9.97,180,Mumbai Suburbs,2022-11-02,0.0547,Informal,5.81
LN104578,13998017,7.48,180,Mumbai Suburbs,2016-03-02,0.0629,Formal,6.32
LN104579,4896937,9.91,360,Mumbai Suburbs,2017-03-01,0.0763,Formal,6.31
LN104580,17432899,7.14,240,Mumbai Suburbs,2021-04-06,0.0595,Informal,6.35
LN104581,6497963,7.76,240,South Mumbai,2022-12-17,0.0364,Informal,5.12
LN104582,5102553,9.14,180,South Mumbai,2021-02-12,0.0578,Formal,7.41
LN104583,12119911,8.8,360,Navi Mumbai,2017-08-22,0.0194,Formal,4.02
LN104584,9434858,8.53,360,South Mumbai,2016-11-22,0.0778,Informal,6.17
LN104585,13393802,8.35,180,Mumbai Suburbs,2018-03-25,0.0327,Informal,7.03
LN104586,14474284,9.45,240,Navi Mumbai,2022-04-16,0.0771,Formal,7.12
LN104587,10739458,7.32,360,Navi Mumbai,2020-08-29,0.0276,Formal,6.52
LN104588,18252363,8.05,360,South Mumbai,2021-09-12,0.055,Formal,6.01
LN104589,15336194,7.04,240,Mumbai Suburbs,2016-08-02,0.0682,Formal,5.6
LN104590,3112368,8.59,360,Mumbai Suburbs,2021-09-25,0.0551,Formal,5.57
LN104591,7818753,7.38,240,Mumbai Suburbs,2018-01-29,0.0792,Formal,5.49
LN104592,1876336,7.67,360,Mumbai Suburbs,2021-05-31,0.0734,Informal,6.45
LN104593,13219023,8.15,360,Mumbai Suburbs,2017-05-26,0.0473,Formal,6.56
LN104594,6782197,6.59,180,South Mumbai,2022-08-21,0.0423,Informal,5.8
LN104595,14317715,6.82,360,Mumbai Suburbs,2015-07-28,0.0402,Informal,6.59
LN104596,11673829,8.9,240,Mumbai Suburbs,2017-11-08,0.0359,Informal,5.85
LN104597,12898651,8,360,Mumbai Suburbs,2020-04-05,0.1229,Formal,4.34
LN104598,13697368,9.53,180,South Mumbai,2021-11-28,0.0411,Formal,6.98
LN104599,12859039,8.93,360,South Mumbai,2017-02-25,0.0928,Formal,7.05
LN104600,14439753,6.53,300,Navi Mumbai,2015-10-24,0.0649,Informal,4.93
LN104601,16062752,8.66,240,South Mumbai,2017-02-12,0.0493,Formal,6.75
LN104602,2418060,6.83,300,South Mumbai,2020-08-26,0.0658,Formal,5.79
LN104603,17311669,9.23,180,Mumbai Suburbs,2020-02-11,0.0676,Formal,4.43
LN104604,5639022,9.97,300,Mumbai Suburbs,2022-10-06,0.0073,Formal,5.39
LN104605,9537333,8.36,360,South Mumbai,2016-05-25,0.0577,Informal,4.27
LN104606,6997804,8.89,240,Mumbai Suburbs,2022-12-05,0.0602,Formal,6.75
LN104607,18462554,7.33,300,Mumbai Suburbs,2017-04-21,0.0501,Formal,4.69
LN104608,17170143,8.03,360,Mumbai Suburbs,2022-05-18,0,Formal,4.58
LN104609,9443353,9.5,300,Navi Mumbai,2016-06-16,0.05,Informal,4.73
LN104610,2683032,7.09,360,South Mumbai,2020-10-25,0.1084,Formal,4.79
LN104611,17520615,7.43,360,Mumbai Suburbs,2021-06-25,0.0765,Informal,6.36
LN104612,6954632,8.06,300,South Mumbai,2022-05-28,0.0284,Formal,6.24
LN104613,19895435,8.99,180,Mumbai Suburbs,2018-04-12,0.0868,Formal,4.45
LN104614,19925401,7.82,240,Mumbai Suburbs,2018-09-01,0.0268,Formal,6.54
LN104615,15919519,9.75,180,South Mumbai,2022-04-06,0.0681,Formal,5.22
LN104616,9890872,6.83,300,Mumbai Suburbs,2015-08-17,0.0683,Formal,5.6
LN104617,4346145,7.8,360,South Mumbai,2018-06-24,0.049,Formal,4.44
LN104618,19961171,8.98,300,South Mumbai,2016-05-06,0.0913,Formal,6.48
LN104619,18257025,7.29,360,Mumbai Suburbs,2019-12-29,0.0826,Formal,5.32
LN104620,5175282,8.8,360,Mumbai Suburbs,2020-07-23,0.0367,Formal,6.21
LN104621,6455483,7.07,180,South Mumbai,2016-07-06,0.0513,Formal,5.5
LN104622,12906455,6.7,180,Navi Mumbai,2019-05-17,0.0343,Formal,4.17
LN104623,2767413,6.92,300,South Mumbai,2021-07-11,0.0428,Formal,6.46
LN104624,3573697,9.75,240,South Mumbai,2020-03-03,0.0795,Formal,5.93
LN104625,4600952,8.43,180,South Mumbai,2016-07-01,0.0596,Formal,5.52
LN104626,19748493,9.29,360,South Mumbai,2022-08-01,0.0909,Formal,4.71
LN104627,16211804,7.66,300,South Mumbai,2021-04-21,0.0126,Formal,6.19
LN104628,6546510,8.57,300,Mumbai Suburbs,2020-02-18,0.0683,Formal,4.96
LN104629,8896403,8.23,240,Mumbai Suburbs,2015-05-16,0.0849,Formal,5.5
LN104630,7097020,9.81,300,Mumbai Suburbs,2020-01-29,0.063,Informal,4.2
LN104631,6354342,9.12,180,Navi Mumbai,2018-03-16,0.0191,Informal,6.72
LN104632,2196311,9.06,360,Mumbai Suburbs,2020-11-20,0.0285,Formal,4.32
LN104633,15510996,6.66,300,South Mumbai,2017-11-09,0.0873,Formal,7.12
LN104634,17919373,8.42,300,South Mumbai,2016-06-04,0.044,Formal,7.04
LN104635,17676708,8.13,360,South Mumbai,2019-11-09,0.0366,Formal,7.4
LN104636,11675927,9.75,300,Mumbai Suburbs,2020-05-24,0.0498,Formal,7.18
LN104637,15308001,7.4,300,South Mumbai,2017-07-22,0.0524,Formal,7.4
LN104638,14767807,7.44,240,Mumbai Suburbs,2017-03-28,0.0956,Formal,7.11
LN104639,16608121,7.94,180,Mumbai Suburbs,2019-09-04,0.0076,Formal,4.39
LN104640,2462603,7.35,300,Mumbai Suburbs,2016-10-04,0.0773,Formal,5.53
LN104641,10663637,6.95,180,Mumbai Suburbs,2021-12-21,0.1038,Informal,4.27
LN104642,12409399,9.5,240,South Mumbai,2022-09-25,0.0884,Formal,5.91
LN104643,1136645,8.45,180,South Mumbai,2015-07-29,0.1297,Formal,5.85
LN104644,17240675,9.51,240,Mumbai Suburbs,2015-03-26,0.0463,Formal,7.23
LN104645,19429347,9.41,180,South Mumbai,2021-12-16,0.0868,Formal,7.39
LN104646,2186837,7.49,180,South Mumbai,2016-04-10,0.0574,Formal,4.91
LN104647,9730829,8.42,300,Mumbai Suburbs,2015-02-01,0.0444,Formal,6.04
LN104648,16116926,6.79,180,Mumbai Suburbs,2021-01-06,0,Formal,5.63
LN104649,11824527,9.7,300,Mumbai Suburbs,2015-08-15,0.0461,Formal,5.91
LN104650,10568188,7.91,300,Mumbai Suburbs,2022-09-10,0.092,Formal,5.86
LN104651,8845219,7.88,180,Navi Mumbai,2021-08-09,0.0085,Informal,7.2
LN104652,17830903,7.56,300,Mumbai Suburbs,2021-10-29,0.1229,Formal,7.14
LN104653,14437656,8.11,180,South Mumbai,2015-01-09,0.0723,Formal,4.43
LN104654,14739103,7.38,360,Mumbai Suburbs,2019-07-17,0.0268,Informal,5.21
LN104655,7843308,7.81,300,Mumbai Suburbs,2019-12-05,0.0669,Formal,6.63
LN104656,3629137,9.3,360,Mumbai Suburbs,2015-11-06,0.0806,Formal,6.39
LN104657,14187365,9.42,360,Mumbai Suburbs,2017-02-17,0.0453,Formal,6.21
LN104658,16614614,7.56,300,Mumbai Suburbs,2017-06-14,0.0413,Formal,7.48
LN104659,5776415,8.14,240,Mumbai Suburbs,2018-08-14,0.1192,Formal,5.18
LN104660,16213967,9.56,240,South Mumbai,2019-01-16,0.0498,Formal,5.8
LN104661,11359748,6.68,360,Navi Mumbai,2022-10-27,0.0557,Formal,7.43
LN104662,4861607,9.61,360,Mumbai Suburbs,2017-08-01,0.0997,Formal,6.43
LN104663,12917042,7.27,180,South Mumbai,2020-03-23,0.0578,Informal,6.27
LN104664,3656222,8.87,360,South Mumbai,2017-04-14,0.0829,Formal,4.54
LN104665,15634701,8.54,300,Navi Mumbai,2015-07-14,0.0458,Formal,4.86
LN104666,10515717,8.44,240,Mumbai Suburbs,2016-01-19,0.0391,Informal,5.32
LN104667,14820815,9.51,240,Mumbai Suburbs,2016-11-18,0.0714,Formal,5.63
LN104668,19330960,6.86,240,Navi Mumbai,2017-03-16,0.0306,Informal,5.74
LN104669,5266988,7.71,300,Navi Mumbai,2021-10-12,0.0722,Informal,7.16
LN104670,6693014,8.38,180,Mumbai Suburbs,2015-02-22,0.0325,Informal,4.38
LN104671,9121485,9.34,300,South Mumbai,2019-11-07,0.0719,Formal,4.87
LN104672,11176828,7.26,300,South Mumbai,2018-08-19,0.0971,Formal,4.5
LN104673,6459501,9.31,240,Mumbai Suburbs,2021-12-19,0.0002,Informal,6.57
LN104674,8575327,7.9,300,Mumbai Suburbs,2018-07-08,0.0477,Formal,7.4
LN104675,5013582,7.16,360,Mumbai Suburbs,2017-02-28,0.0012,Formal,7.13
LN104676,3872875,9.16,300,Mumbai Suburbs,2020-01-17,0.0512,Formal,6.53
LN104677,11218896,6.82,240,Mumbai Suburbs,2016-08-23,0.0701,Informal,4.08
LN104678,15574248,8.3,240,South Mumbai,2016-02-16,0.0498,Formal,5.21
LN104679,19618862,6.72,300,South Mumbai,2017-10-02,0,Formal,7.02
LN104680,6800545,7.75,360,Mumbai Suburbs,2018-02-17,0.087,Formal,6.29
LN104681,9038508,8.6,360,South Mumbai,2016-07-02,0.0162,Formal,4.73
LN104682,16634202,8.45,240,Mumbai Suburbs,2016-10-31,0.0851,Formal,5.63
LN104683,16417715,7.92,360,Mumbai Suburbs,2020-11-05,0.0376,Formal,4.31
LN104684,19373462,8,360,Navi Mumbai,2019-03-04,0.0339,Formal,5.82
LN104685,11207847,7.29,180,Navi Mumbai,2017-03-07,0.0603,Formal,7.15
LN104686,9194253,8.1,180,Mumbai Suburbs,2022-02-07,0.092,Formal,4.14
LN104687,5428622,9.84,360,Mumbai Suburbs,2017-05-17,0.1187,Formal,6.15
LN104688,3469930,9.48,360,South Mumbai,2017-12-13,0.0477,Informal,4.82
LN104689,1131936,7.01,180,Mumbai Suburbs,2019-09-20,0.0209,Formal,7.47
LN104690,6152030,6.6,180,Mumbai Suburbs,2017-02-03,0.0704,Informal,4.23
LN104691,11368354,9.77,180,Mumbai Suburbs,2020-05-29,0.0198,Informal,6.16
LN104692,6312470,8.34,240,Mumbai Suburbs,2016-11-16,0.0823,Formal,4.9
LN104693,12924255,8.38,240,South Mumbai,2018-10-06,0.0733,Formal,7.09
LN104694,17232332,9.23,180,Navi Mumbai,2021-10-23,0.1006,Informal,4.43
LN104695,15147283,7.6,180,South Mumbai,2015-08-19,0.0916,Formal,5.5
LN104696,14936930,8.19,180,Navi Mumbai,2020-07-17,0.0642,Informal,4.65
LN104697,2504900,9.89,240,Mumbai Suburbs,2018-03-05,0.0609,Formal,6.8
LN104698,9580504,8.85,240,Mumbai Suburbs,2021-11-09,0.0334,Informal,5.23
LN104699,6283422,7.04,360,South Mumbai,2021-04-06,0.0328,Informal,4.65
LN104700,10471937,6.97,300,South Mumbai,2020-06-13,0.0588,Informal,6.54
LN104701,6219574,7.21,360,Navi Mumbai,2022-01-29,0.0277,Formal,6.86
LN104702,15967424,9.18,300,Navi Mumbai,2020-11-12,0.052,Formal,5.62
LN104703,11387155,7.53,300,Mumbai Suburbs,2020-02-16,0.0459,Informal,5.33
LN104704,13433238,6.57,300,Mumbai Suburbs,2021-03-24,0.0778,Informal,6.21
LN104705,13513887,9.8,360,Mumbai Suburbs,2018-06-08,0.0593,Formal,6.28
LN104706,7862758,7.09,240,Mumbai Suburbs,2019-02-26,0.0898,Formal,6.31
LN104707,13718062,6.53,240,Mumbai Suburbs,2020-07-10,0.0509,Formal,4.97
LN104708,1995893,7.33,240,Mumbai Suburbs,2022-07-21,0.0249,Formal,7.29
LN104709,3670492,7.32,240,Navi Mumbai,2017-06-21,0.0765,Formal,4.75
LN104710,8354421,7.98,360,Mumbai Suburbs,2022-03-03,0.0563,Formal,5.31
LN104711,15223887,9.72,180,Mumbai Suburbs,2022-01-06,0.0519,Informal,4.99
LN104712,15522978,9.58,300,Navi Mumbai,2019-08-08,0.0473,Formal,7.26
LN104713,3977299,8.1,240,Mumbai Suburbs,2016-10-04,0.0597,Formal,6.9
LN104714,13355522,7.94,240,South Mumbai,2019-02-07,0.0519,Informal,6.84
LN104715,5537454,8.44,360,South Mumbai,2018-02-17,0.0755,Formal,4.02
LN104716,19323280,7.35,300,Mumbai Suburbs,2021-12-07,0.0822,Formal,6.4
LN104717,3715548,6.68,240,Navi Mumbai,2020-03-13,0.0489,Informal,4.81
LN104718,1779091,9.79,180,Navi Mumbai,2019-10-23,0.12,Informal,7.39
LN104719,11755397,7.15,240,Mumbai Suburbs,2016-04-15,0.0429,Formal,5.86
LN104720,12765788,7.19,300,South Mumbai,2018-02-27,0.0605,Informal,5.98
LN104721,2706930,8.15,180,South Mumbai,2020-01-06,0.0113,Informal,5.25
LN104722,18742011,8.22,360,Mumbai Suburbs,2015-09-25,0.0569,Informal,5.88
LN104723,15284450,6.56,180,Navi Mumbai,2017-02-15,0.0539,Formal,6.62
LN104724,11971844,7.02,300,Navi Mumbai,2022-07-11,0.0585,Formal,5.97
LN104725,2578458,7.82,300,South Mumbai,2020-08-28,0.0893,Formal,6.24
LN104726,11198379,8.89,180,Mumbai Suburbs,2022-04-17,0.1104,Formal,5.65
LN104727,11008787,7.3,240,Mumbai Suburbs,2017-01-06,0.0932,Formal,6.51
LN104728,15912584,7.98,300,South Mumbai,2020-08-11,0.0569,Formal,7.15
LN104729,18449202,8.45,180,Mumbai Suburbs,2020-10-07,0.0659,Formal,4.18
LN104730,11723090,9.61,300,Navi Mumbai,2018-09-09,0.1057,Formal,4.38
LN104731,16834213,7.64,240,South Mumbai,2018-11-11,0.03,Formal,6.4
LN104732,9526508,6.97,240,Navi Mumbai,2017-02-22,0.0835,Informal,5.32
LN104733,8845772,8.21,180,South Mumbai,2015-01-12,0.0334,Formal,4.99
LN104734,10672891,9.11,360,South Mumbai,2021-07-25,0.0943,Formal,4.63
LN104735,9048056,6.88,360,South Mumbai,2016-02-25,0.056,Informal,6
LN104736,15136405,7.99,240,Navi Mumbai,2022-09-26,0.0336,Formal,5.22
LN104737,13207579,6.56,360,Mumbai Suburbs,2021-11-29,0.0403,Formal,5.78
LN104738,5008146,6.62,240,Mumbai Suburbs,2021-04-27,0.045,Formal,7.35
LN104739,3361331,8.19,360,Mumbai Suburbs,2015-02-14,0.0886,Formal,6.65
LN104740,18935559,7.54,240,Mumbai Suburbs,2021-03-22,0.1002,Formal,6.79
LN104741,11919721,9.46,300,Navi Mumbai,2015-01-23,0.0479,Informal,4.43
LN104742,1541529,8.61,180,Mumbai Suburbs,2020-09-26,0.0338,Formal,5.14
LN104743,5348530,8.09,180,Navi Mumbai,2015-02-13,0.1209,Formal,4.37
LN104744,9283161,7.93,360,South Mumbai,2021-04-22,0.0846,Formal,7.39
LN104745,6156758,8.24,180,Mumbai Suburbs,2021-06-13,0.0367,Formal,6.39
LN104746,19930764,6.64,360,Mumbai Suburbs,2015-12-03,0.0708,Formal,4.07
LN104747,10929627,9.62,240,Navi Mumbai,2017-11-07,0.0476,Informal,5.66
LN104748,1406547,9.99,300,South Mumbai,2022-10-19,0.0214,Formal,4.92
LN104749,15875063,7.14,180,Mumbai Suburbs,2018-10-07,0.0507,Formal,5.89
LN104750,11047698,6.92,300,Mumbai Suburbs,2015-06-24,0.0189,Informal,4.63
LN104751,19434799,7,180,Mumbai Suburbs,2018-06-25,0.0456,Formal,4.2
LN104752,17840230,8.81,240,South Mumbai,2015-08-23,0.0484,Formal,5.13
LN104753,19012598,8.82,180,South Mumbai,2017-04-24,0.0438,Formal,5.03
LN104754,6228298,9.47,180,Navi Mumbai,2021-11-22,0.0873,Informal,6.51
LN104755,13271114,9.13,240,Mumbai Suburbs,2018-06-30,0.0721,Formal,5.66
LN104756,11808101,8.07,360,Mumbai Suburbs,2020-03-27,0.0408,Informal,5.02
LN104757,8775679,8.64,360,Navi Mumbai,2021-07-30,0.0697,Formal,6
LN104758,4132293,8.91,240,South Mumbai,2021-10-01,0.0992,Formal,4.25
LN104759,10929645,8.29,360,Mumbai Suburbs,2021-06-29,0.0351,Informal,6.32
LN104760,14243109,8.16,180,Navi Mumbai,2016-06-21,0.0206,Formal,4.52
LN104761,19309033,8.76,300,Navi Mumbai,2022-02-13,0.0275,Formal,4.98
LN104762,3015074,8.45,240,Mumbai Suburbs,2021-12-07,0.0713,Formal,4.99
LN104763,13351539,8.75,180,Mumbai Suburbs,2021-12-10,0.1047,Formal,5.63
LN104764,16716213,8.64,240,Mumbai Suburbs,2017-04-29,0.0854,Formal,7.34
LN104765,13928942,9.02,300,Navi Mumbai,2019-01-18,0.0985,Formal,5.14
LN104766,19579718,8.75,180,Mumbai Suburbs,2018-08-22,0,Formal,4.98
LN104767,2462538,8.32,180,Mumbai Suburbs,2017-11-30,0.035,Informal,4.59
LN104768,7379878,8.89,300,South Mumbai,2021-03-28,0.0265,Formal,5.37
LN104769,19804035,8.07,300,Mumbai Suburbs,2015-05-12,0.0768,Formal,4.64
LN104770,11463128,7.35,360,Mumbai Suburbs,2019-06-01,0.054,Formal,4.48
LN104771,8632749,6.5,180,Mumbai Suburbs,2019-03-22,0,Informal,7
LN104772,6864075,8.46,300,Mumbai Suburbs,2016-10-30,0.0828,Formal,4.18
LN104773,18509938,8.57,300,Navi Mumbai,2019-09-08,0.095,Formal,6.49
LN104774,15058071,9.9,180,Mumbai Suburbs,2016-12-18,0.1203,Informal,4.71
LN104775,10589455,7.77,360,South Mumbai,2022-03-27,0.065,Formal,4.04
LN104776,10422712,7.88,240,Navi Mumbai,2019-04-05,0.0786,Formal,6.78
LN104777,4875416,7.21,360,South Mumbai,2019-06-11,0.0258,Formal,6.46
LN104778,14860792,6.75,300,Mumbai Suburbs,2017-08-16,0.0107,Formal,5.17
LN104779,17268917,9.2,240,Navi Mumbai,2016-11-13,0.0973,Formal,4.28
LN104780,14398275,7.37,240,South Mumbai,2021-01-21,0.0764,Informal,5.26
LN104781,5101599,8.63,360,Navi Mumbai,2015-01-09,0.0975,Formal,4.63
LN104782,19167814,8.91,240,Mumbai Suburbs,2016-04-20,0.0523,Formal,7.26
LN104783,5546925,8.15,300,Mumbai Suburbs,2020-10-19,0.1311,Formal,5.85
LN104784,11958457,9.57,180,Mumbai Suburbs,2020-04-12,0.0694,Formal,7.37
LN104785,13184923,8.05,180,Mumbai Suburbs,2015-07-02,0.0374,Formal,5.23
LN104786,16448040,7.5,180,Navi Mumbai,2017-06-03,0.0505,Informal,5.95
LN104787,4775702,9.64,360,South Mumbai,2020-05-23,0.0119,Informal,4.67
LN104788,5090284,9.52,180,Mumbai Suburbs,2016-04-17,0.0317,Formal,6.83
LN104789,15000918,7.07,180,South Mumbai,2022-02-10,0.0484,Formal,4.14
LN104790,7898410,6.59,180,South Mumbai,2022-07-24,0.1065,Formal,6.43
LN104791,3455918,6.81,240,Mumbai Suburbs,2015-06-25,0.058,Informal,5.37
LN104792,9053048,7.5,240,Mumbai Suburbs,2017-01-06,0.0925,Formal,6.02
LN104793,13194329,9.9,240,Navi Mumbai,2015-06-13,0.057,Formal,6.07
LN104794,15042008,8.45,300,Mumbai Suburbs,2020-12-06,0.0292,Formal,6.49
LN104795,15464466,7.81,300,Mumbai Suburbs,2021-09-07,0.0764,Informal,4.71
LN104796,9547085,9.61,300,South Mumbai,2020-01-12,0.0347,Formal,5.86
LN104797,8955229,8.09,180,Navi Mumbai,2021-09-28,0.0481,Formal,5.49
LN104798,14598109,7.6,240,South Mumbai,2015-06-28,0.1209,Informal,4.99
LN104799,16239667,9.79,300,Mumbai Suburbs,2019-03-18,0.0781,Formal,5.74
LN104800,10735260,9.47,360,Mumbai Suburbs,2016-09-09,0.0354,Formal,7.33
LN104801,2980407,9.45,240,Mumbai Suburbs,2019-11-25,0.082,Formal,7.32
LN104802,7143192,8.29,180,Mumbai Suburbs,2017-12-07,0.0319,Formal,4.98
LN104803,4277746,9.26,240,Mumbai Suburbs,2020-02-23,0.0074,Formal,7.09
LN104804,1801125,7.13,180,South Mumbai,2016-01-29,0.0928,Formal,7.07
LN104805,15775854,8.51,300,Mumbai Suburbs,2018-10-11,0.0688,Informal,4.87
LN104806,19545909,9.94,180,Mumbai Suburbs,2021-09-10,0.0541,Informal,6.1
LN104807,10698623,7.52,180,Mumbai Suburbs,2019-03-07,0.01,Informal,7.04
LN104808,6254230,9.28,360,South Mumbai,2015-11-21,0.0505,Informal,5.8
LN104809,4856600,8.22,240,Mumbai Suburbs,2016-12-20,0.0658,Formal,5.29
LN104810,13901865,6.64,180,South Mumbai,2021-11-25,0.025,Formal,6.28
LN104811,17879110,9.17,360,South Mumbai,2020-04-30,0.0613,Formal,4.6
LN104812,2408277,7.09,360,Mumbai Suburbs,2021-12-19,0.1065,Formal,4.57
LN104813,11921808,8.71,360,Mumbai Suburbs,2020-03-07,0.0668,Formal,6.91
LN104814,7188753,6.8,300,South Mumbai,2020-08-25,0.0775,Informal,4.15
LN104815,10993200,9.81,300,Mumbai Suburbs,2019-09-17,0.0468,Formal,6.81
LN104816,13862632,7.52,180,Navi Mumbai,2018-02-14,0.0285,Formal,5.02
LN104817,4567945,7.29,240,Navi Mumbai,2021-11-03,0.0432,Informal,5.69
LN104818,4666569,6.95,300,Navi Mumbai,2017-02-15,0.0916,Informal,5.9
LN104819,2048966,9.81,300,South Mumbai,2017-05-13,0.0571,Formal,6.68
LN104820,8820783,8.99,180,South Mumbai,2018-06-07,0.0539,Formal,7.09
LN104821,16511932,9.1,180,Navi Mumbai,2019-10-21,0.0448,Formal,6.81
LN104822,8875889,8.25,300,South Mumbai,2020-07-11,0.0219,Informal,6
LN104823,13989157,8.16,180,South Mumbai,2015-04-24,0.101,Formal,5.22
LN104824,5216794,6.89,360,Mumbai Suburbs,2015-08-20,0.0538,Informal,5.84
LN104825,10220915,8.46,180,South Mumbai,2021-08-06,0.0441,Informal,4.11
LN104826,3089632,7.36,360,Navi Mumbai,2020-03-18,0.0624,Informal,4.86
LN104827,8834112,9.92,300,Mumbai Suburbs,2015-07-31,0.0441,Informal,5.28
LN104828,5799412,9.29,240,Mumbai Suburbs,2022-05-12,0.0694,Formal,5.12
LN104829,17090299,7.95,360,Navi Mumbai,2015-02-02,0.0395,Informal,4.33
LN104830,12944579,7.03,240,South Mumbai,2020-05-26,0.0637,Informal,4.18
LN104831,13394997,9.25,300,Mumbai Suburbs,2016-06-02,0.0584,Formal,5.47
LN104832,17655065,6.93,180,Mumbai Suburbs,2017-07-02,0.1157,Formal,4.26
LN104833,18089795,7.16,360,Mumbai Suburbs,2019-07-15,0.1173,Formal,5
LN104834,13462150,7.24,360,South Mumbai,2015-12-07,0.0836,Informal,5.66
LN104835,7355421,8.45,300,Mumbai Suburbs,2015-09-16,0.0574,Informal,4.73
LN104836,19341041,9.25,300,Navi Mumbai,2022-06-14,0.0841,Informal,4.28
LN104837,8433980,7.6,180,South Mumbai,2022-03-17,0.0831,Formal,5.51
LN104838,19301847,6.8,240,South Mumbai,2022-02-20,0.0459,Formal,5.57
LN104839,6224369,8.13,360,South Mumbai,2017-03-22,0.0105,Formal,7.2
LN104840,5961914,9.12,240,Mumbai Suburbs,2015-02-23,0.0029,Formal,4.45
LN104841,15390554,7.28,360,South Mumbai,2015-02-06,0.0564,Formal,6.15
LN104842,8595853,7.27,360,Navi Mumbai,2022-12-03,0.0449,Formal,5.12
LN104843,1906395,9.82,180,Mumbai Suburbs,2021-06-21,0.0437,Formal,4.43
LN104844,17188828,9.84,360,Mumbai Suburbs,2018-03-09,0.0359,Formal,5.38
LN104845,13216847,9.97,360,Mumbai Suburbs,2021-01-17,0.0346,Formal,5.5
LN104846,16740258,9.33,300,Mumbai Suburbs,2019-09-14,0.0796,Formal,5.27
LN104847,13919342,7.16,180,Mumbai Suburbs,2019-11-28,0,Formal,6.68
LN104848,12812602,7.24,300,Mumbai Suburbs,2022-08-29,0.0776,Informal,6.94
LN104849,14245626,7.69,360,Mumbai Suburbs,2018-01-30,0.0517,Formal,4.52
LN104850,19721822,7.61,180,South Mumbai,2016-06-28,0.1032,Informal,4.59
LN104851,9288515,9.85,360,South Mumbai,2021-05-16,0.068,Formal,5.47
LN104852,11696208,9.26,180,South Mumbai,2015-01-02,0.008,Formal,5.12
LN104853,1970278,9.03,240,Mumbai Suburbs,2018-01-23,0.0039,Informal,6.87
LN104854,9884527,7.15,240,South Mumbai,2022-12-08,0.0257,Formal,7.49
LN104855,6005231,9.68,180,Mumbai Suburbs,2020-09-22,0.0679,Informal,4.63
LN104856,3948134,9.4,360,Navi Mumbai,2018-11-24,0.0086,Formal,6.67
LN104857,11698216,7.07,180,South Mumbai,2019-08-23,0.0633,Formal,6.13
LN104858,2347203,9.55,360,Mumbai Suburbs,2018-01-08,0.0811,Informal,6.26
LN104859,9855197,7.45,240,Mumbai Suburbs,2022-08-24,0.0442,Informal,4.93
LN104860,11781973,6.78,360,Mumbai Suburbs,2018-08-10,0.0334,Formal,4.34
LN104861,2187018,8.8,300,Mumbai Suburbs,2016-06-03,0,Informal,5.9
LN104862,11081345,8.79,240,Navi Mumbai,2022-09-05,0.1053,Formal,6.15
LN104863,8411979,6.83,300,South Mumbai,2018-05-07,0.1148,Formal,7.37
LN104864,3267357,7.62,240,South Mumbai,2015-01-20,0.0966,Informal,6.36
LN104865,2799971,9.97,240,Mumbai Suburbs,2022-01-26,0.0517,Formal,5.55
LN104866,10532945,8.87,300,Mumbai Suburbs,2019-11-22,0.0584,Formal,7.48
LN104867,10813081,9.06,180,South Mumbai,2017-03-24,0.0806,Informal,5.31
LN104868,16598260,7.25,360,South Mumbai,2020-08-12,0.0644,Informal,4.57
LN104869,15517702,6.78,240,Mumbai Suburbs,2021-02-21,0,Formal,6.16
LN104870,12970942,7.47,360,Mumbai Suburbs,2016-03-07,0.0875,Informal,4.93
LN104871,1573881,7.37,240,Navi Mumbai,2016-10-18,0.0966,Informal,7.23
LN104872,15493529,7.32,360,Mumbai Suburbs,2015-10-18,0.0922,Formal,5.5
LN104873,10407062,7.17,240,South Mumbai,2018-04-07,0.0736,Informal,4.52
LN104874,16079813,8.51,180,Mumbai Suburbs,2015-03-21,0.0887,Formal,4.5
LN104875,15242373,7.65,240,South Mumbai,2016-09-17,0.0176,Formal,6.27
LN104876,8609387,9.37,180,Mumbai Suburbs,2021-12-02,0.0572,Informal,5.28
LN104877,6252807,7.14,240,Mumbai Suburbs,2016-12-07,0.0399,Informal,5.27
LN104878,4301394,8.13,360,Mumbai Suburbs,2022-04-24,0.1035,Formal,6.14
LN104879,3827364,6.55,300,Mumbai Suburbs,2022-01-30,0.0655,Formal,4.78
LN104880,4354513,8.19,240,South Mumbai,2017-08-25,0.0552,Formal,4.51
LN104881,11824286,6.7,240,Navi Mumbai,2016-10-18,0.0295,Formal,6.3
LN104882,15819069,9.92,180,Mumbai Suburbs,2021-02-03,0.0282,Informal,4.02
LN104883,12515421,9.27,360,Mumbai Suburbs,2020-07-18,0.0261,Informal,7.18
LN104884,2613560,8.22,180,South Mumbai,2019-12-03,0.0824,Informal,4.64
LN104885,4020745,6.8,360,South Mumbai,2019-07-03,0.0779,Formal,5.57
LN104886,4195741,8.57,360,Mumbai Suburbs,2017-10-04,0.0675,Formal,4.74
LN104887,1835988,9.16,180,Mumbai Suburbs,2018-07-04,0.0837,Informal,4.76
LN104888,9103670,7.17,300,South Mumbai,2015-09-23,0.0358,Formal,6.92
LN104889,1550428,8.49,360,Navi Mumbai,2018-01-18,0.0047,Formal,6.05
LN104890,19866922,9.35,300,South Mumbai,2021-08-14,0.0805,Informal,5.09
LN104891,11117390,9.19,180,South Mumbai,2017-04-10,0.0583,Informal,4.88
LN104892,5305665,9.31,300,South Mumbai,2019-06-29,0.085,Formal,4.75
LN104893,15309043,9.58,360,South Mumbai,2016-10-28,0.0728,Formal,5.94
LN104894,3889190,9.78,180,Navi Mumbai,2022-08-06,0.0578,Formal,6.56
LN104895,10003281,7.92,300,Mumbai Suburbs,2019-12-22,0.0662,Formal,4.89
LN104896,8660678,8.49,180,South Mumbai,2018-03-10,0.1023,Formal,5.16
LN104897,18032874,9.27,180,Navi Mumbai,2021-08-03,0.0513,Informal,6.52
LN104898,2730283,8.94,300,Navi Mumbai,2019-09-06,0.0821,Informal,6.58
LN104899,10142693,9.98,360,Mumbai Suburbs,2019-04-24,0.0693,Formal,4.73
LN104900,7389690,6.55,360,Navi Mumbai,2018-04-25,0.0098,Formal,5.34
LN104901,7766174,7.74,360,Mumbai Suburbs,2019-02-17,0.0206,Informal,7.04
LN104902,1751993,7.48,360,Mumbai Suburbs,2022-06-13,0.0588,Informal,6.59
LN104903,16678986,7.42,240,Mumbai Suburbs,2019-06-06,0.0451,Informal,4.57
LN104904,18605498,7.28,180,South Mumbai,2022-09-17,0.0315,Informal,5.35
LN104905,9860369,8.98,180,Mumbai Suburbs,2019-01-14,0.0921,Formal,7.41
LN104906,7615920,6.8,240,Navi Mumbai,2020-02-14,0.0151,Informal,5.84
LN104907,16234145,9.1,180,Mumbai Suburbs,2016-08-13,0.054,Formal,6.52
LN104908,13491356,8.93,180,Navi Mumbai,2019-02-17,0.0338,Informal,4.32
LN104909,14552664,7.38,300,Mumbai Suburbs,2017-11-28,0.1045,Informal,6.91
LN104910,1317942,7.38,240,Mumbai Suburbs,2018-06-16,0.1355,Formal,6.12
LN104911,1337462,8.7,180,Mumbai Suburbs,2017-09-16,0.0507,Formal,4.61
LN104912,9810381,9.17,180,Mumbai Suburbs,2019-12-01,0.0855,Formal,5.33
LN104913,3430630,9.57,240,Mumbai Suburbs,2022-03-01,0.0981,Formal,4.29
LN104914,16148443,9.48,240,South Mumbai,2020-03-05,0.087,Informal,6.72
LN104915,5563167,9.88,300,South Mumbai,2020-08-15,0.0837,Formal,6.61
LN104916,8463131,8.53,300,Navi Mumbai,2021-08-08,0.0068,Formal,5.72
LN104917,3795126,9.68,360,South Mumbai,2022-08-26,0.0953,Informal,5.58
LN104918,8614896,9.33,360,Mumbai Suburbs,2019-04-16,0.0708,Formal,5.62
LN104919,6562632,9.63,300,Mumbai Suburbs,2022-02-05,0.0531,Informal,4.13
LN104920,13012246,6.54,180,Mumbai Suburbs,2021-07-28,0.0577,Formal,5.29
LN104921,10079860,9.88,240,Mumbai Suburbs,2018-03-27,0.0677,Formal,4.45
LN104922,6582266,8.16,300,Mumbai Suburbs,2015-11-11,0.0524,Informal,4.65
LN104923,1902473,9.29,360,Navi Mumbai,2020-06-02,0.0494,Formal,7.37
LN104924,17903418,6.95,240,Mumbai Suburbs,2019-09-03,0.0307,Formal,4.92
LN104925,11563366,7.89,360,Mumbai Suburbs,2022-01-14,0.0753,Formal,5.69
LN104926,9507150,7.45,180,Navi Mumbai,2019-01-20,0.0552,Informal,7.11
LN104927,2417158,7.52,180,Navi Mumbai,2018-02-24,0.0362,Formal,5.45
LN104928,19613148,6.93,360,Navi Mumbai,2017-09-07,0.0629,Formal,5.85
LN104929,11032514,9.32,240,Mumbai Suburbs,2016-04-26,0.0613,Informal,4.59
LN104930,1455433,6.53,360,South Mumbai,2020-12-30,0.0752,Informal,5
LN104931,9478748,7.59,240,South Mumbai,2018-05-20,0.0591,Informal,5.77
LN104932,17726990,7.11,300,Navi Mumbai,2019-10-05,0.0785,Formal,5.28
LN104933,19292770,8.56,360,Navi Mumbai,2022-12-07,0.0518,Formal,4.13
LN104934,19361861,7.39,360,Mumbai Suburbs,2019-01-25,0.054,Informal,5.4
LN104935,10835915,7.41,240,South Mumbai,2022-05-22,0.0683,Formal,6.85
LN104936,14929765,8.21,300,Mumbai Suburbs,2022-03-04,0.0716,Formal,4.41
LN104937,17728652,8.78,240,Mumbai Suburbs,2017-06-04,0.0963,Informal,4.07
LN104938,4230786,6.92,240,Mumbai Suburbs,2017-09-30,0.0914,Informal,4.42
LN104939,14783030,7.11,360,Mumbai Suburbs,2020-02-01,0.0587,Formal,6.4
LN104940,11187202,7.37,360,Navi Mumbai,2015-05-05,0.0177,Formal,6.78
LN104941,4621420,9.91,240,South Mumbai,2022-04-10,0.0805,Formal,4.17
LN104942,16261526,7.89,180,Mumbai Suburbs,2019-07-27,0.0758,Informal,7.11
LN104943,16111500,8.6,180,Mumbai Suburbs,2016-11-25,0.0665,Informal,6.2
LN104944,11284226,7.35,180,Mumbai Suburbs,2020-01-08,0.0832,Formal,5.81
LN104945,14028847,8.22,360,Mumbai Suburbs,2020-05-21,0.0489,Formal,4.89
LN104946,14684539,6.76,360,Navi Mumbai,2022-03-24,0.0121,Formal,5.3
LN104947,2251661,6.62,300,South Mumbai,2015-09-06,0.0338,Informal,7.31
LN104948,18891316,8.14,360,South Mumbai,2020-07-15,0,Informal,7.19
LN104949,8816184,7.9,300,Mumbai Suburbs,2018-11-30,0.0733,Formal,6.19
LN104950,15948678,6.98,360,Mumbai Suburbs,2021-11-20,0.058,Informal,6.03
LN104951,19286606,8.91,180,South Mumbai,2018-02-23,0.0858,Formal,4.74
LN104952,19785094,9.98,180,Mumbai Suburbs,2022-09-22,0.0826,Formal,7.34
LN104953,9704225,7.88,240,Mumbai Suburbs,2020-12-31,0.0453,Formal,6.64
LN104954,19581269,8.69,240,South Mumbai,2020-12-24,0.0353,Informal,5.34
LN104955,10481623,9.87,300,South Mumbai,2022-03-30,0.0364,Formal,6.86
LN104956,7281328,9.41,300,Navi Mumbai,2018-08-14,0.1175,Formal,4.74
LN104957,10734409,8.12,240,Mumbai Suburbs,2018-11-17,0.0555,Formal,4.75
LN104958,3827754,9.08,300,South Mumbai,2015-02-17,0.0518,Formal,6.77
LN104959,15075087,6.95,360,South Mumbai,2022-11-27,0.0687,Formal,5.96
LN104960,5953799,8.29,180,Mumbai Suburbs,2016-10-13,0.0124,Formal,5.95
LN104961,9351184,7.48,240,South Mumbai,2017-07-02,0.0481,Informal,6.01
LN104962,13612975,7.06,240,Navi Mumbai,2022-08-22,0.0343,Formal,4.44
LN104963,4739469,7.99,360,Mumbai Suburbs,2017-07-18,0.028,Formal,5.22
LN104964,16719336,6.96,300,Mumbai Suburbs,2019-05-20,0.0521,Formal,6.01
LN104965,9642979,8.95,240,Navi Mumbai,2018-08-04,0.0614,Informal,4.87
LN104966,19976534,8.1,240,Mumbai Suburbs,2019-03-30,0.0224,Formal,5.76
LN104967,14856901,8.36,360,South Mumbai,2017-04-30,0.049,Formal,5.95
LN104968,10550788,7.01,180,Mumbai Suburbs,2015-07-25,0.0624,Informal,7.3
LN104969,16754666,6.99,240,Mumbai Suburbs,2016-04-20,0.0735,Informal,4.86
LN104970,1420888,8.54,240,Mumbai Suburbs,2019-10-18,0.0518,Informal,5.54
LN104971,9295953,9.95,360,Mumbai Suburbs,2019-08-21,0.0699,Formal,7.44
LN104972,1190285,6.84,240,Mumbai Suburbs,2020-11-06,0.0494,Formal,4.65
LN104973,3211130,7.5,240,South Mumbai,2015-05-20,0.0984,Informal,6.73
LN104974,18984955,9.54,180,Mumbai Suburbs,2015-12-02,0.0763,Informal,4.62
LN104975,4128411,6.75,240,Mumbai Suburbs,2021-12-17,0.0399,Informal,6.98
LN104976,6130418,9.57,360,Mumbai Suburbs,2020-07-27,0.0451,Formal,5.71
LN104977,13977207,8.34,180,Mumbai Suburbs,2019-06-30,0.0718,Informal,7.4
LN104978,2488543,7.93,180,Mumbai Suburbs,2016-02-09,0.0442,Informal,4.6
LN104979,6929191,7.58,180,South Mumbai,2018-04-29,0.0021,Formal,6.41
LN104980,3437587,7.54,300,South Mumbai,2017-11-03,0.0689,Formal,6.43
LN104981,7417115,7.57,360,South Mumbai,2018-05-01,0.0485,Informal,6.52
LN104982,18888504,9.6,300,Mumbai Suburbs,2017-08-31,0.0804,Formal,4.35
LN104983,11160111,9.03,240,Mumbai Suburbs,2015-01-23,0.0612,Formal,5.01
LN104984,16442242,8.84,180,Mumbai Suburbs,2019-06-24,0.0794,Formal,5.18
LN104985,13838405,9.3,300,Mumbai Suburbs,2018-05-02,0.1356,Informal,5.14
LN104986,9992719,7.4,240,Navi Mumbai,2017-04-01,0.0985,Informal,6.36
LN104987,10541399,8.66,300,Navi Mumbai,2020-01-31,0.0495,Formal,4.19
LN104988,13299695,8.11,180,Navi Mumbai,2021-05-24,0.0727,Informal,6.56
LN104989,11832477,9.24,240,Navi Mumbai,2017-03-20,0.0635,Formal,5.84
LN104990,11947852,7.58,180,Mumbai Suburbs,2019-05-24,0.0681,Informal,4.61
LN104991,14811224,8.75,180,Mumbai Suburbs,2018-03-08,0.013,Formal,4.79
LN104992,18608851,9.59,300,South Mumbai,2019-02-10,0.0916,Informal,4.34
LN104993,2467217,7.91,360,Mumbai Suburbs,2021-12-29,0,Formal,5.61
LN104994,3744686,6.73,240,Mumbai Suburbs,2021-03-25,0.0595,Formal,6.08
LN104995,8557065,8.31,240,Mumbai Suburbs,2021-02-19,0.0073,Formal,6.03
LN104996,1231414,7.71,360,Mumbai Suburbs,2015-10-19,0.0389,Formal,7.37
LN104997,13839724,8.85,240,Mumbai Suburbs,2022-09-08,0.0663,Informal,5.04
LN104998,17584878,9.83,300,Mumbai Suburbs,2020-05-28,0.0861,Formal,6.67
LN104999,3402110,8.2,240,Mumbai Suburbs,2022-07-07,0.0907,Formal,6.53
LN105000,2643083,8.13,300,Mumbai Suburbs,2021-04-30,0.0542,Informal,4.21
LN105001,11404334,8.79,240,Navi Mumbai,2018-01-22,0.0897,Formal,7.26
LN105002,12791470,6.86,300,Navi Mumbai,2021-06-19,0.0581,Informal,7.26
LN105003,6050058,7.39,360,Mumbai Suburbs,2017-12-31,0.0386,Informal,5.39
LN105004,1021650,9.72,240,South Mumbai,2017-06-14,0.0712,Formal,5.46
LN105005,2404962,8.84,300,Navi Mumbai,2019-02-28,0.0325,Formal,6.87
LN105006,3913293,6.55,180,South Mumbai,2017-05-16,0.056,Formal,5.73
LN105007,11727797,7.22,180,Navi Mumbai,2017-08-03,0.0456,Informal,6.8
LN105008,16809068,8.89,180,South Mumbai,2021-07-20,0.0135,Formal,4.13
LN105009,4844328,9.18,240,Mumbai Suburbs,2021-07-11,0.0699,Formal,4.88
LN105010,15701106,9.44,300,Mumbai Suburbs,2020-02-08,0.0643,Informal,4.32
LN105011,8121782,7.52,180,Mumbai Suburbs,2022-02-22,0.0945,Formal,5.59
LN105012,13458709,9.76,240,Mumbai Suburbs,2018-01-25,0.0039,Formal,6.99
LN105013,6172886,8.44,300,Mumbai Suburbs,2019-01-30,0.0386,Informal,5.99
LN105014,5513207,8.94,180,Mumbai Suburbs,2022-01-09,0.0938,Informal,5.82
LN105015,10805301,8.59,180,South Mumbai,2021-08-15,0.0759,Formal,5.28
LN105016,19502070,6.93,240,Mumbai Suburbs,2022-03-14,0.0817,Formal,4.22
LN105017,2008314,9.87,300,South Mumbai,2016-10-13,0.1036,Formal,6.68
LN105018,7605949,6.93,240,Mumbai Suburbs,2017-02-11,0.0371,Formal,6
LN105019,18488932,7.39,180,South Mumbai,2020-12-17,0.0341,Formal,7.26
LN105020,17482430,9.35,240,Mumbai Suburbs,2020-02-12,0.0857,Informal,5.51
LN105021,8542242,8.67,240,Mumbai Suburbs,2016-03-23,0.079,Informal,5.41
LN105022,8359055,9.43,180,Mumbai Suburbs,2021-02-10,0.0562,Formal,7.41
LN105023,17691493,8.31,180,Mumbai Suburbs,2022-07-16,0.0554,Informal,4.49
LN105024,19476876,7.82,300,Mumbai Suburbs,2020-03-07,0.0309,Formal,4.88
LN105025,7110845,9.73,300,Navi Mumbai,2022-02-12,0.1074,Formal,5.71
LN105026,18122646,6.63,180,Navi Mumbai,2020-03-01,0.1208,Formal,5.83
LN105027,19635061,9.5,180,Mumbai Suburbs,2022-10-02,0.0935,Formal,5.92
LN105028,11328591,7.31,360,Mumbai Suburbs,2022-07-12,0.0796,Formal,4.74
LN105029,16380463,9.47,360,Mumbai Suburbs,2021-11-11,0.0777,Informal,7.24
LN105030,15152098,6.99,300,South Mumbai,2018-06-01,0.0699,Formal,6.46
LN105031,9135340,8.53,240,Mumbai Suburbs,2022-05-25,0.0071,Formal,4.9
LN105032,1847405,9.61,180,Navi Mumbai,2019-04-17,0.0457,Formal,5.03
LN105033,15027591,8.16,180,Mumbai Suburbs,2019-02-16,0.0846,Informal,7.08
LN105034,11680555,9.11,240,Mumbai Suburbs,2022-01-02,0.0346,Formal,5.33
LN105035,16508918,9.32,300,South Mumbai,2022-11-08,0.0647,Formal,5.95
LN105036,18010678,9.08,360,South Mumbai,2018-12-29,0.0947,Formal,4.42
LN105037,7342869,9.74,300,South Mumbai,2020-05-29,0.0952,Formal,4.88
LN105038,19746137,8.06,240,Mumbai Suburbs,2021-10-08,0.0881,Formal,5.46
LN105039,4401447,7.11,180,Mumbai Suburbs,2018-11-03,0.0685,Formal,6.3
LN105040,12038804,6.67,360,Mumbai Suburbs,2016-06-01,0.0839,Informal,4.98
LN105041,13176872,7.36,240,Mumbai Suburbs,2020-07-18,0.0528,Informal,7.33
LN105042,13088965,7,180,Mumbai Suburbs,2020-11-04,0.1111,Formal,4.77
LN105043,17650902,8.45,300,Mumbai Suburbs,2018-01-01,0.0123,Formal,6.73
LN105044,19541910,7.15,360,Mumbai Suburbs,2015-05-30,0.062,Formal,5.28
LN105045,19584470,6.64,180,Mumbai Suburbs,2021-09-18,0.0459,Informal,6.92
LN105046,14239647,6.63,180,Mumbai Suburbs,2022-02-08,0.0805,Formal,7.23
LN105047,6002828,9.41,180,Navi Mumbai,2017-09-16,0.0498,Formal,4.65
LN105048,1131562,8.57,180,South Mumbai,2017-01-30,0.1325,Formal,5.72
LN105049,7933966,7.75,180,South Mumbai,2017-11-18,0.0875,Formal,4.54
LN105050,13841272,9.63,300,Mumbai Suburbs,2021-11-13,0.03,Formal,6.47
LN105051,16039078,6.75,240,Mumbai Suburbs,2015-11-01,0,Formal,6.91
LN105052,11782554,9.93,360,South Mumbai,2020-01-30,0.0259,Formal,5.36
LN105053,1360306,8.66,300,Mumbai Suburbs,2019-03-21,0.0768,Formal,5.39
LN105054,8565991,7.14,360,Mumbai Suburbs,2018-05-04,0.0521,Formal,4.71
LN105055,15041769,8.88,180,Mumbai Suburbs,2016-07-12,0.0428,Formal,5.07
LN105056,19371718,9.17,240,Mumbai Suburbs,2019-03-13,0.0383,Formal,5.13
LN105057,19265519,8,180,Mumbai Suburbs,2015-10-16,0.0849,Formal,4.54
LN105058,6982547,9.52,300,South Mumbai,2021-02-09,0.0501,Formal,5.08
LN105059,18295706,7.03,300,South Mumbai,2019-12-31,0.0469,Formal,7.18
LN105060,15387845,7.48,360,South Mumbai,2020-10-22,0.0898,Informal,5.14
LN105061,11462554,6.83,180,Mumbai Suburbs,2019-12-11,0.1069,Formal,4.96
LN105062,11948852,7.24,180,Mumbai Suburbs,2021-05-29,0.0266,Informal,5.35
LN105063,2903124,7.34,240,Mumbai Suburbs,2017-08-25,0.0953,Informal,7.36
LN105064,3792537,9.71,240,Mumbai Suburbs,2021-01-29,0.0567,Formal,6.68
LN105065,4147887,6.77,180,Mumbai Suburbs,2018-11-26,0.0875,Informal,4.71
LN105066,17332364,8,360,Mumbai Suburbs,2019-06-02,0.0797,Formal,6.63
LN105067,14053104,8.36,240,South Mumbai,2018-12-12,0.0606,Formal,6.68
LN105068,2587542,9.65,180,Navi Mumbai,2021-08-29,0.0619,Informal,7.33
LN105069,16120484,9.99,180,Mumbai Suburbs,2021-05-25,0.08,Formal,7.12
LN105070,14158337,9.14,180,Mumbai Suburbs,2015-09-28,0.0271,Informal,4.33
LN105071,7234408,9.9,300,Mumbai Suburbs,2022-02-17,0.0257,Formal,5.59
LN105072,18401989,9.25,360,Mumbai Suburbs,2015-11-09,0.1224,Informal,6.46
LN105073,8581002,9.87,180,Mumbai Suburbs,2021-01-27,0.095,Formal,7.41
LN105074,19794744,8.98,180,South Mumbai,2020-03-30,0.0898,Formal,4.3
LN105075,2678332,6.78,180,Navi Mumbai,2018-11-25,0.0553,Formal,5.29
LN105076,2002021,7.91,240,Mumbai Suburbs,2017-09-14,0.0108,Informal,5.72
LN105077,3185132,8.76,180,South Mumbai,2017-03-18,0.0441,Formal,5.45
LN105078,14372225,7.73,300,South Mumbai,2021-08-01,0.0723,Formal,5.6
LN105079,18069223,7.46,300,Mumbai Suburbs,2020-05-17,0.0945,Formal,5.29
LN105080,16446786,8.52,360,Mumbai Suburbs,2020-01-17,0.0728,Formal,7.4
LN105081,11884598,9.77,180,Mumbai Suburbs,2022-08-06,0.0737,Formal,6.81
LN105082,16196020,6.62,180,Navi Mumbai,2020-02-16,0.0549,Formal,6.58
LN105083,13453218,9.19,180,Mumbai Suburbs,2018-09-13,0.0795,Formal,5.44
LN105084,3928785,9.03,300,Mumbai Suburbs,2021-04-15,0.0327,Informal,7.09
LN105085,15931903,9.87,240,Mumbai Suburbs,2015-01-10,0.0637,Formal,4.33
LN105086,16705328,9.76,240,Navi Mumbai,2018-12-24,0.0531,Formal,4.5
LN105087,10758579,9.17,180,Mumbai Suburbs,2020-11-04,0.1034,Formal,7.34
LN105088,5791164,8.32,240,Navi Mumbai,2017-04-10,0,Informal,5.98
LN105089,2612119,7.21,360,South Mumbai,2019-06-30,0.0554,Formal,4.56
LN105090,16516706,8.41,300,Mumbai Suburbs,2019-06-11,0.0675,Formal,7.32
LN105091,7277120,9.18,180,Mumbai Suburbs,2022-10-02,0.0044,Formal,7.41
LN105092,5216803,9.63,240,Navi Mumbai,2016-02-10,0.0822,Informal,7.09
LN105093,10015448,9.26,180,South Mumbai,2015-09-20,0.0561,Informal,4.83
LN105094,11022832,7.18,180,South Mumbai,2018-06-23,0.0314,Informal,4.97
LN105095,10835003,8.6,300,South Mumbai,2016-07-28,0.0906,Formal,5.42
LN105096,10260513,7.66,300,Mumbai Suburbs,2021-08-12,0.0377,Informal,6.03
LN105097,1143704,6.53,240,Mumbai Suburbs,2018-07-07,0.0843,Formal,7.47
LN105098,16366031,7.2,300,Navi Mumbai,2016-02-10,0.0656,Formal,7.35
LN105099,14723361,6.9,360,Mumbai Suburbs,2018-03-26,0.0477,Formal,7.22
LN105100,9454364,9.45,180,South Mumbai,2015-07-12,0.0297,Formal,4.31
LN105101,16923094,7.4,300,South Mumbai,2020-03-16,0.0386,Formal,6.65
LN105102,10755672,7.5,240,South Mumbai,2020-01-22,0.0864,Informal,7.07
LN105103,8775872,9.86,240,Mumbai Suburbs,2018-05-06,0.0946,Informal,5.17
LN105104,5714386,7.83,240,Navi Mumbai,2016-07-19,0.0808,Formal,4.77
LN105105,3396640,6.53,360,Navi Mumbai,2018-11-12,0.0591,Formal,6.62
LN105106,14626273,7.49,300,Mumbai Suburbs,2022-07-15,0.0808,Informal,4.32
LN105107,7375247,6.92,300,South Mumbai,2018-12-29,0.0695,Formal,7.29
LN105108,15311147,6.86,360,South Mumbai,2016-10-17,0.0419,Informal,4.55
LN105109,7994791,6.77,300,Mumbai Suburbs,2019-05-28,0.0325,Informal,5.6
LN105110,9246673,8.58,300,Navi Mumbai,2016-10-14,0.0506,Formal,7.44
LN105111,8421473,7.16,300,South Mumbai,2015-03-11,0.041,Formal,7.46
LN105112,2916796,7.76,360,South Mumbai,2015-03-17,0.0639,Formal,6.72
LN105113,2286188,9.52,360,Mumbai Suburbs,2018-08-31,0.1082,Informal,6.94
LN105114,9822405,7.99,240,Mumbai Suburbs,2019-12-18,0.0684,Informal,7.39
LN105115,16960084,9.7,360,South Mumbai,2017-10-24,0.1041,Formal,7.25
LN105116,15670696,8.24,360,Navi Mumbai,2020-01-15,0.06,Formal,6.18
LN105117,15817327,7.9,240,South Mumbai,2015-06-24,0.055,Formal,6.57
LN105118,8948838,9.13,360,Navi Mumbai,2020-10-04,0.0145,Informal,6.08
LN105119,19561310,6.76,300,South Mumbai,2015-07-07,0.0792,Formal,5.77
LN105120,11533405,6.81,180,South Mumbai,2020-07-25,0.0403,Formal,7.08
LN105121,18016824,8.78,240,Mumbai Suburbs,2018-04-24,0.0342,Informal,6.58
LN105122,14130483,8.2,180,South Mumbai,2016-01-09,0.0296,Informal,7.01
LN105123,4662097,9.27,180,Mumbai Suburbs,2022-06-24,0.0706,Formal,4.34
LN105124,9737723,9.71,240,Mumbai Suburbs,2022-09-10,0.0427,Formal,6.02
LN105125,9054515,7.86,180,Mumbai Suburbs,2019-06-01,0.1094,Informal,5.15
LN105126,5297084,8.59,180,Mumbai Suburbs,2019-07-21,0.0936,Formal,5.8
LN105127,15074334,8.25,240,Mumbai Suburbs,2015-05-01,0.044,Formal,6.15
LN105128,5042942,9.94,240,South Mumbai,2016-08-25,0,Formal,6.96
LN105129,18630375,9.41,300,Navi Mumbai,2017-07-21,0.0636,Informal,4.11
LN105130,18672812,9.69,240,Navi Mumbai,2016-08-02,0.0507,Informal,4.57
LN105131,8648392,7.39,360,South Mumbai,2019-03-12,0.0867,Informal,7.23
LN105132,14165955,9.2,180,Mumbai Suburbs,2015-05-05,0.0604,Formal,7.39
LN105133,2600720,7.43,240,Mumbai Suburbs,2019-01-10,0.0945,Formal,4.19
LN105134,12671416,7.23,300,South Mumbai,2022-03-08,0.0748,Formal,5.16
LN105135,15425907,9.8,240,Mumbai Suburbs,2022-03-09,0.0217,Formal,4.03
LN105136,17708676,6.57,180,Mumbai Suburbs,2017-07-22,0.0376,Formal,6.65
LN105137,9979219,9.88,240,South Mumbai,2019-12-16,0.0464,Informal,6.39
LN105138,14015118,7.02,180,South Mumbai,2022-02-08,0.0549,Formal,5.98
LN105139,14320814,9.37,240,Mumbai Suburbs,2016-02-21,0.0519,Formal,6.42
LN105140,16371868,7.47,300,Mumbai Suburbs,2022-12-22,0.0816,Formal,5.88
LN105141,9817164,7.73,360,South Mumbai,2017-08-23,0.0751,Formal,4.84
LN105142,15260995,7.26,300,Mumbai Suburbs,2015-03-27,0.0474,Formal,6.64
LN105143,7626924,8.55,240,Mumbai Suburbs,2016-08-10,0.0799,Formal,6.74
LN105144,7045001,7.72,180,South Mumbai,2020-11-16,0.0249,Formal,6.99
LN105145,1496232,8.8,300,Navi Mumbai,2022-03-29,0.081,Formal,7.34
LN105146,11075631,6.55,360,Mumbai Suburbs,2021-03-29,0.0861,Formal,6.62
LN105147,11435327,6.73,360,Mumbai Suburbs,2018-02-15,0.0683,Formal,4.19
LN105148,4991818,6.85,180,Mumbai Suburbs,2021-07-05,0.0758,Formal,4.07
LN105149,9164962,7.97,240,Mumbai Suburbs,2020-12-29,0.0797,Formal,6.59
LN105150,6070121,9.35,300,South Mumbai,2019-10-09,0.0914,Formal,4.2
LN105151,1250231,9.61,300,Mumbai Suburbs,2018-08-02,0.0823,Informal,5.11
LN105152,10450124,7.36,180,Mumbai Suburbs,2019-12-29,0.0962,Formal,4.48
LN105153,13963083,8.51,300,Mumbai Suburbs,2015-06-29,0.0128,Formal,7.39
LN105154,1978935,9.19,180,Mumbai Suburbs,2021-09-07,0.064,Formal,5.11
LN105155,6267528,7.51,180,Mumbai Suburbs,2019-12-18,0.0586,Formal,4.19
LN105156,10419059,7.93,240,South Mumbai,2020-07-06,0.0646,Formal,7.32
LN105157,19907334,8.33,180,Mumbai Suburbs,2021-08-16,0.087,Formal,6.13
LN105158,1420993,6.97,300,Mumbai Suburbs,2018-03-09,0.0639,Formal,4.13
LN105159,4401461,6.59,180,Mumbai Suburbs,2021-02-19,0.0627,Informal,6.92
LN105160,9634939,7.03,300,Mumbai Suburbs,2022-02-10,0.074,Informal,4.53
LN105161,14674086,8.69,180,Mumbai Suburbs,2015-07-23,0.0148,Informal,6.81
LN105162,14430428,6.76,240,Navi Mumbai,2018-05-12,0.1067,Formal,6.11
LN105163,3752690,7.16,240,South Mumbai,2022-06-27,0.0569,Formal,4.62
LN105164,15928068,7.68,180,South Mumbai,2022-08-27,0.1043,Formal,6.63
LN105165,2003510,6.77,180,Mumbai Suburbs,2016-05-01,0.0344,Formal,5.59
LN105166,13600030,7.17,180,South Mumbai,2016-12-02,0.0326,Formal,6.23
LN105167,18848408,9.69,240,Mumbai Suburbs,2020-05-03,0.0532,Formal,7.04
LN105168,15811934,6.57,360,South Mumbai,2015-04-24,0.0611,Formal,4.91
LN105169,2860371,8.79,180,South Mumbai,2021-07-19,0.0448,Formal,5.28
LN105170,13585707,7.85,360,South Mumbai,2018-05-09,0.0359,Formal,7.49
LN105171,12899372,8.85,180,Mumbai Suburbs,2015-03-09,0.0711,Informal,5.78
LN105172,19348696,8.56,300,Navi Mumbai,2021-12-17,0.1035,Informal,5.95
LN105173,12799564,7.28,240,Mumbai Suburbs,2019-04-14,0.1098,Formal,5
LN105174,16860841,9.47,360,South Mumbai,2015-05-16,0.0512,Formal,5.46
LN105175,15843466,8.22,360,Mumbai Suburbs,2019-05-02,0.0276,Informal,5.76
LN105176,4291987,9.38,240,South Mumbai,2016-06-30,0.0521,Informal,4.9
LN105177,14001919,7.92,360,Mumbai Suburbs,2022-12-08,0.1113,Formal,4.83
LN105178,14984068,9.95,180,Navi Mumbai,2019-07-01,0.0909,Formal,6.1
LN105179,16189458,9.2,360,Mumbai Suburbs,2020-09-29,0.0716,Informal,4.64
LN105180,15255470,9.88,180,South Mumbai,2017-02-14,0.046,Formal,5.94
LN105181,10179279,8.3,360,Mumbai Suburbs,2018-04-02,0.0874,Informal,6.47
LN105182,13896471,8.16,300,South Mumbai,2019-12-18,0.1279,Informal,4.69
LN105183,14076803,9.14,360,Mumbai Suburbs,2021-03-27,0.0557,Informal,6.61
LN105184,6492952,9.58,360,Mumbai Suburbs,2017-05-16,0.0009,Formal,5.26
LN105185,15681579,9.87,180,Mumbai Suburbs,2021-08-07,0.0292,Formal,7.47
LN105186,11197174,7.64,240,Navi Mumbai,2022-07-23,0.0619,Formal,7.43
LN105187,11893581,9.3,300,Mumbai Suburbs,2021-11-13,0.0553,Formal,6.8
LN105188,14425584,7.24,240,Navi Mumbai,2022-04-12,0.1008,Formal,5.2
LN105189,7297042,8.41,180,Mumbai Suburbs,2015-07-30,0.0423,Informal,7.28
LN105190,14601637,7.13,300,Mumbai Suburbs,2022-01-18,0.0548,Formal,7.5
LN105191,5052579,7.72,360,Mumbai Suburbs,2019-03-31,0.0406,Formal,5.62
LN105192,8200262,9.76,240,South Mumbai,2018-03-06,0.0834,Formal,6.15
LN105193,10158173,7.01,240,Mumbai Suburbs,2020-12-10,0.0342,Formal,4.02
LN105194,15186962,8.71,240,Mumbai Suburbs,2019-06-09,0.053,Informal,4.15
LN105195,8725166,8.58,360,South Mumbai,2020-06-21,0.0143,Informal,5.75
LN105196,8689205,6.92,180,Mumbai Suburbs,2021-07-18,0.0441,Informal,6.13
LN105197,19386641,7.64,360,Mumbai Suburbs,2016-08-23,0.1099,Formal,5.09
LN105198,18776115,8.47,360,Navi Mumbai,2016-01-03,0.1133,Formal,4.35
LN105199,6462610,7.16,180,Mumbai Suburbs,2021-05-07,0.0802,Informal,6.74
LN105200,3098729,9.3,180,Mumbai Suburbs,2015-11-13,0.0732,Formal,5.47
LN105201,19598060,9.9,360,Navi Mumbai,2022-07-07,0.0411,Formal,6.27
LN105202,18728518,7.25,180,Mumbai Suburbs,2018-06-07,0.066,Informal,6.28
LN105203,17465417,7.15,240,South Mumbai,2021-02-26,0.065,Formal,5.91
LN105204,2120803,8.09,300,South Mumbai,2020-03-21,0.0605,Formal,4.62
LN105205,13124055,9.12,180,Navi Mumbai,2015-06-27,0.0842,Formal,6.16
LN105206,17139153,7.49,300,South Mumbai,2016-01-30,0.0317,Informal,5.13
LN105207,8587973,6.57,240,Mumbai Suburbs,2016-03-04,0.1369,Formal,6.87
LN105208,13253468,8.39,180,Mumbai Suburbs,2019-06-05,0.1087,Formal,4.68
LN105209,1150653,9.85,360,Navi Mumbai,2016-12-07,0.0356,Formal,5.02
LN105210,15997400,7.87,360,Navi Mumbai,2015-06-26,0.0632,Formal,5.54
LN105211,3488144,7.97,240,Mumbai Suburbs,2015-12-24,0.042,Formal,6.59
LN105212,12845145,9.89,180,Navi Mumbai,2017-04-09,0.0791,Formal,6.52
LN105213,6942654,8.93,360,South Mumbai,2016-11-12,0.0573,Formal,5.18
LN105214,12877490,9.02,180,South Mumbai,2015-05-06,0.0035,Formal,5.79
LN105215,6839741,8.47,300,Navi Mumbai,2020-09-26,0.0324,Formal,4.82
LN105216,6088539,9.91,360,Mumbai Suburbs,2021-08-18,0.0998,Formal,6.7
LN105217,9774821,8.91,240,South Mumbai,2019-02-07,0.0534,Formal,4.69
LN105218,1416690,9.63,360,Mumbai Suburbs,2021-04-28,0.0532,Informal,6.87
LN105219,3996244,8.95,240,Mumbai Suburbs,2022-09-01,0.0801,Formal,7.28
LN105220,13735029,9.07,240,Navi Mumbai,2019-10-25,0.0882,Formal,7.47
LN105221,6359462,7.52,300,Navi Mumbai,2015-05-26,0.0573,Formal,7
LN105222,8838941,7.56,300,Mumbai Suburbs,2018-08-27,0,Formal,4.78
LN105223,18455282,9.24,240,Navi Mumbai,2017-09-09,0.0359,Informal,5.46
LN105224,2877779,7.54,360,Mumbai Suburbs,2016-01-03,0,Informal,4.31
LN105225,2625199,8.47,240,Mumbai Suburbs,2016-06-01,0.018,Formal,4.58
LN105226,2801951,7.37,180,Mumbai Suburbs,2021-06-16,0.0623,Formal,4.17
LN105227,9441557,9.36,180,Mumbai Suburbs,2019-09-12,0.0614,Formal,6.24
LN105228,10397868,6.89,360,South Mumbai,2015-06-20,0.0983,Formal,5.87
LN105229,9228736,9.4,360,Mumbai Suburbs,2018-02-28,0.059,Informal,7.21
LN105230,18566364,8.61,300,Mumbai Suburbs,2016-02-15,0.0337,Formal,5.62
LN105231,17495815,7.15,180,South Mumbai,2018-10-07,0.0961,Formal,6.25
LN105232,10941699,8.4,240,South Mumbai,2018-02-16,0.1125,Informal,5.41
LN105233,11557676,7.49,240,South Mumbai,2017-08-14,0.0875,Informal,6.9
LN105234,2308166,7.63,180,South Mumbai,2018-06-16,0.058,Informal,7.24
LN105235,10511878,7.73,180,Mumbai Suburbs,2017-02-24,0.0508,Formal,5.51
LN105236,3511019,6.72,300,South Mumbai,2018-03-02,0.0243,Formal,4.29
LN105237,19107944,9.95,180,South Mumbai,2015-04-27,0.0363,Formal,4.57
LN105238,2029242,6.61,300,Mumbai Suburbs,2021-06-08,0.0465,Formal,6.52
LN105239,3167626,8.82,360,Navi Mumbai,2018-09-09,0.0203,Formal,5.14
LN105240,9738676,7.8,360,South Mumbai,2021-03-05,0.05,Informal,6.75
LN105241,14893536,8.76,180,South Mumbai,2019-03-13,0.0516,Formal,6.62
LN105242,8283377,7.75,180,Navi Mumbai,2018-11-04,0.0982,Formal,6.43
LN105243,15412350,8.86,180,Mumbai Suburbs,2020-08-21,0.0114,Informal,6.85
LN105244,8017955,9.05,180,Navi Mumbai,2015-11-17,0.0652,Formal,6.65
LN105245,15178280,8.92,240,South Mumbai,2017-08-29,0.0192,Formal,6.21
LN105246,14686458,6.9,240,South Mumbai,2018-02-10,0.0013,Formal,4.01
LN105247,12813246,8.8,360,South Mumbai,2019-05-31,0.0452,Informal,5.8
LN105248,3738384,7.48,240,South Mumbai,2017-08-08,0.0606,Informal,6.08
LN105249,18182127,6.6,180,Navi Mumbai,2022-01-18,0.0982,Informal,7.36
LN105250,3508164,7.95,300,Navi Mumbai,2017-05-25,0.0519,Informal,6.28
LN105251,7174943,8.02,360,Navi Mumbai,2018-12-28,0.0438,Formal,6.01
LN105252,13032002,8.14,180,Navi Mumbai,2016-02-27,0.0389,Formal,5.89
LN105253,18946286,8.97,240,Navi Mumbai,2018-11-13,0.0445,Informal,4.36
LN105254,17487869,7.58,300,Mumbai Suburbs,2016-10-11,0,Informal,5.5
LN105255,17261730,7.6,300,Navi Mumbai,2015-07-10,0.0354,Formal,4.47
LN105256,13525683,6.71,240,South Mumbai,2020-08-06,0.084,Formal,4.18
LN105257,1171277,8.9,180,Mumbai Suburbs,2022-01-30,0,Formal,5.15
LN105258,11782063,8.49,300,Mumbai Suburbs,2017-04-02,0.0475,Informal,6.26
LN105259,8351548,7.72,300,Navi Mumbai,2019-06-07,0.0513,Formal,7.03
LN105260,2361212,8.97,240,Mumbai Suburbs,2020-01-25,0.0815,Informal,6.84
LN105261,16495582,8.38,300,Navi Mumbai,2016-10-29,0.0635,Informal,5.03
LN105262,6880926,8.14,300,Mumbai Suburbs,2016-08-04,0.0727,Informal,4.16
LN105263,19380560,8.29,300,Mumbai Suburbs,2019-04-11,0.0376,Formal,5.41
LN105264,14810326,8.73,360,Navi Mumbai,2020-05-28,0.0073,Informal,5.1
LN105265,12310929,8.81,180,South Mumbai,2021-03-22,0.0441,Formal,5.3
LN105266,7562865,7.51,180,Navi Mumbai,2016-12-19,0.0557,Formal,5.96
LN105267,7929909,6.99,240,Mumbai Suburbs,2018-02-04,0.0947,Formal,4.11
LN105268,16323853,7.05,180,Mumbai Suburbs,2016-10-22,0.0172,Formal,5.3
LN105269,2381710,8.74,300,Navi Mumbai,2016-01-15,0.1227,Formal,5.96
LN105270,3591822,9.56,180,Mumbai Suburbs,2016-11-24,0.0652,Formal,5.51
LN105271,3057797,7.93,360,Mumbai Suburbs,2021-06-24,0.0372,Informal,6.34
LN105272,14406769,7.09,300,Mumbai Suburbs,2022-06-04,0.0356,Formal,4.65
LN105273,18650636,9.15,300,South Mumbai,2018-04-05,0.0552,Informal,4.54
LN105274,7002024,9.41,360,Mumbai Suburbs,2018-01-29,0.058,Formal,5.08
LN105275,9881111,9.58,360,South Mumbai,2018-04-29,0.0604,Formal,4.36
LN105276,5412903,8.62,180,Navi Mumbai,2015-07-30,0.0791,Formal,4.83
LN105277,11723679,9.51,180,South Mumbai,2021-06-12,0.0402,Formal,4.3
LN105278,15116095,6.55,180,Mumbai Suburbs,2021-02-22,0.0632,Formal,5.41
LN105279,13467421,6.88,360,Navi Mumbai,2017-06-18,0.05,Formal,6.49
LN105280,12885324,6.82,180,Navi Mumbai,2015-10-01,0.1094,Formal,5
LN105281,7332961,8.99,240,Mumbai Suburbs,2021-02-22,0.0058,Formal,4.01
LN105282,9369597,6.74,180,Mumbai Suburbs,2021-05-24,0.1244,Formal,5.95
LN105283,18721677,8.24,360,South Mumbai,2017-09-05,0.0335,Formal,6.42
LN105284,2467256,8.15,360,Mumbai Suburbs,2022-08-03,0.0274,Informal,5.37
LN105285,15591057,7.59,240,South Mumbai,2019-01-31,0.0511,Formal,5.04
LN105286,14593077,9.55,300,Mumbai Suburbs,2017-11-27,0.0665,Formal,5.72
LN105287,8112646,7.1,240,Mumbai Suburbs,2020-08-07,0.0491,Formal,4.35
LN105288,9667126,7.73,360,Mumbai Suburbs,2016-02-10,0.0779,Informal,6.25
LN105289,8725976,9.21,300,Mumbai Suburbs,2016-06-05,0.0465,Formal,6.57
LN105290,3705421,6.61,240,Mumbai Suburbs,2019-07-23,0.0407,Formal,6.47
LN105291,14106384,8.86,240,Mumbai Suburbs,2016-10-04,0.0323,Formal,5.15
LN105292,9535640,9.36,300,Navi Mumbai,2015-06-03,0.0978,Formal,6.95
LN105293,7942263,9.76,240,South Mumbai,2016-05-20,0.0715,Formal,7.31
LN105294,5652124,9.57,300,Mumbai Suburbs,2019-10-05,0.0253,Formal,5.04
LN105295,2362516,7.62,180,South Mumbai,2021-03-07,0.0464,Informal,4.92
LN105296,17380660,8.55,300,South Mumbai,2017-07-22,0.0203,Formal,6.46
LN105297,2718562,6.77,240,Mumbai Suburbs,2015-06-27,0.1418,Formal,6.48
LN105298,8215409,7.4,180,South Mumbai,2015-01-10,0.0655,Formal,5.79
LN105299,2329785,6.83,360,South Mumbai,2020-08-01,0.0003,Informal,7.23
LN105300,8179391,7.6,360,Navi Mumbai,2021-09-21,0.0192,Formal,4.51
LN105301,15742351,9.56,360,Mumbai Suburbs,2019-05-23,0.0225,Formal,5.67
LN105302,10080961,7.72,240,South Mumbai,2018-08-12,0.0688,Formal,4.12
LN105303,5881539,8.47,180,South Mumbai,2022-04-30,0.0091,Formal,4.18
LN105304,3328033,8.02,300,South Mumbai,2019-07-12,0.019,Informal,4.19
LN105305,18933149,8.11,360,Mumbai Suburbs,2022-12-29,0.0525,Formal,5.72
LN105306,10878917,9.89,360,Mumbai Suburbs,2021-09-19,0.0575,Formal,6.06
LN105307,16234022,7.54,180,Mumbai Suburbs,2018-01-18,0.0434,Formal,4.01
LN105308,9175576,8.7,180,South Mumbai,2022-11-15,0.0475,Informal,6.21
LN105309,8691332,7.97,180,Mumbai Suburbs,2019-11-02,0.0169,Formal,5.71
LN105310,8059903,6.71,240,Mumbai Suburbs,2021-12-11,0.0734,Formal,4.78
LN105311,6441039,8.21,180,Mumbai Suburbs,2016-02-28,0,Formal,4.05
LN105312,7077234,9.35,300,Navi Mumbai,2022-10-01,0.0551,Formal,4.55
LN105313,1194152,6.85,300,Mumbai Suburbs,2015-05-20,0.1134,Formal,6.1
LN105314,2928356,6.74,360,South Mumbai,2021-05-28,0.049,Formal,6.31
LN105315,5797927,7.04,300,Navi Mumbai,2022-02-18,0.018,Formal,6.26
LN105316,10201352,9.18,180,South Mumbai,2018-03-20,0.0565,Formal,4.54
LN105317,12601321,9.03,300,South Mumbai,2022-03-09,0.0508,Informal,7.19
LN105318,4800760,8.48,360,Mumbai Suburbs,2022-08-19,0.0655,Formal,5.44
LN105319,17504641,8.14,240,Mumbai Suburbs,2018-09-04,0.065,Informal,6.69
LN105320,1975112,9.61,300,Navi Mumbai,2022-10-17,0.0889,Formal,4.58
LN105321,5033123,9.18,360,South Mumbai,2020-02-03,0.0449,Formal,5.65
LN105322,1555839,9.34,360,Mumbai Suburbs,2017-07-15,0.0349,Formal,5.83
LN105323,1614101,9.35,180,South Mumbai,2019-05-14,0.0357,Formal,6.7
LN105324,1449813,8.75,360,Mumbai Suburbs,2021-02-05,0.0403,Formal,6.18
LN105325,9227489,8.1,300,South Mumbai,2016-11-29,0.0686,Formal,5.4
LN105326,17115126,9.53,360,Mumbai Suburbs,2017-02-02,0.0185,Informal,4.99
LN105327,13234908,9.74,360,South Mumbai,2019-11-25,0.0316,Formal,7.41
LN105328,14641125,6.58,180,South Mumbai,2019-12-08,0.0615,Formal,5
LN105329,6121632,6.68,180,Mumbai Suburbs,2020-08-16,0.0961,Informal,4.45
LN105330,18328454,9.86,300,Navi Mumbai,2015-03-20,0.0335,Formal,5.05
LN105331,4643488,7.47,360,Navi Mumbai,2019-05-17,0.0705,Informal,5.14
LN105332,11469888,9.56,240,Navi Mumbai,2018-07-30,0.0537,Formal,4.45
LN105333,9388823,7.86,360,Mumbai Suburbs,2017-03-19,0.0751,Formal,6.48
LN105334,13950659,6.92,240,South Mumbai,2022-04-25,0.0618,Informal,6.17
LN105335,12558170,6.78,300,Mumbai Suburbs,2015-08-27,0.0608,Formal,5.11
LN105336,8907386,7.05,180,Mumbai Suburbs,2016-03-20,0.1366,Formal,7.48
LN105337,18794591,7.37,300,South Mumbai,2017-08-30,0.1479,Informal,6.29
LN105338,1272544,8.21,180,South Mumbai,2017-06-04,0.0521,Informal,6.46
LN105339,1534633,8.96,180,South Mumbai,2017-02-26,0.0325,Informal,5.95
LN105340,6276776,9.95,360,Mumbai Suburbs,2016-10-23,0.0673,Formal,5.93
LN105341,19641123,8.05,360,South Mumbai,2019-01-30,0.0781,Informal,4.07
LN105342,17228027,8.31,180,South Mumbai,2020-10-13,0.0996,Formal,6.7
LN105343,10203269,8.33,240,Mumbai Suburbs,2022-01-20,0,Informal,7.19
LN105344,2120113,8.39,240,Mumbai Suburbs,2016-01-14,0.0477,Formal,4.43
LN105345,11201961,8.31,360,Mumbai Suburbs,2021-06-19,0.0448,Formal,6.78
LN105346,5592087,6.53,300,Mumbai Suburbs,2017-07-05,0.0358,Informal,5.87
LN105347,6093388,6.51,240,South Mumbai,2018-03-03,0.0151,Informal,5
LN105348,14053367,6.84,180,Mumbai Suburbs,2017-12-19,0.0533,Informal,7.22
LN105349,16941926,6.86,360,South Mumbai,2018-11-07,0.0811,Formal,4.06
LN105350,12047100,8.97,360,Mumbai Suburbs,2018-08-14,0.0227,Formal,4.96
LN105351,5645289,7.22,180,Mumbai Suburbs,2018-07-15,0.0626,Informal,7.1
LN105352,11531792,9.63,300,Navi Mumbai,2021-06-09,0.0726,Formal,5.68
LN105353,9893518,9.75,180,Mumbai Suburbs,2019-12-23,0.1093,Informal,6.1
LN105354,10011698,9.92,300,South Mumbai,2015-07-02,0.0791,Informal,6.62
LN105355,3029341,9.79,360,Mumbai Suburbs,2021-03-05,0.0574,Informal,4.52
LN105356,16962977,7.45,300,Mumbai Suburbs,2016-11-07,0.0693,Formal,4.75
LN105357,15518342,8.28,180,Mumbai Suburbs,2019-06-19,0.0829,Informal,7.5
LN105358,2769617,7.11,360,South Mumbai,2020-08-22,0.0636,Formal,4.83
LN105359,11827369,9.32,240,Mumbai Suburbs,2016-07-11,0.0836,Informal,5.89
LN105360,6369337,9.61,360,South Mumbai,2019-06-29,0.05,Formal,5.05
LN105361,16848515,9.48,180,Mumbai Suburbs,2016-05-25,0.096,Formal,6.98
LN105362,1880432,8.02,180,Mumbai Suburbs,2020-01-25,0.0447,Formal,7.37
LN105363,16235953,9.16,360,South Mumbai,2019-11-14,0.0394,Informal,4.49
LN105364,16534442,6.84,360,Navi Mumbai,2016-07-13,0.046,Informal,6.1
LN105365,7227740,6.64,360,Mumbai Suburbs,2021-04-25,0.0309,Formal,6.84
LN105366,14945748,9.14,300,Mumbai Suburbs,2016-04-24,0.0826,Informal,6.88
LN105367,15649817,7.99,240,South Mumbai,2019-09-08,0.0128,Informal,5.54
LN105368,8857997,9.98,300,Mumbai Suburbs,2020-02-23,0.047,Formal,4.79
LN105369,4939625,6.84,180,Mumbai Suburbs,2017-07-13,0.0697,Formal,5.35
LN105370,2629618,9.49,360,Navi Mumbai,2019-11-13,0.0604,Formal,6.63
LN105371,12381957,8.18,300,South Mumbai,2019-02-07,0.0587,Informal,7.48
LN105372,6983359,9.4,300,South Mumbai,2022-04-06,0.0557,Informal,5.94
LN105373,3568101,9.36,180,Navi Mumbai,2015-12-18,0.0649,Formal,4.68
LN105374,14450304,9.71,300,Navi Mumbai,2022-01-10,0.0299,Formal,4.15
LN105375,19074992,7.54,180,South Mumbai,2018-06-16,0.0456,Formal,7.3
LN105376,4702590,9.82,300,Mumbai Suburbs,2022-03-08,0.0523,Formal,5.69
LN105377,10872310,7.03,240,South Mumbai,2018-09-06,0.0737,Formal,6.51
LN105378,15312034,6.79,180,Mumbai Suburbs,2019-12-12,0.0883,Formal,6.31
LN105379,17740925,8.01,240,Navi Mumbai,2019-02-05,0.056,Formal,7.12
LN105380,9018205,9.4,300,South Mumbai,2016-02-13,0.082,Formal,4.93
LN105381,5928476,8.16,240,South Mumbai,2017-10-18,0.0627,Formal,5.55
LN105382,4886613,9.4,240,South Mumbai,2019-08-09,0.0579,Formal,7.2
LN105383,5010442,9.05,240,South Mumbai,2020-05-09,0.0835,Formal,6.05
LN105384,14650045,7.23,300,South Mumbai,2019-05-20,0.0166,Informal,4.25
LN105385,4304860,9.82,180,Navi Mumbai,2019-03-15,0.0733,Formal,4.68
LN105386,14034994,6.71,300,South Mumbai,2017-07-26,0.0394,Formal,4.83
LN105387,9722856,9.64,300,Mumbai Suburbs,2022-01-29,0.0912,Formal,7.48
LN105388,18438656,7.57,300,Mumbai Suburbs,2016-11-19,0.0403,Formal,4.78
LN105389,2193502,8.25,180,Mumbai Suburbs,2022-11-25,0.0507,Formal,7.04
LN105390,15539933,7.98,360,Mumbai Suburbs,2022-03-12,0.0131,Formal,4.27
LN105391,4329782,7.1,300,South Mumbai,2017-11-05,0.071,Formal,4.64
LN105392,7856825,7.75,300,Mumbai Suburbs,2018-07-05,0.0475,Formal,7.05
LN105393,6116176,7.18,180,South Mumbai,2020-09-08,0.0439,Formal,7.15
LN105394,10143589,7.21,360,Mumbai Suburbs,2015-07-07,0.0608,Informal,4.62
LN105395,1381325,7.15,360,South Mumbai,2018-10-23,0.0099,Formal,4.8
LN105396,10202134,8.21,360,Mumbai Suburbs,2020-09-13,0.0392,Informal,5.86
LN105397,1963544,9.29,360,Mumbai Suburbs,2022-10-31,0.0544,Formal,4.18
LN105398,3426062,8.49,180,Mumbai Suburbs,2017-03-19,0.1039,Formal,7.31
LN105399,9209517,9.63,180,South Mumbai,2019-08-28,0.0655,Formal,5.27
LN105400,8495095,8.73,360,South Mumbai,2021-03-30,0.0719,Formal,5.71
LN105401,9994359,8.91,240,Navi Mumbai,2017-01-08,0.0619,Formal,4.37
LN105402,11127222,8.84,180,South Mumbai,2017-05-09,0.15,Formal,4.11
LN105403,1958379,8.07,240,South Mumbai,2021-09-26,0.087,Informal,5.64
LN105404,14655842,8.91,240,Mumbai Suburbs,2018-12-26,0,Informal,4.43
LN105405,14200497,6.74,360,Navi Mumbai,2017-05-06,0.0667,Formal,6.21
LN105406,12290492,9.51,360,Mumbai Suburbs,2017-06-21,0.0927,Formal,6.78
LN105407,16793024,9.22,300,Mumbai Suburbs,2017-04-15,0.0165,Formal,4.11
LN105408,5027187,7.36,240,Mumbai Suburbs,2020-02-09,0.0631,Formal,6.14
LN105409,7326981,9.19,300,South Mumbai,2021-10-12,0.0439,Formal,6.85
LN105410,1006464,6.54,360,Mumbai Suburbs,2017-05-23,0.0344,Formal,5.54
LN105411,10978034,7.26,240,Navi Mumbai,2017-08-13,0.1001,Informal,7.36
LN105412,16055636,6.73,180,Navi Mumbai,2016-01-01,0.0401,Formal,4.39
LN105413,2161140,9.23,300,South Mumbai,2021-07-06,0.0404,Formal,5.13
LN105414,12042682,9.15,360,Mumbai Suburbs,2015-01-04,0.033,Informal,4.81
LN105415,11223676,9.35,240,Mumbai Suburbs,2019-11-26,0.0274,Formal,7.49
LN105416,6790233,6.52,360,South Mumbai,2017-05-18,0.0436,Informal,5.03
LN105417,18042255,8.25,300,Mumbai Suburbs,2019-12-25,0.0421,Informal,5.36
LN105418,17396352,8.97,360,South Mumbai,2022-07-18,0.0244,Formal,6.97
LN105419,3076259,7.04,360,Mumbai Suburbs,2017-09-05,0.0592,Formal,7.25
LN105420,11589887,8.77,180,South Mumbai,2021-04-12,0,Informal,7.28
LN105421,13679338,6.79,360,Mumbai Suburbs,2017-06-19,0.063,Formal,5.95
LN105422,19173318,7.13,240,Mumbai Suburbs,2019-03-16,0.0893,Formal,6.32
LN105423,17781227,8.17,240,Mumbai Suburbs,2021-11-28,0.0441,Formal,5.22
LN105424,19741940,8.79,180,Mumbai Suburbs,2015-01-24,0.0706,Formal,6.13
LN105425,13602694,7.01,240,South Mumbai,2021-11-01,0.0524,Formal,5.06
LN105426,16927403,7.15,360,Mumbai Suburbs,2017-02-15,0.1306,Formal,6.61
LN105427,15671009,7.22,360,Navi Mumbai,2018-01-09,0.0892,Formal,5.08
LN105428,9821549,7.34,240,South Mumbai,2016-08-09,0.034,Formal,7.08
LN105429,12577795,7.29,300,Mumbai Suburbs,2016-06-22,0.0987,Formal,4.5
LN105430,1603151,7.88,360,Mumbai Suburbs,2019-06-01,0.1323,Formal,6
LN105431,16589702,8.79,240,Mumbai Suburbs,2020-12-13,0.0535,Formal,5.82
LN105432,17091794,8.03,360,Mumbai Suburbs,2019-10-21,0.0746,Formal,4.92
LN105433,16049737,9.22,360,Mumbai Suburbs,2017-10-18,0.0904,Informal,4.1
LN105434,9111184,9.02,180,South Mumbai,2015-10-02,0.0264,Formal,4.52
LN105435,15367204,6.94,240,Mumbai Suburbs,2018-09-06,0.005,Formal,7.39
LN105436,8285387,6.67,360,Mumbai Suburbs,2017-01-23,0.0648,Formal,7.29
LN105437,5444910,9.57,300,South Mumbai,2018-11-04,0.0353,Formal,4.42
LN105438,1731636,6.78,240,Mumbai Suburbs,2021-07-08,0.0535,Informal,5.31
LN105439,14143097,7.02,300,Mumbai Suburbs,2019-06-10,0.0907,Formal,5.63
LN105440,7481093,6.58,240,Mumbai Suburbs,2017-06-23,0.077,Formal,5.67
LN105441,18463506,8.7,300,South Mumbai,2021-01-20,0.0767,Informal,5.05
LN105442,11149777,8.54,300,Navi Mumbai,2015-01-01,0.0561,Informal,7.2
LN105443,8553925,9.95,240,Mumbai Suburbs,2020-11-23,0.0407,Formal,7.18
LN105444,4216662,9.6,180,Mumbai Suburbs,2021-03-19,0.0387,Informal,4.07
LN105445,3364825,7.94,180,South Mumbai,2020-10-30,0.1123,Informal,6.28
LN105446,11842502,7.8,240,Mumbai Suburbs,2018-05-21,0.1277,Informal,4.26
LN105447,14340494,7.54,360,Navi Mumbai,2022-01-24,0.0924,Formal,6.09
LN105448,3180139,7.03,240,Mumbai Suburbs,2022-04-12,0.0516,Informal,7.03
LN105449,4719194,6.98,240,Mumbai Suburbs,2016-01-12,0.0266,Formal,6.27
LN105450,4283737,6.96,360,Mumbai Suburbs,2020-10-19,0.1416,Formal,5.64
LN105451,2432672,6.9,240,Mumbai Suburbs,2019-09-18,0.0736,Formal,7.35
LN105452,18341390,7.34,240,South Mumbai,2019-05-31,0.073,Formal,6.61
LN105453,19399779,7.57,360,Mumbai Suburbs,2019-12-13,0.0421,Formal,4.87
LN105454,6857846,9.87,360,Mumbai Suburbs,2016-03-16,0.0806,Formal,5.35
LN105455,7841023,8.52,180,South Mumbai,2021-03-10,0.0538,Formal,6.66
LN105456,11596536,9.96,300,Mumbai Suburbs,2019-05-12,0.0283,Formal,4.07
LN105457,13160068,7.8,300,Navi Mumbai,2017-10-21,0.0498,Informal,4.22
LN105458,3465596,8.1,180,Mumbai Suburbs,2018-08-05,0.0721,Informal,7.01
LN105459,16842433,7.64,180,Mumbai Suburbs,2019-01-07,0.106,Formal,4.15
LN105460,5405113,7.14,300,Navi Mumbai,2017-01-12,0.0128,Informal,6.37
LN105461,2413967,7,180,South Mumbai,2021-01-26,0.0228,Formal,5.12
LN105462,14116197,9.81,240,South Mumbai,2019-11-23,0.0472,Formal,6.89
LN105463,6066447,9.95,180,South Mumbai,2017-03-06,0.0319,Formal,6.97
LN105464,8718221,6.66,180,South Mumbai,2015-06-18,0.0601,Formal,7.34
LN105465,7856604,7.03,180,South Mumbai,2022-05-22,0.0452,Formal,4.33
LN105466,11071586,7.98,180,Mumbai Suburbs,2022-09-22,0.0637,Formal,5.48
LN105467,12462734,7.15,300,Mumbai Suburbs,2021-07-29,0.065,Formal,6.01
LN105468,16317570,7.77,360,Mumbai Suburbs,2018-06-01,0.0194,Formal,7.21
LN105469,2935772,6.95,300,Mumbai Suburbs,2019-12-09,0.0537,Formal,4.93
LN105470,3422952,8.1,300,Mumbai Suburbs,2020-05-19,0.036,Informal,4.25
LN105471,16396502,7.45,360,South Mumbai,2021-10-26,0.0941,Formal,4.71
LN105472,16161926,7.73,300,Mumbai Suburbs,2015-06-15,0.0396,Formal,5.73
LN105473,2861663,6.83,240,Mumbai Suburbs,2022-01-28,0.0451,Informal,6.38
LN105474,6363998,8,360,Navi Mumbai,2022-11-14,0.0328,Informal,6.42
LN105475,16379025,9.94,240,South Mumbai,2016-03-22,0.0591,Informal,4.26
LN105476,10440298,7.65,300,South Mumbai,2021-09-22,0.0554,Formal,6.66
LN105477,1049768,9.57,300,Mumbai Suburbs,2022-01-03,0.1045,Informal,6.31
LN105478,6167373,9.45,360,Mumbai Suburbs,2018-09-14,0.0591,Formal,5.43
LN105479,13166879,9.83,300,South Mumbai,2017-10-27,0.1004,Informal,6
LN105480,19877542,9.27,180,Mumbai Suburbs,2020-01-16,0.1061,Informal,6.69
LN105481,9506377,8.81,240,South Mumbai,2021-05-23,0.0494,Formal,4.92
LN105482,1297542,9.5,240,Navi Mumbai,2019-06-16,0.0547,Formal,7.29
LN105483,12669729,6.76,180,South Mumbai,2016-12-10,0.0428,Formal,4.48
LN105484,6628573,8.12,360,South Mumbai,2021-02-15,0.0232,Formal,7.16
LN105485,9091363,9.96,360,South Mumbai,2018-06-17,0.1308,Formal,6.59
LN105486,18706080,9.19,180,Mumbai Suburbs,2015-02-12,0.0429,Formal,6.31
LN105487,6908553,9.87,180,South Mumbai,2020-05-29,0.0329,Formal,4.29
LN105488,14350078,9.23,240,Mumbai Suburbs,2019-07-02,0.0282,Informal,7.22
LN105489,7508526,9.56,180,Navi Mumbai,2022-06-05,0.0412,Formal,5.03
LN105490,13981929,8.97,180,South Mumbai,2015-06-26,0.0509,Informal,6.61
LN105491,9140594,9.16,180,Mumbai Suburbs,2018-12-03,0.0973,Informal,7.1
LN105492,10320383,8.33,300,South Mumbai,2017-04-17,0.1144,Informal,4.85
LN105493,15040779,9.73,180,Mumbai Suburbs,2017-04-09,0,Informal,7.2
LN105494,3466511,9.39,300,South Mumbai,2018-01-23,0.1076,Formal,6.14
LN105495,4295784,9.45,240,South Mumbai,2022-04-04,0.1103,Formal,6.31
LN105496,12360287,8.86,240,Mumbai Suburbs,2016-04-03,0.0414,Informal,7.2
LN105497,14430286,7.57,360,South Mumbai,2017-05-25,0.0327,Formal,5.84
LN105498,7435389,6.62,240,Navi Mumbai,2020-11-24,0.0757,Formal,5.54
LN105499,16827610,9.77,360,Mumbai Suburbs,2018-10-16,0.0409,Informal,6.22
LN105500,8422235,8.55,300,Mumbai Suburbs,2016-04-26,0.1049,Informal,5.94
LN105501,5134608,7.54,180,Navi Mumbai,2019-08-08,0.0747,Formal,4.22
LN105502,2248749,7.02,240,Navi Mumbai,2018-08-03,0.0374,Formal,4.63
LN105503,11987706,9.4,180,Mumbai Suburbs,2022-03-31,0.0688,Formal,4.05
LN105504,18453553,9.43,360,Mumbai Suburbs,2022-04-29,0.0621,Formal,4.38
LN105505,17172473,9.35,300,Mumbai Suburbs,2015-07-10,0.0024,Informal,6.55
LN105506,3023553,8.76,240,Mumbai Suburbs,2017-06-29,0.0304,Informal,4.02
LN105507,14849214,7.78,180,Mumbai Suburbs,2016-09-18,0.0403,Formal,5.07
LN105508,3096419,7.56,360,Navi Mumbai,2015-04-25,0.0714,Formal,5.57
LN105509,8166065,6.53,180,South Mumbai,2021-04-26,0.077,Informal,7.28
LN105510,4742918,9.42,240,Mumbai Suburbs,2022-04-05,0.0962,Formal,5.14
LN105511,18321560,6.81,180,Mumbai Suburbs,2022-10-15,0.0389,Formal,6.74
LN105512,18964246,8.71,300,Navi Mumbai,2017-08-26,0.0155,Formal,5.43
LN105513,9208149,8.26,240,South Mumbai,2015-03-06,0.0346,Informal,4.34
LN105514,9437247,8.34,360,Mumbai Suburbs,2018-11-28,0.0388,Informal,4.35
LN105515,11938814,9.74,240,Mumbai Suburbs,2019-08-02,0.0359,Formal,5.51
LN105516,16467488,6.61,360,South Mumbai,2017-12-23,0.0594,Informal,4.2
LN105517,9985290,9.21,360,Mumbai Suburbs,2015-10-19,0.0809,Informal,6
LN105518,5524105,6.68,240,Mumbai Suburbs,2021-04-05,0.0476,Formal,5.73
LN105519,2880164,6.63,360,South Mumbai,2018-11-16,0.075,Formal,6.46
LN105520,5376751,8,240,Mumbai Suburbs,2022-09-20,0.0891,Informal,4.65
LN105521,5869236,6.72,300,Navi Mumbai,2018-05-31,0.0597,Formal,6.08
LN105522,18157285,9.26,300,Navi Mumbai,2021-12-18,0.0259,Formal,4.61
LN105523,11547628,8.35,180,Mumbai Suburbs,2020-12-01,0.0516,Formal,6.53
LN105524,17888173,6.6,300,Mumbai Suburbs,2021-07-04,0.0906,Formal,5.08
LN105525,5734071,6.64,360,South Mumbai,2022-07-28,0.0789,Formal,6.15
LN105526,17415376,8.64,180,Navi Mumbai,2019-12-14,0.028,Formal,7.09
LN105527,15444539,9.32,180,South Mumbai,2016-06-03,0.0953,Formal,5.71
LN105528,13848776,8.03,240,Mumbai Suburbs,2015-10-28,0.0501,Formal,4.67
LN105529,18972560,8.44,180,South Mumbai,2017-10-22,0.0278,Informal,7.1
LN105530,10073936,9.3,240,Mumbai Suburbs,2021-04-09,0.059,Formal,5.26
LN105531,1416561,8.64,180,South Mumbai,2015-05-11,0.0143,Informal,6.56
LN105532,15771293,7.29,300,Mumbai Suburbs,2022-08-14,0.0795,Formal,5.12
LN105533,12464871,8.65,240,Mumbai Suburbs,2021-11-12,0.0943,Formal,5.04
LN105534,17141241,8.7,360,Mumbai Suburbs,2019-03-14,0.03,Formal,6.25
LN105535,8156406,9.07,180,South Mumbai,2020-01-05,0.0549,Formal,4.55
LN105536,5801436,8.67,300,Navi Mumbai,2020-02-02,0.0861,Formal,7.03
LN105537,13149321,9.89,300,South Mumbai,2015-08-12,0.0201,Formal,5.36
LN105538,15212972,7.19,240,Mumbai Suburbs,2018-01-11,0.0234,Formal,4.07
LN105539,7931344,9.83,240,Mumbai Suburbs,2016-04-21,0.0529,Informal,5.07
LN105540,1624913,8.38,240,Navi Mumbai,2020-07-25,0.0516,Formal,6.75
LN105541,10909801,8.85,360,South Mumbai,2017-12-31,0.0615,Informal,7.01
LN105542,10306607,6.85,360,Mumbai Suburbs,2015-09-07,0.0568,Informal,5.99
LN105543,11422372,7.83,360,Mumbai Suburbs,2019-05-24,0.0201,Informal,5.03
LN105544,9637872,9.19,180,Navi Mumbai,2021-11-04,0.0115,Formal,5.85
LN105545,13395230,8.97,360,South Mumbai,2022-01-30,0.0205,Formal,6.93
LN105546,17480387,6.64,240,Mumbai Suburbs,2019-12-23,0.0751,Informal,5.11
LN105547,9625146,8.41,300,South Mumbai,2020-02-26,0.0885,Formal,5.35
LN105548,16259027,6.81,300,South Mumbai,2021-10-26,0.0573,Formal,5.89
LN105549,16802231,9.99,240,South Mumbai,2015-08-20,0.0813,Informal,7.1
LN105550,4609134,9.64,360,Navi Mumbai,2021-02-10,0.0418,Formal,6.04
LN105551,12729160,6.57,360,South Mumbai,2016-07-29,0.049,Formal,4.73
LN105552,7630604,9.51,240,Navi Mumbai,2017-08-07,0.0877,Formal,4.31
LN105553,18604366,9.72,300,South Mumbai,2018-07-27,0.074,Informal,4.33
LN105554,2786852,7.74,180,Navi Mumbai,2021-10-08,0.0653,Informal,7.33
LN105555,8377426,9.02,300,Mumbai Suburbs,2021-02-15,0.0556,Informal,6.88
LN105556,6032793,8.05,360,South Mumbai,2015-12-01,0.0253,Informal,6.68
LN105557,13925465,8.79,300,Mumbai Suburbs,2020-01-02,0.0626,Formal,5.74
LN105558,9139480,7.69,360,Mumbai Suburbs,2016-07-02,0.0693,Formal,6.35
LN105559,17819353,7.63,300,Mumbai Suburbs,2022-01-04,0.1262,Formal,4.45
LN105560,17916141,7.99,240,Mumbai Suburbs,2018-09-11,0.0576,Formal,6.17
LN105561,3633819,7.01,360,Mumbai Suburbs,2015-01-31,0.0489,Formal,6.84
LN105562,6412319,9.41,180,Mumbai Suburbs,2020-05-28,0.0685,Formal,4.22
LN105563,13184706,7.72,180,Mumbai Suburbs,2015-03-13,0.1034,Formal,5.04
LN105564,1375233,7.9,240,Mumbai Suburbs,2021-06-28,0.0706,Formal,4.39
LN105565,14563872,9.63,300,Navi Mumbai,2020-12-16,0.0546,Formal,4.91
LN105566,15166825,8.24,240,Navi Mumbai,2019-05-10,0.0364,Informal,6.7
LN105567,11123243,8.4,240,South Mumbai,2016-12-05,0.035,Formal,5.16
LN105568,19735008,9.85,180,South Mumbai,2015-08-17,0.0834,Formal,6.41
LN105569,6028427,9.6,180,Mumbai Suburbs,2018-06-28,0.0514,Formal,6.71
LN105570,18209194,7.09,360,Mumbai Suburbs,2020-11-20,0.1202,Informal,6.86
LN105571,17665954,8.16,360,South Mumbai,2018-07-03,0.0625,Formal,7.06
LN105572,6983943,9.9,360,South Mumbai,2016-11-26,0.0746,Formal,6.09
LN105573,10542499,7.8,240,Mumbai Suburbs,2020-03-11,0.0434,Formal,4.98
LN105574,15999412,7.8,240,Mumbai Suburbs,2019-08-24,0.0353,Formal,4.53
LN105575,15099501,7.18,360,South Mumbai,2018-02-23,0.0829,Formal,5.76
LN105576,2760143,6.9,180,Navi Mumbai,2015-01-28,0.0959,Formal,4.36
LN105577,9614295,9.09,180,Mumbai Suburbs,2022-10-20,0.0302,Formal,7.19
LN105578,6539004,9.2,300,Mumbai Suburbs,2021-05-23,0.038,Informal,5.55
LN105579,12328309,9.89,360,Mumbai Suburbs,2021-07-28,0.0402,Formal,7.06
LN105580,3761856,9.21,240,South Mumbai,2017-03-15,0.0803,Informal,6.48
LN105581,19848304,7.35,300,Mumbai Suburbs,2020-04-08,0.0709,Formal,7
LN105582,19890264,6.64,300,South Mumbai,2017-10-28,0.057,Formal,7.09
LN105583,15769417,9.95,300,South Mumbai,2017-04-03,0.0366,Formal,4.19
LN105584,1029813,7.69,360,Mumbai Suburbs,2018-06-14,0.1082,Informal,6.54
LN105585,9079823,7.59,360,South Mumbai,2016-09-11,0.0893,Formal,4.79
LN105586,15029286,9.67,360,Mumbai Suburbs,2021-07-05,0.0001,Formal,7.46
LN105587,9662149,8.55,180,Mumbai Suburbs,2018-10-23,0.0857,Formal,6.72
LN105588,9296335,7.25,300,South Mumbai,2022-11-17,0.0513,Formal,4.01
LN105589,17027795,9.61,180,South Mumbai,2018-12-13,0.042,Formal,7.25
LN105590,2615181,9.98,360,Mumbai Suburbs,2021-02-26,0.083,Formal,5.02
LN105591,15895769,6.8,180,South Mumbai,2018-07-19,0.0705,Informal,5.46
LN105592,5034649,9.52,180,Mumbai Suburbs,2015-05-25,0.0627,Informal,6.14
LN105593,12527501,7.87,240,Mumbai Suburbs,2021-10-25,0.033,Formal,7.21
LN105594,13234950,8.33,360,Navi Mumbai,2021-11-22,0.0904,Formal,7.25
LN105595,2350816,9.7,300,Navi Mumbai,2016-02-14,0.0229,Formal,5.97
LN105596,15732408,9.91,360,Mumbai Suburbs,2017-01-13,0.0832,Informal,5.11
LN105597,1458819,7.42,180,South Mumbai,2016-06-12,0.0627,Formal,4.98
LN105598,18985276,7.24,360,Mumbai Suburbs,2020-02-27,0.0589,Formal,5.28
LN105599,18222090,6.78,360,South Mumbai,2020-02-12,0.0435,Informal,4.63
LN105600,17221697,8.47,240,South Mumbai,2016-03-26,0.0649,Formal,6.34
LN105601,4928683,6.55,240,Mumbai Suburbs,2020-09-30,0.0187,Formal,5.85
LN105602,12998768,7.94,360,Mumbai Suburbs,2018-01-21,0.097,Informal,6.71
LN105603,6001945,6.76,240,South Mumbai,2016-07-26,0.0479,Formal,4.33
LN105604,7922795,7.92,180,South Mumbai,2019-03-17,0.0393,Formal,5.4
LN105605,19831264,6.64,180,Mumbai Suburbs,2018-08-19,0.0541,Formal,4.84
LN105606,18840908,9.42,180,Navi Mumbai,2020-07-27,0.0488,Informal,5.87
LN105607,5738637,7.23,240,Mumbai Suburbs,2021-07-10,0.0973,Formal,5.64
LN105608,10332439,7.65,360,Mumbai Suburbs,2016-01-12,0.008,Formal,5.57
LN105609,5230013,9.55,180,Navi Mumbai,2019-09-17,0.0578,Formal,5.1
LN105610,7072929,9.11,300,Mumbai Suburbs,2015-08-22,0.1075,Formal,6.54
LN105611,12463403,7.27,180,Mumbai Suburbs,2022-12-14,0.062,Informal,5.69
LN105612,14564564,6.75,360,Mumbai Suburbs,2016-08-15,0.0657,Formal,4.71
LN105613,13262299,9,180,South Mumbai,2021-12-18,0.0592,Informal,5.92
LN105614,5051939,7.87,300,Mumbai Suburbs,2021-09-17,0.0405,Formal,6.09
LN105615,1869953,9.18,180,South Mumbai,2019-12-28,0.0762,Formal,4.07
LN105616,4098056,8.06,180,Mumbai Suburbs,2022-07-13,0.0542,Formal,4.71
LN105617,1713806,7.71,360,Mumbai Suburbs,2017-05-28,0.0642,Informal,4.85
LN105618,14581565,8.08,180,South Mumbai,2017-07-11,0.0765,Formal,4.87
LN105619,17258427,9.12,180,Navi Mumbai,2016-01-20,0.0733,Informal,4.84
LN105620,17291969,9.66,240,South Mumbai,2018-09-04,0.0629,Informal,4.95
LN105621,7674106,6.67,360,Mumbai Suburbs,2018-10-26,0.087,Informal,4.92
LN105622,6216813,8.33,360,Mumbai Suburbs,2018-12-31,0.0904,Informal,7.09
LN105623,1750774,6.61,360,Mumbai Suburbs,2017-11-30,0.0835,Formal,5.12
LN105624,18702209,8.14,360,Mumbai Suburbs,2017-01-22,0.0917,Formal,5.22
LN105625,18131007,9.6,180,Mumbai Suburbs,2018-02-08,0.1007,Formal,4.93
LN105626,19161741,7.77,300,Navi Mumbai,2019-07-10,0.0238,Formal,7.39
LN105627,14961999,9.76,300,Navi Mumbai,2020-12-10,0.1427,Formal,5.87
LN105628,1116220,8.71,240,Mumbai Suburbs,2020-10-15,0.0647,Formal,6.14
LN105629,1221421,9.77,180,Mumbai Suburbs,2021-07-23,0.0527,Formal,6.57
LN105630,10421077,9.15,360,South Mumbai,2016-02-10,0.0651,Formal,5.17
LN105631,14938810,6.86,360,Navi Mumbai,2016-03-10,0.0157,Formal,7.39
LN105632,16300317,7.31,300,Navi Mumbai,2015-03-17,0.067,Formal,4.53
LN105633,13930098,7.88,240,Mumbai Suburbs,2016-12-17,0.0362,Formal,5.6
LN105634,19194407,7.1,180,Mumbai Suburbs,2020-07-11,0.0622,Informal,4.51
LN105635,4477983,8.23,240,Mumbai Suburbs,2021-09-17,0.0643,Formal,6.77
LN105636,13820015,8.15,180,South Mumbai,2017-04-13,0.0422,Informal,4.38
LN105637,18467141,9.85,240,Navi Mumbai,2016-01-13,0.0059,Informal,5.94
LN105638,17615507,8.02,240,Mumbai Suburbs,2022-10-17,0.0682,Informal,4.37
LN105639,11575002,9.25,360,Mumbai Suburbs,2020-07-11,0.06,Formal,5.58
LN105640,10435754,9.8,300,Mumbai Suburbs,2022-06-06,0.0658,Informal,4.98
LN105641,15435119,9.57,360,Navi Mumbai,2016-05-30,0.0474,Formal,7.16
LN105642,17310714,7.23,300,Mumbai Suburbs,2016-03-16,0.0403,Formal,4.19
LN105643,3993220,8.24,240,South Mumbai,2019-05-28,0.0535,Formal,6.27
LN105644,10148938,7.72,180,Mumbai Suburbs,2022-05-18,0.0642,Formal,6.43
LN105645,3932878,7.9,360,Navi Mumbai,2018-08-09,0.0802,Informal,7.11
LN105646,3830527,7.76,180,Mumbai Suburbs,2018-03-29,0.0357,Formal,7.07
LN105647,7173049,9.39,360,Navi Mumbai,2022-07-25,0.0837,Formal,7.42
LN105648,15942742,8.08,360,Navi Mumbai,2020-06-19,0.0796,Formal,4.89
LN105649,18599780,8.33,360,Mumbai Suburbs,2019-01-18,0.0756,Formal,4.96
LN105650,9242184,9.94,180,Mumbai Suburbs,2020-03-31,0.1149,Formal,5.39
LN105651,11784014,6.71,360,Mumbai Suburbs,2016-06-19,0.0072,Formal,5.88
LN105652,6044316,8.21,360,Mumbai Suburbs,2020-04-21,0.1185,Formal,5.28
LN105653,4471888,9.21,360,Mumbai Suburbs,2020-07-12,0.0404,Formal,6.59
LN105654,11531993,7.03,180,Mumbai Suburbs,2017-06-13,0.0672,Formal,4.03
LN105655,11457492,8.64,360,Mumbai Suburbs,2022-03-30,0.0613,Formal,4.06
LN105656,8537812,7.34,180,Mumbai Suburbs,2017-10-20,0.0199,Formal,6.51
LN105657,3548600,9.54,300,Mumbai Suburbs,2021-07-17,0.0759,Formal,7.09
LN105658,6198245,7.64,360,Mumbai Suburbs,2017-02-23,0.0859,Formal,6.72
LN105659,13304855,7.65,240,Mumbai Suburbs,2019-12-22,0.0727,Formal,4.41
LN105660,19762620,8.59,300,Mumbai Suburbs,2016-02-11,0.0157,Informal,7.27
LN105661,7787702,7.14,180,Navi Mumbai,2016-07-05,0.0228,Formal,5.83
LN105662,3126861,7.5,240,Mumbai Suburbs,2017-03-25,0.0391,Formal,6.6
LN105663,4779337,7.96,180,South Mumbai,2015-07-12,0.0982,Informal,4.7
LN105664,3051723,7.74,180,Mumbai Suburbs,2022-11-17,0.0629,Formal,5.92
LN105665,18826155,8.34,360,South Mumbai,2021-08-23,0,Formal,5.16
LN105666,5689133,8.6,240,Mumbai Suburbs,2021-04-18,0.1219,Informal,7.41
LN105667,5178465,8.48,180,South Mumbai,2016-04-05,0.105,Formal,5.66
LN105668,6708297,8.79,300,Navi Mumbai,2016-12-08,0.0274,Formal,6.64
LN105669,18675920,7.58,360,South Mumbai,2018-12-19,0.0477,Formal,6.11
LN105670,13149698,6.94,300,Mumbai Suburbs,2019-06-03,0.0514,Formal,4.33
LN105671,6243762,9.16,300,South Mumbai,2021-10-21,0.0757,Formal,5.9
LN105672,9231691,9.48,360,Navi Mumbai,2019-12-15,0.066,Formal,5.89
LN105673,12264870,7.4,180,Mumbai Suburbs,2021-11-17,0.0396,Informal,6.5
LN105674,12660201,7.92,300,Navi Mumbai,2018-05-21,0.0993,Formal,5.13
LN105675,10418124,8.24,180,Mumbai Suburbs,2022-04-03,0.1123,Formal,7.01
LN105676,19473825,8.37,180,Mumbai Suburbs,2016-08-23,0.0585,Formal,6.18
LN105677,4609684,8.81,360,Navi Mumbai,2018-01-13,0.0428,Formal,4.14
LN105678,1028885,6.65,300,South Mumbai,2015-08-16,0.1079,Formal,6.47
LN105679,5590723,9.03,300,Mumbai Suburbs,2022-09-16,0,Formal,7.17
LN105680,5589764,6.72,360,South Mumbai,2022-07-15,0.0332,Formal,6.39
LN105681,4129985,8.14,180,Mumbai Suburbs,2021-07-09,0.0894,Formal,5.33
LN105682,19156555,9.4,180,Navi Mumbai,2017-06-29,0.1017,Formal,6.07
LN105683,19895952,8.08,360,Navi Mumbai,2022-10-21,0.0504,Formal,4.6
LN105684,11232137,7.02,180,South Mumbai,2016-05-06,0.1284,Informal,6.1
LN105685,18597189,9.95,180,Mumbai Suburbs,2022-12-21,0,Formal,5.75
LN105686,2118844,9.61,300,Mumbai Suburbs,2015-03-13,0.0928,Formal,4.09
LN105687,12266354,9.2,180,South Mumbai,2022-07-26,0.0626,Informal,5.13
LN105688,13184842,7.94,180,South Mumbai,2017-07-23,0.0454,Informal,4.67
LN105689,6701048,7.14,180,Mumbai Suburbs,2017-02-14,0.0863,Formal,5.37
LN105690,4894142,9.79,180,Navi Mumbai,2016-12-15,0.0483,Formal,4.85
LN105691,8042049,8.36,360,Mumbai Suburbs,2018-03-17,0.0274,Informal,6.92
LN105692,16280763,9.48,360,Mumbai Suburbs,2015-10-04,0.0635,Formal,6.44
LN105693,16838516,7.7,360,Mumbai Suburbs,2018-02-08,0.0584,Formal,6.59
LN105694,7226659,7.67,180,Mumbai Suburbs,2020-09-09,0.0366,Formal,5.26
LN105695,10635337,9.95,360,Navi Mumbai,2019-06-02,0.0428,Informal,4.01
LN105696,3781652,8.33,240,Mumbai Suburbs,2017-02-12,0.0476,Informal,4.77
LN105697,3091219,6.99,240,South Mumbai,2017-09-15,0.0112,Informal,6.64
LN105698,5217635,7.27,240,Mumbai Suburbs,2020-01-28,0.0093,Formal,6.11
LN105699,12772777,8.19,300,Navi Mumbai,2016-06-22,0.088,Formal,5.89
LN105700,9836621,6.65,180,Mumbai Suburbs,2021-03-01,0.0173,Formal,4.98
LN105701,1931253,8.12,300,Mumbai Suburbs,2017-06-29,0.0595,Informal,4.27
LN105702,15244820,7.97,360,South Mumbai,2022-05-21,0.0039,Informal,6.75
LN105703,2844053,9.23,180,South Mumbai,2019-05-11,0.1052,Informal,4.14
LN105704,15962324,7.74,240,Navi Mumbai,2020-11-13,0.0519,Formal,4.21
LN105705,18320171,9.94,180,Mumbai Suburbs,2021-10-10,0.0935,Formal,5.03
LN105706,14968689,7.13,300,Mumbai Suburbs,2018-09-27,0.1234,Formal,6.01
LN105707,14658790,8.57,360,Mumbai Suburbs,2016-03-02,0.0213,Formal,7.47
LN105708,12938835,6.81,360,Navi Mumbai,2015-06-19,0.0396,Formal,4.32
LN105709,4307735,9.07,300,South Mumbai,2016-10-21,0.0862,Formal,5.66
LN105710,11186886,9.98,180,Navi Mumbai,2022-10-17,0.041,Informal,6.11
LN105711,12842981,9.37,300,Mumbai Suburbs,2018-04-09,0.0687,Informal,6.88
LN105712,3053413,8.44,360,Navi Mumbai,2020-07-12,0.0631,Formal,6.41
LN105713,14377212,8.2,240,Navi Mumbai,2016-07-14,0,Formal,6.83
LN105714,16020117,9.42,360,Mumbai Suburbs,2015-03-25,0.0883,Formal,5.83
LN105715,2657387,9.78,360,South Mumbai,2016-08-17,0.0559,Formal,5.52
LN105716,3791241,9.96,180,South Mumbai,2017-04-02,0.0242,Formal,6.17
LN105717,9037821,7.89,240,Mumbai Suburbs,2022-11-17,0.1064,Informal,7.15
LN105718,18998201,9.97,360,South Mumbai,2021-12-18,0.0389,Formal,5.93
LN105719,12967877,7.05,240,South Mumbai,2022-06-05,0.0373,Formal,6.12
LN105720,3604325,7.39,300,South Mumbai,2015-01-19,0.006,Formal,5.18
LN105721,3761623,6.81,180,Mumbai Suburbs,2018-10-01,0.0779,Informal,6.09
LN105722,19454066,7.45,240,South Mumbai,2017-03-03,0.0613,Informal,6.2
LN105723,4783799,9.19,240,Navi Mumbai,2018-06-03,0.0079,Informal,6.64
LN105724,16940295,9.49,180,Navi Mumbai,2022-07-14,0.0674,Formal,6
LN105725,6709716,9.23,300,Mumbai Suburbs,2022-01-04,0.0848,Formal,4.69
LN105726,11245367,8.71,240,Mumbai Suburbs,2016-09-27,0.0739,Informal,6.04
LN105727,1432184,8.3,180,Mumbai Suburbs,2022-01-22,0.0997,Formal,5.04
LN105728,10598333,8.98,360,Mumbai Suburbs,2022-07-21,0.0419,Formal,4.31
LN105729,8517201,7.87,180,Mumbai Suburbs,2017-01-16,0.113,Formal,6.89
LN105730,1658139,9.44,360,Mumbai Suburbs,2016-06-28,0.0601,Formal,4.23
LN105731,16860467,8.87,240,Mumbai Suburbs,2019-06-24,0.084,Formal,6.21
LN105732,7592863,8.94,240,Mumbai Suburbs,2020-10-21,0.0983,Informal,7.46
LN105733,9234955,8.38,240,Mumbai Suburbs,2015-03-25,0.1395,Formal,4.31
LN105734,14409459,9.6,300,Mumbai Suburbs,2020-12-17,0.0276,Informal,4.77
LN105735,13859305,7.38,300,South Mumbai,2015-11-21,0.0378,Informal,6.66
LN105736,9688458,7.83,360,Mumbai Suburbs,2015-11-15,0.0657,Formal,4.34
LN105737,13339990,9.22,180,Mumbai Suburbs,2019-02-21,0.0489,Formal,6.91
LN105738,17619576,8.22,360,Mumbai Suburbs,2016-01-20,0.0359,Formal,4
LN105739,14222119,9.61,180,Mumbai Suburbs,2016-07-24,0.0143,Informal,7.11
LN105740,1303446,7.71,240,Navi Mumbai,2015-05-18,0.0638,Formal,4.23
LN105741,4371484,7.79,180,South Mumbai,2015-03-28,0.0839,Informal,7.23
LN105742,2398558,9.61,300,Mumbai Suburbs,2020-02-13,0.0706,Formal,7.03
LN105743,3761158,8.13,180,Mumbai Suburbs,2020-08-09,0.0111,Informal,5.89
LN105744,2717479,8.31,180,Mumbai Suburbs,2018-10-25,0.0118,Informal,6.72
LN105745,2045716,7.66,240,Mumbai Suburbs,2020-05-08,0.0618,Formal,4.26
LN105746,4823873,7.47,240,Navi Mumbai,2022-11-30,0.0528,Formal,4.47
LN105747,12323620,8.8,300,South Mumbai,2017-08-09,0.0505,Formal,5.29
LN105748,4693793,6.92,180,Navi Mumbai,2018-09-19,0.0517,Formal,5.88
LN105749,17174882,9.58,180,Navi Mumbai,2019-05-24,0.0451,Informal,7.04
LN105750,7115762,9.23,180,Mumbai Suburbs,2022-08-14,0.0645,Informal,5.9
LN105751,11509308,7.17,240,Mumbai Suburbs,2017-01-01,0.093,Informal,6.33
LN105752,3553589,8.93,300,Mumbai Suburbs,2022-09-10,0.032,Formal,6.38
LN105753,19475629,8.61,180,Mumbai Suburbs,2019-05-09,0.0736,Formal,7.07
LN105754,14027415,7.15,180,Navi Mumbai,2020-05-30,0.0625,Formal,6.72
LN105755,1137799,7.46,180,South Mumbai,2019-08-25,0.0065,Formal,7.42
LN105756,9570397,7.93,180,South Mumbai,2019-11-21,0.0403,Formal,4.07
LN105757,5170163,8.95,300,South Mumbai,2018-07-20,0.0603,Informal,4.73
LN105758,5628656,8.74,300,Mumbai Suburbs,2017-01-21,0.1249,Informal,7.26
LN105759,6882049,8.36,300,South Mumbai,2020-07-30,0.0382,Informal,6.77
LN105760,6688505,9.19,240,Navi Mumbai,2015-03-06,0.0417,Formal,4.94
LN105761,10190617,9.15,180,Mumbai Suburbs,2015-08-18,0.0724,Formal,7.41
LN105762,5306080,8.66,180,Navi Mumbai,2020-07-22,0.0566,Informal,7.04
LN105763,15389772,9.25,180,South Mumbai,2021-07-09,0.0221,Formal,4.23
LN105764,7805080,7.67,180,Mumbai Suburbs,2019-04-01,0.0079,Informal,6.84
LN105765,17990019,9.58,360,South Mumbai,2020-12-22,0.0042,Formal,6.75
LN105766,11842852,8.65,300,South Mumbai,2017-03-30,0.0855,Informal,4.77
LN105767,5215645,9.38,360,Mumbai Suburbs,2018-08-22,0.0291,Informal,6.34
LN105768,3870581,8.41,360,Navi Mumbai,2015-09-27,0.1311,Formal,7.4
LN105769,9120459,7.26,240,Mumbai Suburbs,2018-02-09,0.0442,Informal,6.37
LN105770,12883287,8.4,240,Mumbai Suburbs,2020-11-26,0.0831,Formal,6.85
LN105771,7600500,7.8,180,Mumbai Suburbs,2017-04-09,0.0251,Formal,4.35
LN105772,17856056,8.94,360,South Mumbai,2020-04-16,0.0657,Informal,6.55
LN105773,6408647,8.17,360,Mumbai Suburbs,2021-08-17,0.1024,Informal,4.72
LN105774,1161297,9.43,300,South Mumbai,2016-08-20,0.0495,Informal,4.25
LN105775,2931375,8.87,360,Navi Mumbai,2015-10-02,0.0274,Formal,5.93
LN105776,5243460,8.9,240,Mumbai Suburbs,2018-11-03,0.0488,Formal,6.63
LN105777,3305433,7.26,360,Mumbai Suburbs,2015-11-17,0.0535,Informal,5.91
LN105778,6926069,9.94,240,Mumbai Suburbs,2018-06-07,0.0304,Formal,7.26
LN105779,7739202,9.45,180,South Mumbai,2018-08-06,0.1096,Informal,6.43
LN105780,3087001,9.26,240,Mumbai Suburbs,2022-07-13,0.0606,Formal,4.41
LN105781,4455673,7.66,180,Navi Mumbai,2017-05-09,0.0984,Informal,7.27
LN105782,8605502,8.37,300,Navi Mumbai,2017-08-14,0.0922,Informal,4.54
LN105783,2731530,6.98,180,South Mumbai,2021-12-04,0.111,Informal,6.65
LN105784,6358699,8.38,360,South Mumbai,2015-06-21,0.0222,Informal,4.52
LN105785,12801243,7.01,240,Mumbai Suburbs,2015-02-06,0.0793,Formal,7.5
LN105786,7773329,8.44,180,Navi Mumbai,2021-03-24,0.0449,Formal,5.16
LN105787,9530508,8.77,180,Navi Mumbai,2022-06-03,0.0557,Formal,5.74
LN105788,6552612,7.87,180,Mumbai Suburbs,2015-12-08,0.0276,Formal,5.63
LN105789,8089109,8.24,180,Mumbai Suburbs,2018-07-21,0.1298,Formal,4.36
LN105790,7829313,9.56,180,Navi Mumbai,2020-12-23,0.0379,Informal,5.73
LN105791,12762302,6.88,180,South Mumbai,2018-07-17,0.0796,Formal,4.52
LN105792,15717924,9.27,240,Navi Mumbai,2021-01-26,0.0214,Informal,6.81
LN105793,15882694,7.1,360,South Mumbai,2016-03-16,0.0524,Informal,7.35
LN105794,13366105,6.63,360,Mumbai Suburbs,2015-01-22,0.0918,Formal,6.83
LN105795,10057483,7.15,180,South Mumbai,2018-09-03,0.0704,Formal,5.51
LN105796,5790287,9.18,240,Mumbai Suburbs,2019-02-12,0.0318,Formal,4.01
LN105797,18030294,7.92,180,Navi Mumbai,2015-04-21,0.0385,Formal,4.13
LN105798,16446951,9.55,300,Mumbai Suburbs,2019-10-20,0.0649,Formal,5.73
LN105799,18146109,8.34,360,South Mumbai,2021-12-05,0.0595,Informal,6.38
LN105800,4101883,6.58,180,South Mumbai,2015-12-21,0.0206,Formal,6.87
LN105801,1715295,9.01,240,Mumbai Suburbs,2021-11-27,0.0486,Formal,6.1
LN105802,19656014,6.89,360,Mumbai Suburbs,2017-10-03,0.0556,Formal,7.42
LN105803,2054212,9.26,240,Mumbai Suburbs,2020-04-09,0.0771,Formal,5.73
LN105804,4485001,7.09,300,South Mumbai,2020-04-06,0.0904,Informal,6.1
LN105805,3080563,7.71,180,Mumbai Suburbs,2021-01-28,0.0801,Informal,4.81
LN105806,16956333,9.16,300,Navi Mumbai,2016-06-01,0.0702,Informal,5.19
LN105807,6243534,9.84,360,Mumbai Suburbs,2017-08-30,0.0709,Formal,6.39
LN105808,12065982,7.8,180,Mumbai Suburbs,2017-04-11,0.0743,Formal,6.11
LN105809,12113511,9.4,360,Navi Mumbai,2022-08-16,0.0887,Formal,5.29
LN105810,17903067,7.17,180,Mumbai Suburbs,2018-05-15,0.1108,Formal,4.39
LN105811,5861282,9.33,240,Mumbai Suburbs,2018-03-06,0.0308,Formal,5.2
LN105812,18572094,8.8,360,Mumbai Suburbs,2016-01-16,0.0466,Formal,4.15
LN105813,3053262,7.17,300,South Mumbai,2022-11-03,0.0903,Formal,6.03
LN105814,19714351,7.56,300,Mumbai Suburbs,2021-06-01,0.0301,Formal,5.13
LN105815,3072171,6.96,240,Navi Mumbai,2016-03-10,0.0211,Informal,5.33
LN105816,6460388,7.84,240,South Mumbai,2017-05-28,0.0408,Informal,6.01
LN105817,15274198,7.21,300,Navi Mumbai,2018-01-01,0.0622,Formal,6.03
LN105818,11867948,8.75,240,Mumbai Suburbs,2019-06-22,0.0456,Informal,6.06
LN105819,2200346,9.98,180,Mumbai Suburbs,2020-03-27,0.0711,Informal,5.72
LN105820,16115750,6.54,300,Mumbai Suburbs,2020-09-22,0.0515,Informal,5.71
LN105821,13372428,8.39,360,Mumbai Suburbs,2015-05-02,0.0496,Formal,6.87
LN105822,2760399,8.51,300,Navi Mumbai,2020-11-15,0.0099,Formal,5.64
LN105823,15758076,9.7,240,Mumbai Suburbs,2019-06-01,0.078,Formal,5.88
LN105824,7136062,8.27,180,Navi Mumbai,2022-05-15,0.0784,Formal,7.46
LN105825,16593539,8.4,360,Mumbai Suburbs,2016-01-03,0.0544,Informal,4.63
LN105826,12473511,8.15,300,Mumbai Suburbs,2020-02-15,0.0645,Informal,6.54
LN105827,13523855,7.44,300,Navi Mumbai,2019-10-18,0.0644,Formal,5.66
LN105828,17677534,6.7,360,South Mumbai,2021-04-29,0.0915,Formal,6.91
LN105829,14663640,7.93,180,Mumbai Suburbs,2022-04-08,0.0667,Formal,5.41
LN105830,5143403,6.68,240,South Mumbai,2016-07-02,0.0199,Informal,5.06
LN105831,3203531,8.43,240,Navi Mumbai,2015-12-04,0.1172,Formal,4.73
LN105832,18846628,7.58,240,Mumbai Suburbs,2020-12-02,0.0987,Informal,7.05
LN105833,11421231,8.37,240,Navi Mumbai,2019-04-02,0.0615,Formal,6.51
LN105834,4303131,6.97,360,Navi Mumbai,2021-03-02,0.0646,Formal,4.27
LN105835,8490291,9.76,180,South Mumbai,2020-04-14,0.0687,Informal,6.5
LN105836,18174811,9.63,180,South Mumbai,2020-11-11,0.0369,Formal,4.12
LN105837,7188343,7.16,300,Mumbai Suburbs,2015-06-01,0.0934,Informal,4.64
LN105838,16286370,7.7,300,Mumbai Suburbs,2017-10-04,0.0903,Formal,6.07
LN105839,4793092,8.65,180,South Mumbai,2016-08-25,0.0574,Informal,5.62
LN105840,2731041,6.83,300,South Mumbai,2021-05-02,0.0802,Informal,6.94
LN105841,7113100,7.74,180,Mumbai Suburbs,2017-10-10,0.0913,Formal,6.13
LN105842,17468585,7.38,360,South Mumbai,2015-03-25,0.0668,Informal,7.38
LN105843,17074092,9.7,360,Navi Mumbai,2021-09-18,0.0291,Formal,6.99
LN105844,3417209,9.48,240,Navi Mumbai,2017-11-17,0.0806,Formal,5.19
LN105845,18304141,8.53,180,Mumbai Suburbs,2018-07-04,0.0617,Formal,6.92
LN105846,3925609,8.32,360,South Mumbai,2020-03-20,0.0272,Formal,7.04
LN105847,10145155,9.76,180,South Mumbai,2015-05-17,0.091,Informal,7.39
LN105848,16041716,9.76,300,Mumbai Suburbs,2017-12-08,0.0671,Formal,4.04
LN105849,18383968,9.89,180,Navi Mumbai,2019-11-05,0.0531,Formal,7.06
LN105850,19116678,6.94,240,Mumbai Suburbs,2018-02-15,0.1222,Formal,4.24
LN105851,11599528,7.06,240,Mumbai Suburbs,2022-01-25,0.0436,Formal,5.85
LN105852,8687268,8.87,360,South Mumbai,2015-05-28,0.0317,Formal,5.45
LN105853,8204425,8.4,300,Mumbai Suburbs,2017-04-18,0.0647,Formal,7.22
LN105854,6158570,6.56,300,Mumbai Suburbs,2016-05-09,0.0553,Formal,5.42
LN105855,5823416,6.72,180,South Mumbai,2021-04-06,0.0432,Formal,6.09
LN105856,6210766,9.61,300,Mumbai Suburbs,2020-08-04,0.1023,Informal,6.42
LN105857,18914533,9.54,240,Mumbai Suburbs,2016-04-01,0.0263,Informal,4.07
LN105858,6560068,7.75,360,Mumbai Suburbs,2018-01-18,0.0693,Informal,6.07
LN105859,3957532,9.62,360,Mumbai Suburbs,2017-10-24,0.0626,Formal,5.81
LN105860,19943570,8.58,360,Navi Mumbai,2020-04-04,0.0597,Formal,6.08
LN105861,1299189,9.32,300,Mumbai Suburbs,2019-02-03,0.0947,Formal,4.27
LN105862,7508850,8,300,Mumbai Suburbs,2021-01-14,0.1216,Informal,4.19
LN105863,2559049,6.9,240,Navi Mumbai,2015-03-15,0.06,Formal,4.62
LN105864,7136821,8.02,180,Navi Mumbai,2020-09-02,0.0866,Formal,7.04
LN105865,10244561,8.1,180,Mumbai Suburbs,2018-03-23,0.0612,Informal,5.25
LN105866,1504655,8.43,360,South Mumbai,2018-12-14,0.0624,Formal,5.52
LN105867,13350243,6.87,360,Navi Mumbai,2016-01-15,0.0735,Informal,5.37
LN105868,1236824,9.97,300,South Mumbai,2021-10-24,0.0651,Informal,6.5
LN105869,10456587,7.35,360,Navi Mumbai,2019-09-04,0.0327,Informal,4.91
LN105870,17633956,7.19,240,South Mumbai,2016-03-23,0.0999,Formal,4.24
LN105871,11076732,8.34,240,Navi Mumbai,2020-06-21,0.0735,Formal,5.32
LN105872,5166289,8.38,360,Mumbai Suburbs,2019-12-02,0.0586,Formal,6.55
LN105873,11194850,8.04,360,Mumbai Suburbs,2017-08-29,0.0412,Formal,7.2
LN105874,16078909,9.2,360,Mumbai Suburbs,2018-09-02,0.0688,Formal,4.18
LN105875,1093246,8.31,360,Navi Mumbai,2019-10-07,0.0527,Formal,6.84
LN105876,3367713,8.63,360,South Mumbai,2017-04-17,0.0655,Formal,4.23
LN105877,14443843,9.03,240,South Mumbai,2016-12-03,0.0543,Formal,5.16
LN105878,3284798,6.59,180,South Mumbai,2015-07-03,0.0351,Formal,4.08
LN105879,2532337,8.5,240,Navi Mumbai,2017-09-14,0.1083,Informal,7.19
LN105880,1783566,9.59,240,Mumbai Suburbs,2022-05-18,0.0317,Informal,6.47
LN105881,12299867,6.56,360,Mumbai Suburbs,2016-02-26,0.0366,Informal,5.29
LN105882,8596713,7.92,180,Mumbai Suburbs,2016-12-06,0.0803,Formal,5.32
LN105883,11456399,9.74,360,Navi Mumbai,2020-01-15,0.0693,Formal,6.24
LN105884,17194123,7.74,240,Mumbai Suburbs,2021-10-19,0.0798,Formal,4.31
LN105885,17424563,8.11,180,Mumbai Suburbs,2015-05-14,0.0751,Formal,4.51
LN105886,14118532,9.94,300,Mumbai Suburbs,2018-12-11,0.0374,Formal,6.97
LN105887,1779105,7.2,360,Mumbai Suburbs,2020-09-19,0.0801,Informal,4.71
LN105888,10305600,6.73,300,South Mumbai,2021-05-05,0.0407,Formal,6.54
LN105889,17997542,9.51,300,South Mumbai,2018-09-26,0.0916,Formal,4.79
LN105890,14893337,9.54,300,South Mumbai,2022-08-04,0.0301,Informal,4.31
LN105891,5513552,8.15,300,Mumbai Suburbs,2019-03-13,0.0362,Informal,7.15
LN105892,7637935,8.3,180,Mumbai Suburbs,2017-03-31,0.0371,Formal,7.16
LN105893,4522810,9.43,360,Mumbai Suburbs,2017-11-21,0.0693,Formal,6.12
LN105894,12615066,9.08,180,Navi Mumbai,2021-10-30,0.0584,Formal,5.62
LN105895,7575273,7.43,360,Mumbai Suburbs,2021-08-03,0.0634,Formal,5.93
LN105896,10289461,6.56,360,Mumbai Suburbs,2018-01-11,0.0565,Informal,5.43
LN105897,15196646,8.18,360,Mumbai Suburbs,2022-03-05,0.0584,Informal,6.65
LN105898,5447321,9.51,180,South Mumbai,2020-12-27,0.0455,Formal,6.64
LN105899,18429040,9.64,240,Mumbai Suburbs,2016-07-17,0.0147,Informal,6.87
LN105900,13916157,9.85,300,Navi Mumbai,2019-08-29,0.0181,Formal,5.83
LN105901,3906405,9.58,240,South Mumbai,2019-12-19,0.036,Formal,6.8
LN105902,5569146,8.53,240,Mumbai Suburbs,2019-09-09,0.0503,Formal,4.55
LN105903,19427440,8.06,240,South Mumbai,2021-11-21,0.1039,Formal,4.11
LN105904,19125271,9.21,300,Mumbai Suburbs,2019-09-25,0.0294,Informal,6.27
LN105905,3230653,9.09,240,Mumbai Suburbs,2019-01-19,0.0272,Formal,4.37
LN105906,1584942,8.38,300,Navi Mumbai,2015-01-07,0.0054,Formal,5.93
LN105907,5563870,6.81,300,Mumbai Suburbs,2021-05-29,0.075,Formal,6.52
LN105908,2420654,9.74,300,Mumbai Suburbs,2022-01-15,0.0536,Informal,5.42
LN105909,11605735,8.09,360,Navi Mumbai,2018-01-30,0.0212,Informal,4.15
LN105910,9355425,7.77,360,Mumbai Suburbs,2020-08-20,0.0591,Informal,7.1
LN105911,16806167,8.7,240,Mumbai Suburbs,2016-12-28,0.0425,Formal,4.15
LN105912,2481177,8.86,360,Mumbai Suburbs,2020-10-16,0.0989,Formal,7.17
LN105913,17944207,7.24,300,Navi Mumbai,2016-12-15,0.0399,Formal,4.18
LN105914,4992942,9.43,360,Mumbai Suburbs,2021-06-29,0.1109,Formal,6.57
LN105915,17162243,7.51,300,Navi Mumbai,2022-07-07,0.0652,Formal,7.24
LN105916,6914063,7.15,180,South Mumbai,2022-01-26,0.0482,Formal,7.17
LN105917,14908971,7.92,360,Mumbai Suburbs,2020-02-23,0.0523,Formal,7.13
LN105918,8961813,9.06,240,Mumbai Suburbs,2017-01-24,0.0688,Formal,7.09
LN105919,7962544,9.88,180,Mumbai Suburbs,2021-05-18,0.052,Formal,5.79
LN105920,19322545,9.33,180,Mumbai Suburbs,2022-10-31,0.0322,Informal,5.95
LN105921,16395832,9.79,360,South Mumbai,2018-11-27,0.0789,Formal,6.17
LN105922,18168886,6.99,360,South Mumbai,2019-01-12,0.0897,Formal,7.14
LN105923,8627339,6.75,240,Mumbai Suburbs,2017-05-06,0.0908,Formal,6.93
LN105924,13207414,8.45,180,Navi Mumbai,2016-02-11,0.0552,Informal,6.74
LN105925,14322039,7.52,300,Navi Mumbai,2016-11-30,0.0928,Formal,6.37
LN105926,2350339,9.4,360,South Mumbai,2019-07-03,0.0695,Formal,6.16
LN105927,12808606,8.85,180,Navi Mumbai,2021-09-22,0.0512,Formal,7.23
LN105928,4734942,9.9,180,South Mumbai,2021-12-29,0.0432,Formal,4.67
LN105929,9429241,7.39,300,Mumbai Suburbs,2021-07-17,0.0876,Formal,4.67
LN105930,10440501,8.2,180,South Mumbai,2016-07-29,0.0095,Formal,7.44
LN105931,13890036,8.25,360,Navi Mumbai,2016-12-22,0.1017,Formal,5.94
LN105932,11266774,7.34,300,Mumbai Suburbs,2022-11-12,0.0638,Formal,5.69
LN105933,14294235,8.57,360,Mumbai Suburbs,2016-10-01,0.0421,Formal,6.98
LN105934,14998996,8.05,240,Mumbai Suburbs,2015-09-08,0.0386,Formal,6.97
LN105935,8792590,8.06,180,South Mumbai,2015-11-13,0.0467,Formal,4.62
LN105936,12811984,7.77,360,Mumbai Suburbs,2021-02-25,0.0812,Formal,4.61
LN105937,3821105,6.56,360,Mumbai Suburbs,2022-11-10,0.0693,Informal,6.78
LN105938,16099940,8.33,240,South Mumbai,2019-09-02,0.0462,Formal,6.75
LN105939,11289554,7.67,180,Navi Mumbai,2019-05-30,0.0438,Formal,4.79
LN105940,1926109,6.5,360,Mumbai Suburbs,2017-11-17,0.0694,Formal,6.95
LN105941,17308429,7.58,300,South Mumbai,2015-03-28,0.1423,Formal,5.68
LN105942,18485885,7.48,360,South Mumbai,2015-02-18,0.142,Informal,5.64
LN105943,5227939,7.88,360,South Mumbai,2022-05-26,0.0915,Informal,7.45
LN105944,13353900,6.96,360,Mumbai Suburbs,2019-04-12,0.0368,Informal,5.82
LN105945,4947526,8.28,360,Mumbai Suburbs,2016-11-16,0.0826,Formal,4.48
LN105946,8433976,8.92,180,South Mumbai,2017-10-16,0.0377,Informal,4.98
LN105947,10116075,8.71,360,Mumbai Suburbs,2020-02-05,0.0531,Formal,5.17
LN105948,4661306,9.31,240,Mumbai Suburbs,2018-04-22,0.101,Formal,7.35
LN105949,11412577,8.08,360,Mumbai Suburbs,2022-04-01,0.0527,Formal,4.92
LN105950,1997057,8.32,300,Navi Mumbai,2015-01-16,0.0515,Formal,5.51
LN105951,17102153,9.34,300,South Mumbai,2015-12-17,0.0448,Formal,6.62
LN105952,16485919,8,360,Mumbai Suburbs,2019-04-26,0.0355,Informal,4.96
LN105953,4674153,8.96,360,Mumbai Suburbs,2015-11-19,0.0521,Formal,6.46
LN105954,5748584,8.02,240,South Mumbai,2019-06-19,0.0822,Formal,4.73
LN105955,3212292,7.96,240,South Mumbai,2019-03-24,0.0803,Formal,4.85
LN105956,2384410,9.16,180,Mumbai Suburbs,2021-05-07,0.0688,Formal,7.45
LN105957,11695807,7.11,180,Navi Mumbai,2018-03-22,0.0953,Informal,5.29
LN105958,15174898,7.69,300,Mumbai Suburbs,2018-12-05,0.0083,Informal,6.55
LN105959,13646791,7.28,360,Mumbai Suburbs,2015-06-20,0.0616,Formal,6.94
LN105960,8330395,7.76,360,Mumbai Suburbs,2022-06-15,0.0387,Formal,5.21
LN105961,3048880,7.31,240,Mumbai Suburbs,2022-06-19,0.1195,Informal,5.25
LN105962,3469606,8.53,240,South Mumbai,2022-05-20,0.0523,Formal,6.71
LN105963,14306957,9.29,180,South Mumbai,2021-04-22,0.0822,Formal,6.12
LN105964,2045533,9.25,180,Mumbai Suburbs,2018-08-21,0.0899,Formal,5.27
LN105965,2285844,7.78,300,Mumbai Suburbs,2021-02-22,0.0488,Formal,6.62
LN105966,5673584,9.96,240,South Mumbai,2015-09-07,0.0879,Informal,7.02
LN105967,1787600,8.58,360,South Mumbai,2019-04-28,0.0913,Informal,4.82
LN105968,5501572,7.9,240,South Mumbai,2019-04-18,0.0837,Formal,4.09
LN105969,17419897,9.42,240,Mumbai Suburbs,2020-03-27,0.0443,Formal,4.96
LN105970,7961848,9.05,240,Mumbai Suburbs,2017-10-03,0.0171,Formal,6.36
LN105971,6557821,9.12,180,South Mumbai,2020-12-08,0.1242,Formal,7.2
LN105972,2485619,7.19,360,South Mumbai,2021-02-12,0.0513,Formal,7.02
LN105973,19615740,8.14,360,South Mumbai,2022-08-28,0.0901,Formal,4.78
LN105974,17899242,9.52,180,South Mumbai,2016-11-30,0.0461,Informal,7.08
LN105975,16758910,8.26,180,Mumbai Suburbs,2017-04-23,0.1229,Formal,6.84
LN105976,6122194,8.89,360,South Mumbai,2020-12-10,0.0451,Informal,6.57
LN105977,10670115,8.56,300,Mumbai Suburbs,2020-09-23,0.063,Formal,6.41
LN105978,12599520,9.45,240,Mumbai Suburbs,2020-04-17,0.1297,Formal,6.82
LN105979,11993292,7.5,360,Mumbai Suburbs,2015-12-11,0.0121,Formal,7.02
LN105980,18512269,8.51,180,South Mumbai,2020-08-24,0.0962,Formal,6.87
LN105981,1562167,6.93,360,South Mumbai,2016-07-09,0.0592,Informal,4.43
LN105982,12508320,8.92,240,South Mumbai,2022-08-03,0.0812,Informal,6.53
LN105983,14539548,9.06,360,Navi Mumbai,2015-04-14,0.0496,Formal,6.94
LN105984,13586538,6.65,180,Navi Mumbai,2015-12-12,0.1091,Formal,4.65
LN105985,19436016,8.87,300,South Mumbai,2015-02-16,0.0356,Formal,4.75
LN105986,10932579,7.95,180,Mumbai Suburbs,2016-12-05,0.0611,Formal,6.75
LN105987,2807737,6.93,300,South Mumbai,2019-12-14,0.0881,Informal,5.2
LN105988,4751531,7.97,240,South Mumbai,2019-12-13,0.0354,Formal,5.4
LN105989,8919710,7.18,180,Mumbai Suburbs,2021-06-02,0.0638,Formal,5.32
LN105990,12233080,7.95,360,South Mumbai,2019-03-05,0.0292,Formal,4.74
LN105991,15209920,7.85,180,Mumbai Suburbs,2015-11-11,0.0479,Informal,7.29
LN105992,17921670,9.08,180,Mumbai Suburbs,2020-06-11,0.1387,Formal,6.82
LN105993,14019354,9.21,240,Mumbai Suburbs,2017-10-12,0.1002,Formal,4.88
LN105994,1254043,8.62,300,Navi Mumbai,2019-05-07,0.08,Formal,4.37
LN105995,11948687,6.58,300,Mumbai Suburbs,2018-08-02,0.0711,Formal,5.3
LN105996,5814647,9.76,360,Mumbai Suburbs,2020-06-11,0.013,Informal,5.45
LN105997,6631213,8.9,180,Mumbai Suburbs,2022-11-25,0.0544,Formal,4.02
LN105998,5924374,6.62,240,South Mumbai,2016-11-24,0.0877,Formal,7.11
LN105999,16601011,9.37,300,Mumbai Suburbs,2020-02-01,0.0467,Formal,6.98
LN106000,2845733,7.2,360,Navi Mumbai,2018-09-28,0.0708,Formal,6.98
LN106001,10402999,8.53,300,Mumbai Suburbs,2018-03-07,0.0299,Formal,6.82
LN106002,16025940,8.13,360,Navi Mumbai,2018-04-11,0.0274,Formal,6.57
LN106003,8321105,7.97,300,South Mumbai,2020-04-28,0.1284,Informal,6.22
LN106004,18250222,9.61,360,South Mumbai,2020-06-02,0.1239,Formal,7.36
LN106005,6584581,8.03,300,South Mumbai,2019-06-29,0.0574,Informal,6.49
LN106006,15315538,6.76,300,Mumbai Suburbs,2016-02-25,0.0367,Informal,6.21
LN106007,8256300,9.81,180,Mumbai Suburbs,2015-05-18,0.0317,Informal,6.76
LN106008,2197442,9.72,360,Mumbai Suburbs,2016-07-14,0.072,Formal,4.86
LN106009,2199529,8.9,360,Navi Mumbai,2020-02-10,0.118,Informal,7.39
LN106010,2790228,8.14,180,Mumbai Suburbs,2017-11-03,0.039,Formal,4.07
LN106011,8052514,6.83,180,Mumbai Suburbs,2019-04-16,0.066,Formal,6.27
LN106012,10617959,9.27,300,Mumbai Suburbs,2016-10-01,0.0645,Informal,4.27
LN106013,15771352,6.76,300,South Mumbai,2020-11-20,0.11,Formal,6.99
LN106014,9860286,6.74,300,Mumbai Suburbs,2019-11-18,0.0684,Formal,7.39
LN106015,12371493,8.38,180,South Mumbai,2017-11-13,0.0181,Informal,5.43
LN106016,7017004,7.06,300,South Mumbai,2021-10-29,0.0826,Formal,7
LN106017,5208694,6.53,180,Mumbai Suburbs,2021-05-27,0.0651,Informal,5.18
LN106018,18274835,7.98,300,Navi Mumbai,2016-07-05,0.034,Informal,4.56
LN106019,17995763,6.98,180,Mumbai Suburbs,2015-01-06,0.0918,Formal,4.97
LN106020,5421740,7.06,360,Mumbai Suburbs,2021-08-13,0.0506,Formal,5.06
LN106021,11710881,6.77,240,Mumbai Suburbs,2019-11-10,0.07,Informal,6.21
LN106022,15931127,7.22,300,South Mumbai,2021-10-02,0.0643,Formal,6.79
LN106023,9353135,9,300,Navi Mumbai,2021-11-21,0.051,Formal,4.72
LN106024,10811141,9.33,180,Mumbai Suburbs,2017-01-18,0.0357,Formal,4.31
LN106025,4858804,8.08,360,South Mumbai,2021-09-02,0.0768,Formal,4.78
LN106026,3325452,8.27,360,Mumbai Suburbs,2019-06-22,0.0234,Formal,5.04
LN106027,15783984,6.61,300,South Mumbai,2021-08-04,0.0879,Formal,4.98
LN106028,15368342,6.74,180,South Mumbai,2021-08-07,0.0344,Formal,4.77
LN106029,1928252,7.4,180,South Mumbai,2019-04-18,0.0251,Formal,5.63
LN106030,1600338,8.4,240,South Mumbai,2022-04-05,0.1021,Formal,7
LN106031,14129938,9.09,360,Mumbai Suburbs,2022-07-19,0.0628,Formal,4.35
LN106032,1074231,8.62,240,Mumbai Suburbs,2018-02-26,0.0029,Informal,7.02
LN106033,4526185,7.87,360,Mumbai Suburbs,2022-01-23,0.0596,Formal,5.74
LN106034,3593050,6.91,300,Mumbai Suburbs,2016-09-30,0.0783,Formal,6.31
LN106035,13411137,9.23,300,Mumbai Suburbs,2017-11-05,0.0792,Informal,6.85
LN106036,4600957,7.77,180,South Mumbai,2018-07-27,0.0368,Formal,5.07
LN106037,10468740,9.08,180,Mumbai Suburbs,2015-02-25,0.041,Formal,7.34
LN106038,14889958,8.3,180,South Mumbai,2019-10-05,0.0649,Formal,4.29
LN106039,12674357,9.09,360,Mumbai Suburbs,2019-10-10,0.0912,Informal,5.85
LN106040,11051526,9.68,180,Mumbai Suburbs,2015-06-30,0.0205,Formal,4.89
LN106041,9905808,9.72,300,Mumbai Suburbs,2020-09-23,0.0223,Formal,5.43
LN106042,14867431,8.37,240,Navi Mumbai,2015-01-22,0.1011,Formal,5.57
LN106043,5377987,8.29,300,Mumbai Suburbs,2017-05-27,0.0965,Informal,7.2
LN106044,4839973,7.43,300,South Mumbai,2017-07-28,0.0317,Formal,5.55
LN106045,19141080,9.78,300,South Mumbai,2021-07-03,0.0484,Informal,6.44
LN106046,8536324,8.1,240,Navi Mumbai,2020-12-28,0.1232,Formal,7.33
LN106047,14115037,6.95,300,Mumbai Suburbs,2016-03-17,0.0864,Informal,5.73
LN106048,6421251,8.01,360,Navi Mumbai,2020-05-05,0.0585,Formal,5.43
LN106049,8228119,6.94,360,Mumbai Suburbs,2016-04-03,0.0943,Formal,7.41
LN106050,19737436,8.26,240,Navi Mumbai,2021-07-01,0.0455,Informal,6.9
LN106051,4000264,8.46,360,Navi Mumbai,2016-04-26,0.0647,Informal,7.29
LN106052,10422487,7.68,180,Mumbai Suburbs,2021-09-15,0.0507,Informal,5.39
LN106053,17925394,6.75,360,South Mumbai,2021-05-30,0.0812,Formal,6.44
LN106054,9446731,9.8,300,Mumbai Suburbs,2019-09-06,0.0811,Formal,4.87
LN106055,3208977,9.21,360,Navi Mumbai,2016-12-11,0.0667,Informal,7.03
LN106056,17261648,9.44,180,Navi Mumbai,2016-06-21,0.0751,Formal,7.27
LN106057,2217309,7.78,180,South Mumbai,2017-03-04,0.0941,Informal,4.94
LN106058,8315664,9.16,180,Mumbai Suburbs,2019-03-08,0.074,Formal,4.37
LN106059,14782350,8.2,300,Navi Mumbai,2018-01-18,0.0668,Formal,4.7
LN106060,10103611,7.2,180,Mumbai Suburbs,2020-09-04,0.0728,Formal,6.21
LN106061,3275598,6.94,300,Navi Mumbai,2021-08-16,0.0964,Formal,4.95
LN106062,5892571,7.71,180,Navi Mumbai,2021-05-28,0.0323,Formal,6.24
LN106063,9779116,6.98,300,Navi Mumbai,2017-12-11,0.0725,Formal,5.23
LN106064,11157715,9.99,300,South Mumbai,2019-12-21,0.0034,Formal,7.21
LN106065,17813376,6.67,300,South Mumbai,2016-06-06,0.0515,Formal,5.58
LN106066,1019156,8.04,360,South Mumbai,2019-08-23,0.1166,Informal,5.74
LN106067,3570348,8.08,180,Navi Mumbai,2017-03-14,0.0363,Formal,5.22
LN106068,7964745,7.55,300,Mumbai Suburbs,2017-04-15,0.0111,Formal,4.26
LN106069,14042734,8.5,180,South Mumbai,2021-10-12,0.0316,Formal,5.73
LN106070,13540282,7.02,360,Mumbai Suburbs,2017-04-29,0.0814,Formal,6.71
LN106071,6474106,9.24,240,Mumbai Suburbs,2015-02-03,0.0561,Formal,7.34
LN106072,11203238,7.66,180,Navi Mumbai,2021-05-01,0.0298,Formal,4.27
LN106073,15093179,8.57,180,Mumbai Suburbs,2020-06-22,0.0962,Formal,6.79
LN106074,1881809,9,360,Mumbai Suburbs,2019-10-01,0.0728,Informal,4.93
LN106075,5499311,9.61,300,South Mumbai,2020-11-03,0.0253,Formal,6.88
LN106076,7356895,9.43,180,Navi Mumbai,2020-06-28,0.0534,Formal,5.2
LN106077,4808282,8.63,240,South Mumbai,2018-10-17,0.124,Formal,4.4
LN106078,17455387,7.86,360,Mumbai Suburbs,2017-04-07,0.0507,Formal,6.14
LN106079,18422865,8.26,300,South Mumbai,2017-04-10,0.0092,Formal,7.13
LN106080,9418385,9.19,180,South Mumbai,2017-08-07,0.0741,Formal,4.64
LN106081,4402155,9.57,180,South Mumbai,2015-05-28,0.0715,Formal,4.08
LN106082,17975326,6.86,360,Mumbai Suburbs,2017-12-08,0.1,Informal,7.09
LN106083,17077985,7.85,300,Mumbai Suburbs,2016-02-24,0.0482,Informal,6.44
LN106084,17554494,9.22,300,South Mumbai,2021-04-28,0.0733,Formal,6.83
LN106085,14273480,8.01,360,South Mumbai,2018-04-26,0.0674,Formal,4.21
LN106086,8764461,7.66,180,Navi Mumbai,2016-05-05,0.0598,Informal,7.12
LN106087,15930513,7.94,180,South Mumbai,2016-06-08,0.0697,Informal,5.47
LN106088,19476763,8.61,300,South Mumbai,2021-09-14,0.0781,Informal,7.14
LN106089,12266205,10,300,Mumbai Suburbs,2015-06-14,0.0765,Formal,4.23
LN106090,7494374,8.23,240,Navi Mumbai,2016-04-09,0.0875,Informal,7.1
LN106091,12498431,7.23,240,South Mumbai,2019-03-11,0,Informal,6.36
LN106092,3940107,7.07,240,Navi Mumbai,2022-09-24,0.0151,Formal,5.94
LN106093,19827457,6.65,300,Mumbai Suburbs,2016-08-24,0.0664,Informal,4.22
LN106094,12409642,8.46,300,Mumbai Suburbs,2022-08-11,0.0635,Informal,6.41
LN106095,5934349,8.41,300,South Mumbai,2015-02-24,0.0295,Formal,6.09
LN106096,2156245,7.22,180,Mumbai Suburbs,2021-08-28,0.05,Informal,6.54
LN106097,5926622,8.93,360,South Mumbai,2018-02-20,0.0352,Informal,6.51
LN106098,1158998,9.09,300,Mumbai Suburbs,2020-01-19,0.0776,Informal,5.55
LN106099,11064687,7.41,180,South Mumbai,2016-11-18,0.0333,Informal,4.72
LN106100,10011603,7.7,300,Mumbai Suburbs,2015-12-31,0.0664,Formal,7.22
LN106101,17135036,9.97,360,Navi Mumbai,2016-05-11,0.0908,Formal,7.24
LN106102,11391619,7.81,300,Mumbai Suburbs,2021-05-14,0.0339,Formal,4.74
LN106103,7184398,9.16,180,South Mumbai,2016-02-22,0.0198,Informal,6.21
LN106104,15925911,8.08,300,Mumbai Suburbs,2020-11-14,0.0372,Formal,4.71
LN106105,9206336,9.28,300,Mumbai Suburbs,2015-03-25,0.0339,Formal,7.01
LN106106,14457080,9.19,300,South Mumbai,2018-11-01,0.0612,Formal,4.34
LN106107,5461918,8.84,240,Mumbai Suburbs,2021-10-12,0.009,Formal,7.47
LN106108,14777513,9.49,300,South Mumbai,2018-12-08,0.1082,Formal,6.14
LN106109,2808516,9.79,180,Mumbai Suburbs,2019-08-07,0.0223,Informal,4.08
LN106110,1956011,8.53,180,Mumbai Suburbs,2021-02-16,0.0195,Formal,7.09
LN106111,2717355,7.33,180,South Mumbai,2015-05-27,0.0618,Informal,6.4
LN106112,7848829,7.9,300,South Mumbai,2022-09-08,0.0563,Formal,6.44
LN106113,12631400,9.15,360,South Mumbai,2022-06-19,0.1011,Formal,4.96
LN106114,12342326,8.78,180,Navi Mumbai,2017-03-05,0.0518,Formal,5.18
LN106115,17558054,7.12,240,Mumbai Suburbs,2017-12-18,0.0514,Informal,7.2
LN106116,7849221,6.68,360,South Mumbai,2020-02-05,0.0794,Formal,6.22
LN106117,11276325,8.89,180,Mumbai Suburbs,2021-10-08,0.0884,Formal,4.06
LN106118,10072684,7.38,300,South Mumbai,2016-02-08,0.0017,Formal,5.15
LN106119,1139133,8.25,240,Mumbai Suburbs,2015-03-08,0.062,Informal,6.09
LN106120,10851205,9.11,180,Mumbai Suburbs,2017-06-01,0.1247,Formal,4.52
LN106121,1270001,8.47,240,Navi Mumbai,2020-03-02,0.0413,Informal,4.34
LN106122,15298468,6.79,360,South Mumbai,2018-02-13,0.0645,Formal,4.21
LN106123,2399298,7.15,180,Mumbai Suburbs,2018-05-01,0.0906,Formal,6.21
LN106124,5147413,7.27,300,Mumbai Suburbs,2018-03-11,0.0746,Formal,5.12
LN106125,1782409,7.4,240,Navi Mumbai,2018-06-18,0.0285,Formal,5.31
LN106126,8876146,8.48,180,Mumbai Suburbs,2018-06-03,0.058,Formal,4.21
LN106127,11106434,8.26,360,Mumbai Suburbs,2021-07-05,0.0228,Formal,6.58
LN106128,17238923,7.21,360,Mumbai Suburbs,2021-06-19,0.0279,Formal,6.68
LN106129,18490607,6.74,180,Mumbai Suburbs,2022-04-24,0.0933,Informal,6.9
LN106130,6755536,7.1,360,Navi Mumbai,2020-12-13,0.0857,Informal,6.28
LN106131,14088262,9.95,240,Navi Mumbai,2015-11-05,0.1136,Formal,6.71
LN106132,18114380,8.14,240,Mumbai Suburbs,2015-02-10,0.0877,Formal,6.02
LN106133,12562817,9.54,240,Mumbai Suburbs,2020-12-01,0.0557,Formal,5.72
LN106134,3763779,9.47,240,Navi Mumbai,2019-05-28,0.0296,Formal,4.91
LN106135,16584393,8.29,360,South Mumbai,2018-10-20,0.1019,Formal,4.19
LN106136,3858214,8.97,180,South Mumbai,2016-12-25,0.0788,Formal,5.02
LN106137,19798096,7.17,360,Mumbai Suburbs,2017-11-12,0.084,Formal,6.39
LN106138,12189893,8.91,360,South Mumbai,2017-09-29,0.0772,Formal,7.24
LN106139,11804946,7.45,180,Navi Mumbai,2021-08-04,0.0956,Formal,4.9
LN106140,16725535,9.41,180,Mumbai Suburbs,2016-09-17,0.0143,Informal,6.34
LN106141,4893193,6.79,300,Mumbai Suburbs,2022-06-18,0.0236,Informal,5.67
LN106142,6681868,9.21,240,Mumbai Suburbs,2021-07-14,0.0338,Informal,6.2
LN106143,2255959,6.85,180,Mumbai Suburbs,2017-05-24,0.0709,Formal,4.01
LN106144,19890903,9.58,360,Mumbai Suburbs,2017-07-02,0.0463,Informal,4.43
LN106145,7620090,7.56,240,South Mumbai,2020-03-19,0.0938,Formal,4.76
LN106146,19396642,8.79,240,Mumbai Suburbs,2017-08-01,0.0595,Informal,7.13
LN106147,15012674,8.21,360,Mumbai Suburbs,2018-02-26,0.1296,Informal,4.14
LN106148,19915637,7.78,180,South Mumbai,2018-07-21,0.1114,Formal,5.99
LN106149,6023198,8.76,240,Mumbai Suburbs,2022-06-30,0.0642,Formal,7.25
LN106150,10309239,9.82,240,South Mumbai,2019-01-30,0.0193,Formal,6.28
LN106151,11924504,6.64,240,Navi Mumbai,2017-03-12,0.0807,Formal,5.7
LN106152,19427175,9.72,240,Mumbai Suburbs,2020-08-01,0.0266,Formal,5.35
LN106153,19965293,8.63,240,Navi Mumbai,2015-06-03,0.0308,Informal,6.18
LN106154,5784973,9.33,360,Mumbai Suburbs,2015-09-09,0.0482,Formal,5.68
LN106155,2290906,7.84,180,Navi Mumbai,2015-10-30,0.0476,Formal,6.47
LN106156,17578821,8.15,180,South Mumbai,2018-08-27,0.0766,Formal,6.16
LN106157,14645219,9.54,240,South Mumbai,2020-08-10,0.0698,Formal,5.99
LN106158,2435367,7.95,240,South Mumbai,2015-11-14,0.0297,Informal,7.35
LN106159,13109648,8.37,240,Mumbai Suburbs,2018-11-04,0.0511,Formal,6.92
LN106160,4246849,6.57,360,South Mumbai,2015-10-14,0.0192,Formal,6.13
LN106161,9654584,7.06,360,Mumbai Suburbs,2022-07-17,0.0721,Informal,5.89
LN106162,19382412,8.75,300,Mumbai Suburbs,2019-04-05,0.0042,Formal,6.53
LN106163,13595379,9.01,240,Mumbai Suburbs,2020-07-13,0.053,Formal,6.81
LN106164,6387059,8.54,300,Mumbai Suburbs,2016-05-22,0.0406,Informal,5.03
LN106165,18823067,7,300,South Mumbai,2020-05-03,0.0764,Formal,6.33
LN106166,3664921,8.06,300,Mumbai Suburbs,2018-11-20,0.0357,Informal,4.47
LN106167,19211946,7.74,180,Mumbai Suburbs,2021-10-18,0.0345,Formal,5.51
LN106168,13182338,8.23,300,Navi Mumbai,2018-12-19,0.0719,Formal,7.28
LN106169,16429051,9.55,240,Mumbai Suburbs,2016-08-29,0.0735,Informal,5.14
LN106170,5354489,9.22,360,Navi Mumbai,2018-06-09,0.0286,Formal,4.54
LN106171,2958615,6.79,240,Mumbai Suburbs,2018-11-07,0.0777,Formal,4.51
LN106172,16005252,9.62,360,Navi Mumbai,2016-01-12,0.1337,Formal,5.38
LN106173,1978534,8.15,180,South Mumbai,2017-03-23,0.0459,Formal,4.79
LN106174,13856870,9.1,180,Mumbai Suburbs,2017-01-31,0.0231,Formal,5.49
LN106175,13252984,6.99,240,Navi Mumbai,2015-03-28,0.0617,Formal,6.52
LN106176,2318155,8.85,180,South Mumbai,2022-07-13,0.0185,Formal,7.11
LN106177,1984588,7.33,360,Mumbai Suburbs,2017-04-13,0.0522,Formal,4.39
LN106178,5449399,8.03,180,Navi Mumbai,2017-06-18,0.0448,Informal,6.69
LN106179,1481632,6.56,300,Mumbai Suburbs,2018-04-16,0.0808,Formal,4.36
LN106180,8723047,7.03,300,South Mumbai,2017-05-18,0.0073,Informal,5.33
LN106181,7541173,6.82,180,Mumbai Suburbs,2018-01-30,0.0126,Formal,7.49
LN106182,6275820,7.34,240,South Mumbai,2021-07-08,0.0715,Informal,4.24
LN106183,9918562,6.85,300,Navi Mumbai,2017-11-10,0.0763,Formal,4.08
LN106184,13439415,8.92,360,South Mumbai,2017-04-24,0,Formal,5.17
LN106185,12401945,6.6,240,South Mumbai,2020-07-28,0.1056,Formal,7.33
LN106186,6104138,8.66,180,South Mumbai,2016-05-12,0.0863,Formal,4.07
LN106187,15886781,6.99,240,Mumbai Suburbs,2019-09-18,0.0399,Formal,4.78
LN106188,10799796,9.81,240,Navi Mumbai,2015-12-18,0.0629,Formal,6.11
LN106189,1026505,9.77,240,South Mumbai,2018-07-16,0.0009,Formal,4.82
LN106190,16127667,7.29,240,South Mumbai,2015-05-24,0.0811,Informal,4.19
LN106191,14412513,8.65,180,Mumbai Suburbs,2016-01-27,0.0346,Informal,4.18
LN106192,19427591,6.6,180,Navi Mumbai,2020-05-11,0.0493,Formal,5.96
LN106193,16649310,9.76,300,Mumbai Suburbs,2019-12-05,0.0567,Formal,5.97
LN106194,17989420,8.33,300,Mumbai Suburbs,2018-07-31,0.0962,Formal,6.47
LN106195,9916776,6.65,360,Mumbai Suburbs,2017-10-30,0.074,Formal,4.46
LN106196,18750431,7.7,360,South Mumbai,2021-11-12,0.0492,Formal,5.75
LN106197,18345043,6.77,300,Mumbai Suburbs,2018-12-21,0.0423,Informal,6.1
LN106198,11725816,7.88,300,Mumbai Suburbs,2022-07-30,0.0668,Formal,4.78
LN106199,2267633,8.84,240,Navi Mumbai,2022-12-28,0.0574,Informal,5.92
LN106200,4684815,8.14,300,Navi Mumbai,2016-01-08,0.0527,Formal,6.48
LN106201,14090712,7.84,360,Mumbai Suburbs,2019-05-04,0.0602,Informal,7.47
LN106202,3026182,6.92,300,Mumbai Suburbs,2019-04-29,0.0519,Formal,6.09
LN106203,5638246,7.36,240,Mumbai Suburbs,2017-08-20,0.013,Formal,7.01
LN106204,9377900,6.85,360,South Mumbai,2017-02-22,0.0583,Informal,6.92
LN106205,3210186,9.33,180,Mumbai Suburbs,2015-12-07,0.0593,Formal,7.29
LN106206,17831213,6.97,300,Mumbai Suburbs,2016-08-02,0.064,Formal,6.53
LN106207,11478661,8.58,180,Navi Mumbai,2018-12-30,0.0299,Formal,4.75
LN106208,15043777,7.7,360,South Mumbai,2020-04-03,0.036,Formal,5.04
LN106209,6607423,7.29,300,Mumbai Suburbs,2015-09-26,0.1092,Formal,6.75
LN106210,10189589,8.74,180,Mumbai Suburbs,2022-07-25,0.0378,Formal,5.82
LN106211,15632787,8.1,300,South Mumbai,2015-06-04,0.0753,Formal,4.88
LN106212,5934990,7.9,180,Mumbai Suburbs,2018-04-17,0.0361,Formal,6.3
LN106213,15100219,8.57,180,Navi Mumbai,2022-05-06,0.0033,Informal,7.17
LN106214,9959601,8.22,360,Navi Mumbai,2015-05-09,0.0569,Informal,5.25
LN106215,8760004,7.56,300,Mumbai Suburbs,2015-08-13,0.0784,Formal,6.09
LN106216,14429734,8.46,180,South Mumbai,2017-04-03,0.05,Informal,6.04
LN106217,15748433,8.84,300,Navi Mumbai,2021-07-07,0.0001,Formal,4.44
LN106218,15268788,6.59,300,Mumbai Suburbs,2018-01-17,0,Formal,4.32
LN106219,16430110,8.13,240,Mumbai Suburbs,2016-05-02,0.0946,Formal,7.11
LN106220,3593449,6.7,360,South Mumbai,2020-10-05,0.0596,Informal,7.27
LN106221,10977466,7.15,300,South Mumbai,2022-10-27,0.0782,Informal,7.16
LN106222,18795759,8.46,300,South Mumbai,2022-11-01,0.0669,Informal,5.39
LN106223,7774870,9.53,300,Mumbai Suburbs,2016-01-07,0.0255,Formal,5.01
LN106224,8104527,9.59,360,South Mumbai,2019-06-04,0.0523,Formal,7.3
LN106225,12813685,6.74,360,South Mumbai,2020-08-26,0.0091,Formal,7.09
LN106226,18899105,7.97,300,Mumbai Suburbs,2017-05-23,0.0884,Informal,6.87
LN106227,10137819,8.54,360,Mumbai Suburbs,2016-07-27,0.0696,Informal,5.17
LN106228,4258881,7.01,240,South Mumbai,2016-11-04,0.0822,Formal,6.24
LN106229,13339084,9.18,360,South Mumbai,2020-04-01,0.0987,Formal,6.63
LN106230,7524367,9.1,240,South Mumbai,2017-12-27,0.0493,Formal,6.02
LN106231,19962244,9.66,240,Mumbai Suburbs,2015-03-07,0.0378,Formal,6.11
LN106232,5803958,6.53,240,South Mumbai,2016-09-25,0.0568,Formal,6.65
LN106233,4487924,7.26,180,Mumbai Suburbs,2016-10-05,0.098,Informal,6.68
LN106234,18550054,9.4,360,South Mumbai,2020-11-25,0.013,Informal,4.84
LN106235,1261420,8.85,300,South Mumbai,2019-10-09,0.0606,Informal,5.37
LN106236,1477843,9.63,240,Mumbai Suburbs,2018-06-02,0.0841,Formal,6.73
LN106237,5529943,6.7,300,South Mumbai,2015-09-17,0.0692,Formal,4.92
LN106238,11648764,8.59,240,South Mumbai,2020-09-22,0.0922,Formal,7.2
LN106239,14930333,8.49,300,Mumbai Suburbs,2022-04-13,0.0139,Formal,6.94
LN106240,13979513,6.62,180,Mumbai Suburbs,2016-10-05,0.0926,Informal,7.13
LN106241,19602476,8.3,240,Mumbai Suburbs,2019-02-23,0.0413,Informal,5.04
LN106242,11453914,8.63,180,South Mumbai,2015-07-17,0,Informal,4.37
LN106243,5775833,7.17,180,Navi Mumbai,2020-05-26,0.0502,Formal,4.35
LN106244,13236201,7.46,360,Navi Mumbai,2022-01-13,0.0348,Formal,5.95
LN106245,5187694,8.74,300,Mumbai Suburbs,2018-01-17,0.0551,Informal,5.07
LN106246,10601588,8.14,240,Mumbai Suburbs,2021-07-29,0.0144,Informal,4.92
LN106247,4099834,9.5,180,Navi Mumbai,2021-12-06,0.0563,Formal,4.78
LN106248,10644581,7.7,300,South Mumbai,2015-02-20,0.0428,Formal,5.97
LN106249,17681412,7.43,360,South Mumbai,2022-02-16,0.1196,Formal,5.92
LN106250,4564507,9.95,300,South Mumbai,2015-09-29,0.0652,Formal,5.48
LN106251,5299489,9.69,300,Navi Mumbai,2022-08-25,0.0668,Formal,4.48
LN106252,4182132,6.6,360,Mumbai Suburbs,2019-12-02,0.0532,Formal,7.25
LN106253,4440863,9.2,360,Navi Mumbai,2018-12-29,0.0974,Formal,5.5
LN106254,14435230,6.89,360,South Mumbai,2020-02-27,0.0746,Formal,4.43
LN106255,8986322,6.6,180,Navi Mumbai,2016-05-11,0.1054,Informal,4.13
LN106256,7637448,7.46,300,Navi Mumbai,2016-06-13,0.0916,Formal,4.53
LN106257,12427391,7.44,360,Navi Mumbai,2022-07-09,0.0484,Formal,5.04
LN106258,8135580,9.37,300,Mumbai Suburbs,2015-10-06,0.0819,Formal,6.21
LN106259,14155197,8.99,300,Navi Mumbai,2020-11-07,0.0844,Formal,7.4
LN106260,1144375,9.94,180,Navi Mumbai,2018-03-18,0.0883,Formal,4.95
LN106261,6713948,8.99,300,Mumbai Suburbs,2021-04-06,0.072,Formal,6.76
LN106262,5229491,7.96,180,Mumbai Suburbs,2016-12-22,0.0197,Formal,7.19
LN106263,6183584,8.95,360,Mumbai Suburbs,2021-11-05,0.0591,Formal,5.37
LN106264,6911993,10,360,Mumbai Suburbs,2017-06-25,0.0633,Formal,4.89
LN106265,19295776,8.99,300,Mumbai Suburbs,2018-09-26,0.0621,Formal,5.72
LN106266,2894420,9.17,180,South Mumbai,2019-03-25,0.0944,Informal,7.14
LN106267,8069222,9.78,180,Mumbai Suburbs,2015-07-01,0.0407,Formal,4.04
LN106268,18319013,6.9,240,South Mumbai,2015-07-31,0.0641,Formal,5.7
LN106269,12926106,8.97,240,South Mumbai,2016-12-26,0.0579,Informal,6.65
LN106270,7557642,9.48,360,South Mumbai,2021-04-09,0.0805,Formal,6.1
LN106271,6436526,9.84,360,Navi Mumbai,2017-07-10,0.1143,Formal,5.74
LN106272,19573434,7.24,240,South Mumbai,2017-02-21,0.0787,Formal,5.94
LN106273,15387810,8.26,180,Navi Mumbai,2017-12-18,0.0767,Informal,6.17
LN106274,1552226,8.88,300,Mumbai Suburbs,2018-10-13,0.0294,Formal,6.39
LN106275,8514782,7.37,300,Mumbai Suburbs,2021-09-04,0.0137,Formal,5.25
LN106276,10669504,8.6,180,South Mumbai,2016-06-07,0.0677,Formal,5.81
LN106277,8707690,7.4,360,South Mumbai,2016-06-27,0.0544,Formal,4.96
LN106278,8003621,7.67,300,Mumbai Suburbs,2016-12-18,0.0738,Formal,7.44
LN106279,11429011,8.05,180,South Mumbai,2016-04-15,0.0416,Informal,4.66
LN106280,4803074,8.35,300,Mumbai Suburbs,2018-04-04,0.1021,Formal,4.53
LN106281,8416510,8.07,180,Navi Mumbai,2021-02-27,0.0241,Formal,4.94
LN106282,13534834,8.23,240,South Mumbai,2021-03-19,0.0541,Informal,7.22
LN106283,15036865,7.55,240,Mumbai Suburbs,2020-10-03,0.0483,Formal,6.31
LN106284,8467133,7.06,300,Navi Mumbai,2021-05-08,0.0929,Formal,5.6
LN106285,2778244,6.67,300,Navi Mumbai,2020-07-23,0.0531,Formal,7.24
LN106286,12530145,7.19,300,Navi Mumbai,2022-11-27,0.0427,Formal,7.15
LN106287,2180859,8.54,300,Navi Mumbai,2019-04-17,0.0624,Informal,5.41
LN106288,13976357,9.25,240,Mumbai Suburbs,2017-11-15,0.0363,Formal,5.97
LN106289,7733214,7.09,240,Navi Mumbai,2020-07-09,0.0593,Formal,7.17
LN106290,2980425,6.88,180,Navi Mumbai,2022-05-16,0.0561,Formal,5.12
LN106291,8441521,9.12,300,Mumbai Suburbs,2018-09-07,0.1467,Formal,5.43
LN106292,9077813,7.57,240,Mumbai Suburbs,2017-04-07,0.0461,Formal,6.78
LN106293,8694420,9.83,360,Mumbai Suburbs,2020-02-12,0.0573,Formal,6.45
LN106294,16269936,9,180,Mumbai Suburbs,2022-07-25,0.0665,Formal,4.17
LN106295,10850350,7.64,180,South Mumbai,2018-03-08,0.0682,Formal,4.41
LN106296,17399173,7.51,180,Mumbai Suburbs,2017-01-30,0.0913,Formal,6.96
LN106297,3941616,8.33,360,Mumbai Suburbs,2019-02-09,0.1176,Formal,4.1
LN106298,6604297,6.78,360,Mumbai Suburbs,2018-09-10,0.036,Formal,7.22
LN106299,16983597,6.91,360,South Mumbai,2016-11-22,0.0732,Formal,4.95
LN106300,19856153,7.12,240,Mumbai Suburbs,2017-04-12,0.0551,Formal,6.09
LN106301,13129980,9.21,360,South Mumbai,2022-08-17,0.0699,Formal,5.98
LN106302,19132313,8.3,180,South Mumbai,2015-09-20,0.0933,Formal,5.39
LN106303,19832613,6.54,300,Mumbai Suburbs,2017-03-22,0.1088,Informal,4.11
LN106304,10636094,8.86,180,Mumbai Suburbs,2019-07-28,0.0862,Formal,4.67
LN106305,11815723,7.98,180,South Mumbai,2016-09-22,0.0695,Formal,6.15
LN106306,11337305,8.29,240,Mumbai Suburbs,2022-11-26,0.0908,Formal,5.56
LN106307,14608519,7.25,180,Mumbai Suburbs,2016-04-06,0.0348,Formal,5.45
LN106308,2079037,8.43,240,Mumbai Suburbs,2015-03-09,0.0382,Formal,4.34
LN106309,13341518,9.93,240,Mumbai Suburbs,2021-01-16,0.0651,Informal,5.21
LN106310,5151951,6.76,300,South Mumbai,2016-10-05,0.0949,Formal,5.84
LN106311,4155200,7.49,180,Mumbai Suburbs,2015-09-20,0.0511,Informal,4.27
LN106312,18632911,7.35,300,Navi Mumbai,2017-04-30,0.0543,Informal,4.23
LN106313,17889252,7.37,300,Mumbai Suburbs,2017-02-24,0.0005,Informal,5.72
LN106314,11773427,7.83,180,Navi Mumbai,2018-12-15,0.1316,Formal,5.96
LN106315,1889694,9.36,180,Mumbai Suburbs,2019-01-03,0.0531,Informal,4.9
LN106316,18367564,9.7,360,Mumbai Suburbs,2019-01-23,0,Formal,5.14
LN106317,16999863,7.21,360,Navi Mumbai,2021-09-04,0.065,Formal,6.79
LN106318,8695082,8.4,240,Mumbai Suburbs,2021-01-12,0.0742,Formal,7.04
LN106319,10297729,8.73,180,Navi Mumbai,2021-01-05,0.0531,Informal,5.14
LN106320,11528922,8.33,240,Mumbai Suburbs,2017-04-01,0.0327,Informal,5.25
LN106321,5066981,8.02,300,Navi Mumbai,2021-12-14,0.0869,Formal,6.91
LN106322,5467801,7.17,300,Mumbai Suburbs,2019-11-28,0.0835,Formal,7.41
LN106323,11598073,8.21,360,Navi Mumbai,2016-11-05,0.0758,Formal,5.12
LN106324,11514237,7.9,240,South Mumbai,2016-06-15,0.0371,Formal,6.76
LN106325,19960741,9.28,180,Mumbai Suburbs,2020-05-06,0.0417,Formal,5.68
LN106326,13463277,9.17,180,Navi Mumbai,2017-08-18,0.0495,Formal,4.92
LN106327,1693464,6.97,360,South Mumbai,2019-07-15,0.0476,Formal,6.39
LN106328,10107338,6.81,360,Mumbai Suburbs,2020-09-25,0.0788,Informal,5.62
LN106329,2577415,9.68,240,Navi Mumbai,2021-06-17,0.0482,Formal,4.94
LN106330,5262663,8.37,360,South Mumbai,2015-03-08,0.0315,Formal,4.38
LN106331,4593824,9.5,360,Mumbai Suburbs,2022-04-10,0.0727,Formal,7.03
LN106332,16872628,6.7,360,Mumbai Suburbs,2015-09-16,0.1313,Informal,7.08
LN106333,2358356,8.34,300,Mumbai Suburbs,2021-08-13,0.0364,Informal,4.26
LN106334,19292935,8.39,240,South Mumbai,2019-03-18,0.0387,Informal,6.32
LN106335,1837566,9.51,180,South Mumbai,2021-05-27,0.0563,Formal,4.57
LN106336,7642516,6.84,180,South Mumbai,2022-09-07,0.0827,Formal,6.26
LN106337,10545151,7.34,240,South Mumbai,2018-11-30,0.077,Formal,7.18
LN106338,9483063,7.92,360,South Mumbai,2018-02-13,0.0565,Formal,4.91
LN106339,9123155,9.53,360,Mumbai Suburbs,2016-12-24,0.0469,Formal,5.22
LN106340,19001197,9.79,180,Mumbai Suburbs,2020-10-14,0.123,Formal,6.78
LN106341,3336798,9.97,300,Mumbai Suburbs,2022-10-15,0.0943,Informal,6.57
LN106342,16516252,9.86,240,South Mumbai,2020-02-28,0.1121,Informal,5.43
LN106343,19935560,6.52,360,Mumbai Suburbs,2017-03-12,0.0811,Formal,6.97
LN106344,18612381,6.67,300,Mumbai Suburbs,2018-04-08,0.0572,Formal,7.22
LN106345,14395337,7.02,300,Navi Mumbai,2021-09-29,0.072,Formal,5.58
LN106346,19511644,7.72,360,Mumbai Suburbs,2016-06-18,0.1142,Formal,4.14
LN106347,4822069,9.4,240,Navi Mumbai,2018-02-19,0.0754,Informal,5.78
LN106348,11432291,9.62,240,South Mumbai,2018-08-28,0.0085,Formal,6.59
LN106349,4144787,7.15,180,Mumbai Suburbs,2017-08-16,0.1021,Formal,4.77
LN106350,9346988,8.67,180,Mumbai Suburbs,2017-04-09,0.1049,Formal,4.35
LN106351,12641380,9.71,240,Navi Mumbai,2019-11-13,0.0971,Formal,5
LN106352,10942357,8.12,360,Mumbai Suburbs,2018-01-25,0.0197,Formal,4.04
LN106353,11666822,6.86,240,Mumbai Suburbs,2018-07-12,0.0716,Formal,6.5
LN106354,8992726,8.1,180,South Mumbai,2022-02-26,0.0908,Formal,4.51
LN106355,19943719,7.82,180,Mumbai Suburbs,2019-08-18,0.0605,Formal,6.53
LN106356,9045391,8.52,180,South Mumbai,2021-05-30,0.0714,Formal,4.82
LN106357,9622693,8.04,240,South Mumbai,2018-07-11,0.0768,Formal,7.47
LN106358,10146779,6.56,240,South Mumbai,2015-07-18,0.0352,Informal,5.86
LN106359,1498095,9.98,360,Navi Mumbai,2021-02-28,0.0741,Formal,4.14
LN106360,11556069,8.4,180,Mumbai Suburbs,2019-06-14,0.0304,Formal,6.7
LN106361,10879032,8.16,300,Navi Mumbai,2020-04-05,0.0569,Formal,5.44
LN106362,13061944,9.84,300,Navi Mumbai,2015-07-26,0.0427,Formal,6.13
LN106363,12151870,7.05,360,Navi Mumbai,2020-02-12,0.0863,Formal,7.33
LN106364,12113050,7.16,360,Navi Mumbai,2015-02-07,0.0801,Formal,5.81
LN106365,4330263,9.33,180,Navi Mumbai,2019-10-16,0.077,Informal,6.82
LN106366,14618777,7.41,240,South Mumbai,2022-01-04,0.0685,Informal,5.06
LN106367,14911580,9.3,240,South Mumbai,2016-10-31,0.0731,Formal,6.5
LN106368,4665842,7.45,300,Mumbai Suburbs,2018-01-18,0.1203,Formal,4.35
LN106369,12126576,6.62,180,Mumbai Suburbs,2021-10-17,0.0997,Formal,7.13
LN106370,3791338,8.31,300,South Mumbai,2021-06-24,0.0312,Formal,4.7
LN106371,11574811,7.19,300,Mumbai Suburbs,2016-11-23,0.044,Informal,5.06
LN106372,12300059,9.15,180,Mumbai Suburbs,2021-12-17,0.0537,Formal,7.35
LN106373,15413188,8.74,360,Navi Mumbai,2022-08-25,0.0527,Formal,4.54
LN106374,11689065,9.73,300,Mumbai Suburbs,2019-09-13,0.0352,Formal,4.89
LN106375,12841158,9.24,360,Mumbai Suburbs,2019-03-26,0.0776,Informal,6.03
LN106376,9234025,7.13,240,Mumbai Suburbs,2019-02-28,0.0582,Formal,7.43
LN106377,4945123,9.3,300,Mumbai Suburbs,2020-11-30,0.0665,Informal,6.42
LN106378,11943336,8.75,180,Navi Mumbai,2022-01-31,0.0087,Formal,4.4
LN106379,5768026,8.84,360,South Mumbai,2018-07-11,0.0128,Formal,6.62
LN106380,5836161,9.41,240,Mumbai Suburbs,2017-02-20,0.0438,Formal,5.49
LN106381,19557464,8.51,240,Mumbai Suburbs,2021-01-15,0.0782,Informal,7.47
LN106382,7126664,8.13,300,Mumbai Suburbs,2022-10-20,0.0743,Informal,6.2
LN106383,11996634,8.73,240,South Mumbai,2019-01-30,0.0902,Formal,5.86
LN106384,8709824,7.54,180,South Mumbai,2022-05-12,0.039,Formal,5.95
LN106385,15375753,7.14,300,South Mumbai,2017-06-13,0.0806,Formal,6.25
LN106386,19957235,8.66,240,Mumbai Suburbs,2021-07-23,0.1059,Formal,6.56
LN106387,18557173,7.32,180,Navi Mumbai,2017-04-21,0.0878,Formal,4.27
LN106388,2913980,6.78,360,Mumbai Suburbs,2017-12-29,0.0212,Formal,4.46
LN106389,2507394,6.5,360,South Mumbai,2019-08-04,0.0932,Informal,5.05
LN106390,3979845,8.63,300,Mumbai Suburbs,2017-03-03,0.0698,Formal,5.67
LN106391,3712188,7.77,180,South Mumbai,2015-06-21,0.0736,Formal,5.09
LN106392,9642873,9.13,240,Navi Mumbai,2020-09-18,0.1349,Formal,4.75
LN106393,5713797,7.81,300,Mumbai Suburbs,2020-04-05,0.0674,Formal,7.24
LN106394,15844468,8.2,300,Navi Mumbai,2016-08-29,0.0789,Formal,4.11
LN106395,1910913,7.92,240,Mumbai Suburbs,2021-04-26,0.0628,Informal,7.29
LN106396,3057017,8.78,180,Navi Mumbai,2018-11-05,0.0527,Informal,7.18
LN106397,1653817,7.75,240,South Mumbai,2020-12-19,0.0709,Informal,6.39
LN106398,18773649,9.87,360,South Mumbai,2020-01-24,0.0469,Formal,4.11
LN106399,7555851,9.78,300,South Mumbai,2015-05-30,0.0644,Formal,4.79
LN106400,5108949,9.47,360,Mumbai Suburbs,2021-06-04,0.0509,Formal,7.43
LN106401,14157587,9.72,300,Mumbai Suburbs,2021-02-09,0,Formal,7.17
LN106402,16216576,8.07,240,Mumbai Suburbs,2021-01-25,0.0452,Formal,7.38
LN106403,8138512,8.38,180,Navi Mumbai,2021-09-28,0.0887,Formal,7.49
LN106404,10886458,9.1,240,South Mumbai,2017-09-11,0.0756,Formal,4.22
LN106405,8567476,8.94,360,Mumbai Suburbs,2018-11-27,0.053,Formal,6
LN106406,10335411,9.62,180,Navi Mumbai,2022-01-19,0.063,Formal,6.92
LN106407,4486444,9.01,180,Mumbai Suburbs,2017-07-12,0.0358,Formal,5.12
LN106408,8163357,9.99,300,Navi Mumbai,2022-12-02,0.0391,Formal,5.52
LN106409,11484206,7.72,180,Mumbai Suburbs,2020-01-24,0.0602,Informal,4.99
LN106410,6509165,9.42,300,Mumbai Suburbs,2019-05-17,0.0535,Formal,4.13
LN106411,5873014,8.94,180,South Mumbai,2016-08-31,0.0374,Formal,4.25
LN106412,18245514,8.92,180,Navi Mumbai,2019-11-04,0.058,Informal,4.08
LN106413,5330453,7.64,300,Navi Mumbai,2021-06-07,0.0266,Formal,5.85
LN106414,18347519,9.25,180,Navi Mumbai,2016-02-20,0.1072,Informal,6.16
LN106415,10377259,9.65,240,Mumbai Suburbs,2015-08-04,0.0869,Formal,5.08
LN106416,6170988,7.26,180,Navi Mumbai,2017-06-13,0,Formal,6.89
LN106417,4317657,8.69,360,Mumbai Suburbs,2018-03-16,0.0852,Formal,7.11
LN106418,4336640,7.87,300,Mumbai Suburbs,2022-07-11,0.0488,Formal,4.49
LN106419,16526398,9.96,300,Navi Mumbai,2015-01-03,0.0436,Informal,4.18
LN106420,6000738,8.18,240,South Mumbai,2021-02-24,0.0826,Formal,5.12
LN106421,3660891,7.3,360,South Mumbai,2015-02-28,0.0557,Formal,6.5
LN106422,16173091,7.84,180,Mumbai Suburbs,2021-05-16,0.0484,Formal,5.78
LN106423,16978042,8.79,240,Mumbai Suburbs,2022-11-06,0.0201,Informal,5.71
LN106424,15514418,6.77,180,Mumbai Suburbs,2019-05-26,0.0875,Formal,4.53
LN106425,3192271,8.61,240,Mumbai Suburbs,2018-09-27,0.0911,Formal,5.23
LN106426,16533326,9.76,300,Navi Mumbai,2018-09-14,0.0648,Formal,7.36
LN106427,17071416,9.48,360,Mumbai Suburbs,2018-07-30,0.025,Formal,5.19
LN106428,6236441,6.74,300,South Mumbai,2015-06-17,0.0691,Formal,6.07
LN106429,12420970,9.98,240,Mumbai Suburbs,2017-04-11,0.0792,Informal,4.2
LN106430,6831052,8.95,180,Navi Mumbai,2018-03-29,0.0592,Formal,4.22
LN106431,10978954,7.07,360,South Mumbai,2016-05-27,0.0864,Formal,5.48
LN106432,14685713,6.54,180,Mumbai Suburbs,2016-05-29,0.0651,Formal,6.11
LN106433,13823529,7.1,300,South Mumbai,2022-10-31,0.0691,Formal,5.3
LN106434,4254449,9.43,180,Mumbai Suburbs,2016-01-04,0.1044,Formal,4.63
LN106435,9994006,6.58,240,South Mumbai,2020-02-19,0.0452,Formal,6.58
LN106436,10976122,7.32,360,Mumbai Suburbs,2019-09-23,0.013,Formal,4.49
LN106437,6271810,9.15,360,Mumbai Suburbs,2022-01-31,0.0549,Formal,6.34
LN106438,5935371,8.55,360,Navi Mumbai,2016-11-03,0.0431,Formal,7.35
LN106439,1260102,9.24,240,Mumbai Suburbs,2017-06-05,0.0173,Informal,5.65
LN106440,17091184,9.11,180,Navi Mumbai,2021-11-25,0.0787,Formal,4.7
LN106441,6818528,6.68,360,Mumbai Suburbs,2016-12-25,0.06,Formal,6.95
LN106442,9214372,9.62,300,South Mumbai,2015-04-14,0.0054,Informal,5.77
LN106443,9536239,7.29,300,South Mumbai,2017-05-22,0.1064,Formal,7.23
LN106444,2343054,8.44,300,Navi Mumbai,2020-11-11,0.0382,Formal,6.52
LN106445,11722305,8.76,300,Mumbai Suburbs,2015-07-22,0.0415,Formal,5.51
LN106446,4159016,7.09,300,Navi Mumbai,2016-01-01,0.0882,Informal,6.16
LN106447,19503550,9.92,240,South Mumbai,2015-08-21,0.0728,Formal,4.59
LN106448,19624415,8.21,180,South Mumbai,2018-09-16,0.0928,Formal,5.36
LN106449,19415220,6.7,240,Mumbai Suburbs,2018-10-13,0,Formal,6.08
LN106450,2729187,9.78,300,Mumbai Suburbs,2019-05-15,0.0514,Formal,6.07
LN106451,12716383,8.55,300,South Mumbai,2019-03-23,0.064,Informal,6.06
LN106452,2330363,8.95,360,Mumbai Suburbs,2018-09-25,0.099,Formal,6.6
LN106453,4446839,8.34,360,Mumbai Suburbs,2021-11-28,0.0347,Formal,4.37
LN106454,4113506,9.42,180,Mumbai Suburbs,2021-05-22,0.0498,Formal,4.26
LN106455,14928440,6.62,180,South Mumbai,2020-11-12,0.0642,Informal,4.52
LN106456,19338230,7.44,180,Mumbai Suburbs,2019-07-04,0.0828,Formal,6.77
LN106457,14305560,8.14,240,Mumbai Suburbs,2019-04-28,0.0267,Formal,4.23
LN106458,5589369,6.77,360,Mumbai Suburbs,2021-04-23,0.0843,Informal,4.79
LN106459,4257983,8.97,180,Mumbai Suburbs,2019-06-02,0.0423,Formal,4.89
LN106460,7902066,7.88,360,Navi Mumbai,2022-12-11,0.0713,Informal,6.27
LN106461,13042858,7.45,360,Mumbai Suburbs,2022-03-07,0.0542,Formal,5.41
LN106462,9033651,6.51,360,Navi Mumbai,2018-09-28,0.0682,Informal,4.7
LN106463,18529188,9.02,360,Mumbai Suburbs,2017-04-16,0.0664,Formal,5.57
LN106464,17578740,9.42,360,South Mumbai,2015-06-26,0.0983,Informal,6.4
LN106465,12966115,7.88,360,Mumbai Suburbs,2022-08-17,0.0529,Informal,6.75
LN106466,4631171,8.47,240,Mumbai Suburbs,2019-09-26,0.0509,Formal,4.43
LN106467,8973155,7.3,300,Mumbai Suburbs,2016-01-22,0.0921,Informal,6.5
LN106468,11627763,8.68,360,Mumbai Suburbs,2021-02-17,0.102,Formal,4.02
LN106469,5976820,6.54,240,South Mumbai,2018-02-12,0.0481,Formal,6.54
LN106470,4743185,8.21,180,Mumbai Suburbs,2016-10-12,0.0808,Formal,6.31
LN106471,11746289,8.75,240,Mumbai Suburbs,2016-10-31,0.0344,Formal,5.64
LN106472,13159041,9.71,240,Mumbai Suburbs,2018-12-19,0.0809,Formal,4.48
LN106473,13814719,7.83,240,Mumbai Suburbs,2021-08-15,0.0876,Formal,6.68
LN106474,1024363,9.18,360,Navi Mumbai,2018-12-25,0.0517,Formal,4.25
LN106475,17037478,8.59,180,Mumbai Suburbs,2019-07-09,0.0933,Formal,7.13
LN106476,9783406,9.74,240,South Mumbai,2022-04-02,0.0521,Informal,6.71
LN106477,3045990,7.89,180,Navi Mumbai,2017-01-31,0.0607,Informal,6.59
LN106478,6178652,7.62,240,South Mumbai,2017-10-01,0.0717,Formal,6.64
LN106479,2385049,9.6,360,Mumbai Suburbs,2022-02-05,0.0312,Informal,4.24
LN106480,11487380,6.67,240,South Mumbai,2019-08-13,0.0192,Informal,7.46
LN106481,6567248,6.98,240,South Mumbai,2020-01-04,0.0684,Formal,7.01
LN106482,2498447,6.79,180,South Mumbai,2018-01-15,0.0377,Formal,5.78
LN106483,12629755,9.45,180,Mumbai Suburbs,2022-11-14,0.0234,Formal,6.52
LN106484,19322504,6.54,180,South Mumbai,2017-02-05,0.0831,Formal,6.59
LN106485,13491230,9.52,300,South Mumbai,2017-11-11,0.1055,Formal,6.9
LN106486,17046593,8.08,180,Mumbai Suburbs,2015-03-28,0.0857,Formal,4.89
LN106487,19372339,6.51,240,Mumbai Suburbs,2015-09-17,0.0245,Formal,5.3
LN106488,11387693,7.91,300,Navi Mumbai,2022-11-15,0.0653,Formal,6.8
LN106489,15572602,7.15,180,Navi Mumbai,2017-08-24,0.0507,Formal,6.69
LN106490,6264482,8.69,360,Mumbai Suburbs,2022-08-31,0.0344,Informal,5.83
LN106491,7130158,8.88,180,Navi Mumbai,2020-08-27,0.0626,Formal,5.39
LN106492,19168754,8.21,360,Mumbai Suburbs,2019-12-25,0.058,Informal,7.39
LN106493,8219155,6.64,300,Mumbai Suburbs,2021-03-07,0.053,Formal,5.45
LN106494,7817281,8.8,360,Mumbai Suburbs,2020-02-14,0.0896,Formal,6.67
LN106495,17948452,9.45,300,South Mumbai,2017-11-24,0.099,Informal,5.44
LN106496,1089743,9.02,360,Mumbai Suburbs,2020-11-08,0.0503,Formal,5.08
LN106497,14030787,9.4,180,Mumbai Suburbs,2018-06-13,0.0546,Formal,6.24
LN106498,2955206,7.2,300,South Mumbai,2017-01-15,0.0526,Informal,6.83
LN106499,2138422,9.61,240,South Mumbai,2020-06-07,0.0754,Formal,7.43
LN106500,1758795,7.63,240,South Mumbai,2016-04-30,0.0699,Formal,4.52
LN106501,14397380,6.55,240,Navi Mumbai,2017-03-25,0.0387,Formal,7.07
LN106502,19541904,9.45,180,Navi Mumbai,2017-08-18,0.0561,Informal,5.83
LN106503,18016863,9.8,240,Mumbai Suburbs,2016-11-03,0.0151,Formal,4.38
LN106504,14962313,8.79,300,South Mumbai,2018-05-31,0.0129,Formal,6.78
LN106505,13872874,7.31,240,South Mumbai,2019-10-20,0.0246,Informal,5.16
LN106506,13482384,7.38,300,Navi Mumbai,2019-03-02,0.0525,Formal,7.04
LN106507,14127304,8.13,240,South Mumbai,2019-01-30,0.0783,Informal,4.55
LN106508,13186528,9.64,360,Navi Mumbai,2016-11-25,0.0365,Formal,6.49
LN106509,3942609,7.02,300,Mumbai Suburbs,2016-09-05,0.0562,Formal,5.05
LN106510,11188808,9.39,240,Navi Mumbai,2021-06-20,0.0666,Formal,4.9
LN106511,16901724,7.52,240,Mumbai Suburbs,2017-08-29,0.1061,Formal,4.18
LN106512,2572732,9.33,240,Mumbai Suburbs,2015-07-27,0.0617,Formal,5.69
LN106513,10898445,9.72,300,Mumbai Suburbs,2016-02-01,0.063,Formal,5.37
LN106514,14834629,8,300,Navi Mumbai,2021-08-08,0.0418,Formal,4.22
LN106515,3740855,7.78,240,Navi Mumbai,2022-08-17,0.1151,Formal,4.79
LN106516,10880233,9.31,360,Mumbai Suburbs,2016-04-24,0.0829,Informal,5.71
LN106517,4750222,8.35,300,Mumbai Suburbs,2016-07-17,0.0267,Formal,6.83
LN106518,2380188,8.9,300,Navi Mumbai,2018-09-28,0.1049,Formal,7.25
LN106519,12516163,8.68,360,Navi Mumbai,2019-07-19,0.0815,Formal,5.8
LN106520,8530577,7.04,180,Mumbai Suburbs,2021-12-30,0.067,Formal,5.41
LN106521,8770032,9.46,360,South Mumbai,2021-04-04,0.0798,Informal,7.34
LN106522,12558059,7.19,240,South Mumbai,2016-12-15,0.0941,Informal,7.37
LN106523,3818767,9.76,300,Navi Mumbai,2016-08-05,0.0374,Informal,4.67
LN106524,17508173,7.38,300,South Mumbai,2019-03-19,0.0483,Informal,5.86
LN106525,14920130,9.07,300,South Mumbai,2021-05-25,0.0588,Informal,6.87
LN106526,6864049,7.5,300,South Mumbai,2019-04-18,0.0228,Formal,6.88
LN106527,10850941,7.61,180,Mumbai Suburbs,2018-08-02,0.0819,Formal,6.4
LN106528,9958825,7.59,300,Mumbai Suburbs,2019-03-02,0.0517,Formal,5.65
LN106529,6531052,9.12,300,South Mumbai,2016-12-13,0.0484,Formal,5.41
LN106530,7321001,8.45,180,South Mumbai,2015-05-28,0.0407,Formal,6.82
LN106531,15235345,9.59,240,Mumbai Suburbs,2015-10-15,0.059,Formal,4.79
LN106532,18201406,7.58,240,Navi Mumbai,2021-06-23,0.0647,Formal,5.5
LN106533,4472696,8.92,180,South Mumbai,2021-05-15,0.0899,Formal,5.98
LN106534,3120677,9.14,240,South Mumbai,2015-12-03,0.0907,Formal,6.91
LN106535,11404915,7.03,240,Mumbai Suburbs,2016-08-08,0.026,Formal,5.31
LN106536,8524132,7.9,360,Navi Mumbai,2019-06-21,0.0738,Informal,5.92
LN106537,13350251,8.19,360,Mumbai Suburbs,2017-04-08,0.0969,Formal,4.98
LN106538,19881633,7.74,360,Mumbai Suburbs,2021-01-25,0.0533,Formal,6.93
LN106539,13598645,7.63,180,Navi Mumbai,2015-08-05,0.0549,Formal,6.75
LN106540,18675844,8.9,300,South Mumbai,2018-06-26,0.0481,Informal,6.87
LN106541,4761054,7.26,180,South Mumbai,2019-06-09,0.0761,Informal,4.2
LN106542,3396716,8.98,180,Mumbai Suburbs,2017-08-06,0.0686,Informal,5.7
LN106543,15670472,9.77,180,Navi Mumbai,2015-10-02,0.0894,Formal,4.48
LN106544,11944125,8.48,180,Mumbai Suburbs,2021-01-10,0.0567,Formal,6.36
LN106545,10734257,8.64,360,Navi Mumbai,2017-03-16,0.0978,Informal,5.09
LN106546,3057244,6.74,180,Mumbai Suburbs,2022-10-29,0.0779,Formal,6.71
LN106547,15842498,9.53,360,Mumbai Suburbs,2022-11-16,0.0953,Formal,4.23
LN106548,3707929,7.5,300,South Mumbai,2019-12-24,0.0421,Formal,5.8
LN106549,15240440,8.65,240,South Mumbai,2017-04-12,0.107,Informal,4.43
LN106550,13237052,9.93,360,Mumbai Suburbs,2015-12-09,0.0433,Formal,5.95
LN106551,11563357,8.58,180,South Mumbai,2022-07-20,0.0447,Informal,6.13
LN106552,5272513,9.04,300,South Mumbai,2018-09-04,0.0482,Formal,5.62
LN106553,10012760,8.06,180,Navi Mumbai,2022-02-08,0.045,Informal,4.98
LN106554,11634380,6.71,300,Navi Mumbai,2017-07-28,0.1168,Formal,4.11
LN106555,8738667,9.29,240,South Mumbai,2019-07-13,0.0757,Formal,6.32
LN106556,3304310,6.62,300,Mumbai Suburbs,2015-02-16,0.0749,Formal,7.05
LN106557,1976264,8.95,300,South Mumbai,2018-06-09,0.0033,Formal,6.57
LN106558,13482177,6.58,240,South Mumbai,2022-06-14,0.0986,Formal,7.13
LN106559,13869365,9.52,240,Mumbai Suburbs,2022-07-06,0.0288,Informal,7.25
LN106560,9323880,7.05,300,Mumbai Suburbs,2022-08-27,0.0589,Formal,5.57
LN106561,8299243,8.3,180,South Mumbai,2022-06-22,0.0389,Formal,6.44
LN106562,14703743,8.59,360,Mumbai Suburbs,2022-05-02,0.0672,Formal,5.39
LN106563,4928094,8.1,180,South Mumbai,2020-11-19,0.106,Informal,7.22
LN106564,12354091,7.69,360,Navi Mumbai,2016-04-05,0.0312,Informal,5.97
LN106565,7531423,8.14,240,Mumbai Suburbs,2016-02-26,0.0384,Formal,6.63
LN106566,6185356,7.59,180,Mumbai Suburbs,2019-11-24,0.0642,Informal,4.05
LN106567,3465849,8.03,240,South Mumbai,2019-02-08,0.1071,Formal,6.01
LN106568,3933865,7.76,300,Mumbai Suburbs,2018-11-27,0.0473,Formal,6.6
LN106569,8587145,8.48,300,Mumbai Suburbs,2022-05-14,0.0385,Formal,4.9
LN106570,9970922,7.33,180,Navi Mumbai,2019-06-20,0.0649,Informal,4.05
LN106571,7147454,9.96,240,South Mumbai,2021-12-13,0.0602,Formal,6.6
LN106572,8907288,8.25,180,Navi Mumbai,2016-03-27,0.0293,Formal,5.18
LN106573,13229793,7.18,180,Mumbai Suburbs,2021-06-21,0.0478,Formal,5.5
LN106574,1145693,8.17,360,South Mumbai,2020-06-24,0.001,Formal,5.97
LN106575,2649734,9.53,300,Mumbai Suburbs,2020-04-03,0.0591,Informal,4.39
LN106576,13076798,6.58,180,Mumbai Suburbs,2021-02-19,0.0226,Formal,4.36
LN106577,10299397,8.88,300,Navi Mumbai,2022-07-06,0.1341,Formal,7.36
LN106578,18662837,8.42,360,Mumbai Suburbs,2019-10-27,0.0766,Informal,5.19
LN106579,16244854,7.09,240,Mumbai Suburbs,2020-10-09,0.0676,Formal,4.89
LN106580,13881730,9.36,180,South Mumbai,2021-07-26,0.0758,Informal,4.17
LN106581,18338764,7.79,300,South Mumbai,2018-12-17,0.0453,Informal,4.61
LN106582,14542914,7.53,180,Mumbai Suburbs,2015-05-26,0.0557,Formal,5.51
LN106583,10093432,9.4,240,Mumbai Suburbs,2022-12-11,0.0752,Formal,5.2
LN106584,16276157,8.73,180,Mumbai Suburbs,2016-06-05,0.0307,Formal,5.49
LN106585,11221108,9.64,180,South Mumbai,2016-02-14,0.0805,Formal,6.46
LN106586,5379845,8.7,300,South Mumbai,2018-02-04,0.1232,Informal,6.25
LN106587,8150265,9.09,240,Mumbai Suburbs,2016-12-08,0.0156,Formal,5.73
LN106588,2703728,9.43,360,Navi Mumbai,2022-01-15,0.076,Informal,6.85
LN106589,17247593,6.69,240,Mumbai Suburbs,2022-02-17,0.0354,Informal,7
LN106590,5762315,9.22,240,Mumbai Suburbs,2019-05-26,0.0807,Formal,6.07
LN106591,18245667,8.65,360,Mumbai Suburbs,2022-10-02,0.0702,Informal,4.41
LN106592,12776449,6.74,180,South Mumbai,2015-07-01,0.1164,Informal,5.42
LN106593,18036641,8.28,300,Mumbai Suburbs,2016-05-05,0.111,Informal,6.22
LN106594,15261209,6.79,180,Mumbai Suburbs,2020-04-25,0.0166,Formal,4.22
LN106595,16835732,9.08,180,Navi Mumbai,2016-06-17,0.0829,Formal,4.07
LN106596,8604323,8.41,360,Mumbai Suburbs,2020-03-10,0.0824,Formal,7.32
LN106597,5494893,9.84,360,South Mumbai,2022-10-23,0.0957,Informal,6.56
LN106598,14292075,7.14,180,Mumbai Suburbs,2019-06-16,0.0742,Formal,4.54
LN106599,16920820,8.62,240,Mumbai Suburbs,2016-10-08,0.0779,Formal,5.56
LN106600,10019066,7.24,300,South Mumbai,2016-11-23,0.029,Formal,4.68
LN106601,19745309,8.65,240,Navi Mumbai,2015-08-03,0.0727,Formal,4.04
LN106602,3444913,9.03,180,Navi Mumbai,2020-03-31,0.0535,Formal,5.37
LN106603,7504938,9.03,180,Mumbai Suburbs,2020-02-16,0.0805,Informal,6.27
LN106604,8131390,9.35,300,Mumbai Suburbs,2015-06-28,0.0572,Informal,7.34
LN106605,4787132,9.49,240,Mumbai Suburbs,2018-02-25,0.0734,Formal,6.69
LN106606,1081171,6.77,180,Mumbai Suburbs,2022-10-10,0.0785,Formal,4.81
LN106607,19960664,7.7,180,South Mumbai,2022-10-21,0.079,Formal,5.18
LN106608,2189138,8.9,360,South Mumbai,2022-02-13,0.0377,Informal,5.82
LN106609,3249476,8.25,300,South Mumbai,2017-01-26,0.1326,Informal,4.67
LN106610,15921599,7.17,360,Mumbai Suburbs,2017-02-08,0.0676,Informal,6.92
LN106611,14963591,8.43,360,Mumbai Suburbs,2019-01-14,0.079,Formal,4.59
LN106612,10840850,7.93,360,Mumbai Suburbs,2020-04-14,0.0618,Formal,5.01
LN106613,4463894,7.87,180,Mumbai Suburbs,2016-12-14,0.0268,Formal,6.02
LN106614,1783258,9.33,240,Mumbai Suburbs,2020-06-15,0.0835,Informal,4.43
LN106615,19674215,7.93,360,Mumbai Suburbs,2015-01-30,0.0681,Formal,6.19
LN106616,3852889,6.59,240,Mumbai Suburbs,2019-08-25,0.0867,Formal,7.3
LN106617,10749181,6.7,180,Mumbai Suburbs,2019-08-17,0.0401,Informal,6.42
LN106618,8371858,9.5,360,Mumbai Suburbs,2022-06-07,0.05,Informal,6.84
LN106619,11266495,9.86,180,Navi Mumbai,2020-06-24,0.068,Formal,5.53
LN106620,19538417,8.91,360,Mumbai Suburbs,2021-01-11,0.0614,Informal,5.28
LN106621,3337180,7.78,360,South Mumbai,2020-12-22,0.0514,Formal,5.15
LN106622,4485862,9.79,180,Navi Mumbai,2018-04-19,0.0681,Formal,6.31
LN106623,19177723,8.82,300,Mumbai Suburbs,2016-11-22,0.1029,Formal,5.81
LN106624,13792036,9.46,300,South Mumbai,2019-06-14,0.0737,Informal,5.65
LN106625,16310432,9.18,240,South Mumbai,2021-01-11,0.0952,Formal,4.35
LN106626,3757398,7.83,240,Mumbai Suburbs,2016-04-07,0.055,Formal,6.36
LN106627,1388742,8.18,180,Mumbai Suburbs,2017-04-25,0.0616,Formal,6.54
LN106628,11710553,7.15,180,Mumbai Suburbs,2017-11-27,0.0673,Informal,4.69
LN106629,1676935,7.52,180,South Mumbai,2020-04-11,0.0467,Formal,6.66
LN106630,11073732,9.22,300,Mumbai Suburbs,2019-11-25,0.0675,Informal,7.08
LN106631,12511913,9.63,300,South Mumbai,2019-05-06,0.107,Informal,4.61
LN106632,14015771,9.04,360,South Mumbai,2022-04-23,0.1123,Formal,5.58
LN106633,8793604,8.13,360,Mumbai Suburbs,2015-06-06,0.1013,Informal,7.07
LN106634,1401072,6.8,180,Mumbai Suburbs,2019-12-27,0.0692,Formal,5.71
LN106635,7722841,6.7,180,Mumbai Suburbs,2016-04-12,0.0384,Informal,6.85
LN106636,17674948,7.81,240,Navi Mumbai,2022-10-16,0.1334,Formal,4.76
LN106637,3095637,8.12,300,South Mumbai,2016-05-28,0.0446,Formal,4.22
LN106638,10344618,8.63,180,South Mumbai,2021-07-14,0.1057,Formal,4.21
LN106639,12909910,6.52,300,South Mumbai,2015-09-17,0.071,Formal,7.4
LN106640,16140586,9.96,180,Mumbai Suburbs,2022-05-21,0.029,Formal,4.58
LN106641,5859633,7.77,360,Mumbai Suburbs,2015-04-11,0.0155,Formal,7.03
LN106642,5468852,9.47,180,Mumbai Suburbs,2019-11-18,0.1017,Formal,5.11
LN106643,8742237,8.37,360,Mumbai Suburbs,2017-05-08,0.0428,Formal,4.14
LN106644,15850598,6.96,240,Mumbai Suburbs,2017-05-15,0.0222,Informal,4.84
LN106645,16552153,9.29,240,Mumbai Suburbs,2018-02-28,0.0519,Formal,5.77
LN106646,18196719,8.98,240,Mumbai Suburbs,2019-10-20,0.0598,Informal,4.37
LN106647,7488000,8.35,180,Mumbai Suburbs,2021-10-01,0.0711,Formal,7.23
LN106648,15395813,8.3,240,South Mumbai,2016-11-18,0.0696,Formal,7.15
LN106649,9318849,6.81,180,Mumbai Suburbs,2020-10-31,0.038,Formal,4.52
LN106650,12568496,8.8,300,Mumbai Suburbs,2018-07-28,0.06,Formal,6.58
LN106651,8608965,9.69,360,South Mumbai,2020-02-12,0.1115,Formal,5.61
LN106652,17935469,6.83,300,Mumbai Suburbs,2018-11-30,0.0284,Informal,7.44
LN106653,4211369,7.42,180,Navi Mumbai,2022-11-07,0.0741,Formal,4.19
LN106654,2659537,9.66,240,South Mumbai,2019-01-09,0.0284,Formal,5.65
LN106655,2279898,7.5,360,South Mumbai,2015-03-13,0.0477,Informal,5
LN106656,3364840,8.79,240,Mumbai Suburbs,2022-10-06,0.094,Formal,6.54
LN106657,1771143,8.37,300,Mumbai Suburbs,2021-09-25,0,Formal,4.39
LN106658,7697947,8.59,180,South Mumbai,2020-11-14,0.1229,Formal,6.2
LN106659,16267600,7.96,360,Navi Mumbai,2021-10-25,0.0212,Formal,7.32
LN106660,13879606,7.55,360,Mumbai Suburbs,2016-07-28,0,Formal,5.59
LN106661,16595420,6.67,180,Navi Mumbai,2018-09-21,0.0606,Informal,5.59
LN106662,2461433,9.1,180,Mumbai Suburbs,2019-01-10,0.0471,Formal,5.73
LN106663,4348549,9.11,360,Navi Mumbai,2016-06-28,0.0414,Formal,5.45
LN106664,16460301,8.85,300,Mumbai Suburbs,2016-04-23,0.0792,Formal,5.57
LN106665,10714933,8.75,300,South Mumbai,2019-11-19,0.0322,Formal,5.62
LN106666,11536473,7.35,240,Navi Mumbai,2021-07-04,0.0771,Formal,7.49
LN106667,8753638,6.58,360,South Mumbai,2021-06-19,0.0848,Formal,4.41
LN106668,19354061,9.33,180,Navi Mumbai,2015-08-17,0.0188,Informal,5
LN106669,17655637,8.22,180,Mumbai Suburbs,2015-05-02,0.0908,Informal,4.74
LN106670,1988722,7.57,180,Navi Mumbai,2016-04-07,0.0832,Formal,5.9
LN106671,19814614,6.86,180,Mumbai Suburbs,2021-12-25,0.1066,Formal,4.01
LN106672,15533551,6.72,360,Mumbai Suburbs,2015-10-15,0.0602,Informal,7.22
LN106673,4527110,7.72,300,South Mumbai,2015-05-05,0.035,Informal,5.86
LN106674,5289639,9.32,240,Mumbai Suburbs,2019-02-27,0.0976,Formal,7.14
LN106675,2065560,9.72,300,Mumbai Suburbs,2016-03-18,0.0615,Formal,5.21
LN106676,7707432,9.64,240,Mumbai Suburbs,2022-09-23,0.1147,Formal,4.52
LN106677,9349065,9.72,180,South Mumbai,2021-12-09,0.0813,Formal,4.67
LN106678,8389434,9.68,180,Mumbai Suburbs,2021-04-13,0.0592,Formal,5.65
LN106679,17868872,8.35,360,Mumbai Suburbs,2022-06-18,0.0336,Informal,4.14
LN106680,3162766,7.27,180,South Mumbai,2017-12-13,0.0569,Formal,6.74
LN106681,1353153,9.29,360,Mumbai Suburbs,2016-09-03,0.0881,Formal,6.77
LN106682,7724504,7.25,360,Navi Mumbai,2015-01-11,0.0148,Formal,6.46
LN106683,17720097,7.44,360,Mumbai Suburbs,2017-05-26,0.0478,Formal,7.14
LN106684,13518585,7.32,180,Mumbai Suburbs,2016-05-05,0.0116,Formal,5.92
LN106685,1987938,8.3,180,Navi Mumbai,2017-04-07,0.0288,Informal,5.68
LN106686,8074533,7.63,300,South Mumbai,2015-06-08,0.0417,Formal,5.85
LN106687,1862839,7.04,240,Mumbai Suburbs,2022-04-03,0.0519,Informal,4.64
LN106688,16474106,8.09,300,Mumbai Suburbs,2022-03-13,0.0706,Formal,5.79
LN106689,11070853,9.56,180,Mumbai Suburbs,2017-11-11,0.0811,Formal,5.9
LN106690,18841583,8.5,240,Mumbai Suburbs,2019-09-01,0.1015,Informal,6.68
LN106691,18012114,9.57,360,Mumbai Suburbs,2015-06-18,0.1081,Formal,5.22
LN106692,1461122,7.19,240,South Mumbai,2022-08-28,0.0956,Informal,4.32
LN106693,1675025,7.08,360,Mumbai Suburbs,2020-12-10,0.0486,Formal,6.09
LN106694,8536968,8.51,180,Mumbai Suburbs,2021-05-11,0.067,Formal,6.76
LN106695,13498291,8.12,240,South Mumbai,2017-01-03,0.0431,Formal,7.39
LN106696,6477835,8.81,360,South Mumbai,2017-08-29,0.0675,Informal,4.32
LN106697,16250242,9.28,300,Navi Mumbai,2018-03-30,0.0552,Informal,6.61
LN106698,15031498,9.13,300,Mumbai Suburbs,2022-09-23,0.0257,Formal,6.09
LN106699,2605752,9.8,360,Mumbai Suburbs,2015-11-14,0.1036,Formal,4.05
LN106700,14153731,7.89,300,Navi Mumbai,2015-06-16,0.1112,Formal,6.51
LN106701,15533572,7.22,300,Mumbai Suburbs,2017-12-23,0.0373,Informal,4.09
LN106702,18584256,8.43,240,Navi Mumbai,2020-10-15,0.0756,Formal,6.75
LN106703,7634586,6.89,300,Navi Mumbai,2019-09-16,0.0386,Formal,6.52
LN106704,8920337,7.51,240,Mumbai Suburbs,2018-03-15,0.0576,Formal,6.41
LN106705,3154828,7.23,180,Mumbai Suburbs,2022-09-07,0.0441,Formal,4.42
LN106706,6778728,7.89,300,Mumbai Suburbs,2015-07-28,0.0412,Informal,7.22
LN106707,12981953,6.89,180,Navi Mumbai,2021-01-10,0.0657,Formal,7.15
LN106708,6293348,6.61,300,Mumbai Suburbs,2019-11-22,0.0055,Formal,7.15
LN106709,3784975,8.8,360,South Mumbai,2019-07-22,0.0443,Formal,5.26
LN106710,16629231,8.64,360,South Mumbai,2022-07-05,0.15,Formal,5.72
LN106711,9371223,8.98,180,South Mumbai,2017-02-09,0.0138,Formal,4.4
LN106712,9840597,8.81,180,Navi Mumbai,2022-09-02,0.0486,Informal,4.18
LN106713,17347274,6.9,180,Navi Mumbai,2022-04-17,0.0686,Informal,4.21
LN106714,16724345,7.52,360,Mumbai Suburbs,2017-08-14,0.0546,Formal,5.99
LN106715,5912301,6.95,180,Mumbai Suburbs,2019-02-15,0.0371,Formal,5.12
LN106716,9126492,9.45,360,Navi Mumbai,2021-04-26,0.089,Formal,6.03
LN106717,11533359,9.11,180,Mumbai Suburbs,2021-02-16,0.0645,Informal,6.07
LN106718,1148469,7.21,240,South Mumbai,2016-03-09,0.0413,Formal,7.17
LN106719,11726030,7.69,240,Mumbai Suburbs,2015-11-03,0.0857,Formal,7.09
LN106720,16774046,9.88,300,Navi Mumbai,2020-11-16,0.0442,Formal,6.52
LN106721,14699048,8.58,240,Mumbai Suburbs,2016-12-15,0.0338,Informal,6.86
LN106722,18293610,9.3,180,Mumbai Suburbs,2019-04-30,0.0776,Formal,4.01
LN106723,19868041,7.43,240,South Mumbai,2021-09-18,0.0208,Informal,4.05
LN106724,9908720,7.24,240,Mumbai Suburbs,2019-06-20,0.1127,Formal,5.61
LN106725,12092722,9.24,180,Navi Mumbai,2019-12-13,0.1055,Informal,6.29
LN106726,12035393,8.9,240,Mumbai Suburbs,2018-04-11,0.0764,Formal,6.78
LN106727,14880983,8.88,180,Mumbai Suburbs,2015-05-15,0.0425,Formal,5.57
LN106728,3418853,8.43,240,South Mumbai,2021-03-17,0.028,Formal,7.29
LN106729,8249127,8.47,180,Navi Mumbai,2021-12-16,0,Formal,6.85
LN106730,16885852,9.07,360,South Mumbai,2016-05-23,0.1085,Formal,4.36
LN106731,15673090,7.45,360,South Mumbai,2019-09-08,0.0309,Formal,5.54
LN106732,8197177,7.73,300,Navi Mumbai,2018-12-31,0.0706,Informal,7.48
LN106733,5384077,9.55,240,Navi Mumbai,2015-08-11,0.066,Informal,5.43
LN106734,2129775,7.58,300,Mumbai Suburbs,2018-09-08,0.0098,Formal,5.35
LN106735,19974132,8.41,180,Mumbai Suburbs,2018-07-08,0.0419,Formal,5.03
LN106736,2170933,8.96,360,Mumbai Suburbs,2019-04-11,0.026,Formal,5.7
LN106737,19168665,10,180,South Mumbai,2016-08-26,0.0838,Informal,6.55
LN106738,3518929,8.02,300,South Mumbai,2021-10-18,0.0851,Informal,4.17
LN106739,7604168,8,180,Mumbai Suburbs,2016-04-21,0.0527,Formal,6.93
LN106740,18636950,9.45,180,South Mumbai,2018-06-11,0.0347,Informal,7.21
LN106741,6207188,9.32,180,Navi Mumbai,2019-06-28,0.0656,Formal,6.73
LN106742,9242580,9.06,180,South Mumbai,2017-10-21,0.0932,Formal,7.2
LN106743,2872154,8.12,360,Mumbai Suburbs,2017-06-11,0.0156,Formal,4.33
LN106744,8904617,7.63,180,Mumbai Suburbs,2016-11-20,0.1234,Formal,5.58
LN106745,1913605,8.63,180,Mumbai Suburbs,2017-05-02,0.0527,Formal,4.25
LN106746,11929691,9.57,360,Mumbai Suburbs,2019-03-21,0.0564,Formal,6.93
LN106747,3032656,9.59,180,Navi Mumbai,2018-07-17,0.1081,Formal,7.33
LN106748,7490750,6.88,180,Mumbai Suburbs,2022-07-20,0.0583,Informal,5.04
LN106749,8221626,8,300,Mumbai Suburbs,2017-03-22,0.0568,Formal,5.87
LN106750,7353575,8.13,360,Mumbai Suburbs,2017-05-13,0.0326,Formal,5.04
LN106751,6198054,9.92,240,South Mumbai,2019-10-03,0.0427,Informal,5.33
LN106752,10656011,8.87,180,Mumbai Suburbs,2021-07-20,0.0388,Informal,5.67
LN106753,13732717,7.93,300,Mumbai Suburbs,2022-12-24,0.007,Formal,6.77
LN106754,2854165,6.59,360,Navi Mumbai,2015-05-24,0,Formal,4.51
LN106755,1377224,8.48,180,Navi Mumbai,2018-02-22,0.0531,Formal,4.55
LN106756,15500948,6.84,240,South Mumbai,2020-11-01,0.0186,Informal,4.71
LN106757,14767748,9.42,180,South Mumbai,2016-06-06,0.0796,Formal,4.19
LN106758,13821090,9.13,300,South Mumbai,2022-06-20,0.0534,Informal,6.25
LN106759,7321136,8.11,360,Navi Mumbai,2017-05-22,0.0121,Formal,4.66
LN106760,9623041,8,300,South Mumbai,2017-10-18,0.1057,Formal,5.53
LN106761,18141662,9.64,360,Mumbai Suburbs,2020-03-26,0.0472,Formal,6.4
LN106762,1448934,7.51,240,Mumbai Suburbs,2017-12-12,0.0755,Formal,5.57
LN106763,6242029,7.37,180,Mumbai Suburbs,2016-04-25,0.1093,Formal,7.17
LN106764,6772964,9.79,300,South Mumbai,2020-06-02,0.059,Formal,6.69
LN106765,12296266,9.33,240,South Mumbai,2020-06-12,0.0604,Informal,4.96
LN106766,11466646,9.37,240,Mumbai Suburbs,2019-08-09,0.1031,Informal,4.46
LN106767,19719336,7.18,180,South Mumbai,2021-04-10,0.0512,Formal,7.13
LN106768,12078370,7,300,South Mumbai,2016-10-21,0.0922,Informal,5.39
LN106769,12328513,6.59,180,South Mumbai,2019-08-22,0.0578,Informal,5.34
LN106770,9094566,7.33,180,Mumbai Suburbs,2018-10-13,0.0651,Formal,6.84
LN106771,11071572,9.21,360,Mumbai Suburbs,2020-12-29,0.0647,Formal,4.03
LN106772,1821939,7.34,360,South Mumbai,2019-03-19,0.0489,Formal,5.58
LN106773,13682156,9.05,180,Mumbai Suburbs,2020-05-29,0.044,Formal,6.5
LN106774,12891731,7.38,360,South Mumbai,2020-08-15,0.0404,Formal,6.97
LN106775,9163365,7.88,300,Mumbai Suburbs,2018-12-31,0.0211,Formal,7.1
LN106776,15041747,9.94,360,South Mumbai,2015-08-18,0.0466,Formal,5.63
LN106777,3500120,7.36,240,Mumbai Suburbs,2016-07-08,0.052,Formal,6.97
LN106778,14831553,7.82,180,South Mumbai,2017-12-14,0.0722,Formal,4.13
LN106779,4932613,7.55,180,Navi Mumbai,2015-11-27,0.0572,Informal,5.07
LN106780,14444776,6.88,300,South Mumbai,2022-12-02,0.0923,Formal,4.04
LN106781,5055032,8.21,180,Navi Mumbai,2015-02-15,0.091,Formal,4.58
LN106782,3196274,7.83,360,Navi Mumbai,2019-07-23,0.1004,Formal,6.54
LN106783,3429700,8.93,240,Mumbai Suburbs,2022-05-28,0.0539,Informal,4.02
LN106784,10010066,9.36,180,Navi Mumbai,2016-04-25,0.0447,Formal,5.83
LN106785,17068491,8.4,360,South Mumbai,2021-01-08,0.019,Formal,5.45
LN106786,5096920,6.61,240,South Mumbai,2015-12-21,0.0993,Formal,4.43
LN106787,7015346,8.67,180,South Mumbai,2022-05-06,0.0254,Formal,6.4
LN106788,11462498,6.69,180,South Mumbai,2022-11-07,0.033,Formal,6.43
LN106789,12770187,8.66,180,Mumbai Suburbs,2021-08-09,0.0668,Informal,6.54
LN106790,12106564,8.9,240,Mumbai Suburbs,2018-01-18,0.0507,Formal,6.68
LN106791,8872277,7.19,180,South Mumbai,2020-03-03,0.1034,Formal,5.1
LN106792,3604902,9.37,180,Mumbai Suburbs,2022-06-09,0.037,Formal,7.48
LN106793,14739212,9.69,360,South Mumbai,2020-05-14,0.0609,Formal,4.26
LN106794,1398008,9.35,360,Mumbai Suburbs,2021-09-02,0.0044,Formal,6.27
LN106795,10712565,7.57,360,Navi Mumbai,2020-07-23,0.097,Informal,7.4
LN106796,11242868,8.55,360,Mumbai Suburbs,2018-10-23,0.0097,Formal,4.79
LN106797,9029598,9.7,180,Mumbai Suburbs,2016-11-23,0.1346,Formal,4.97
LN106798,15643268,7.62,240,Mumbai Suburbs,2018-10-25,0.0565,Formal,6.02
LN106799,8867863,9.37,180,Mumbai Suburbs,2021-08-03,0.0514,Formal,6.73
LN106800,3796647,6.53,300,South Mumbai,2015-11-17,0.0591,Informal,5.15
LN106801,15927605,6.51,240,Navi Mumbai,2019-07-21,0.0278,Formal,6.93
LN106802,1174001,9.16,300,Mumbai Suburbs,2016-08-08,0.0797,Informal,4.84
LN106803,11803215,9.17,180,Mumbai Suburbs,2021-10-09,0.0477,Formal,7.06
LN106804,16185393,9.26,240,Navi Mumbai,2017-07-01,0.0506,Formal,4.89
LN106805,13295027,9.76,240,Navi Mumbai,2020-04-04,0.0986,Informal,6.16
LN106806,17843083,6.91,360,Mumbai Suburbs,2016-11-16,0.0084,Formal,5.25
LN106807,1088780,7.31,180,South Mumbai,2017-12-04,0.0541,Formal,5.13
LN106808,8397228,9.66,300,Mumbai Suburbs,2020-02-15,0.0567,Informal,5.24
LN106809,3695145,7.12,240,Mumbai Suburbs,2017-10-08,0.0641,Formal,5.75
LN106810,10262680,8.89,240,Mumbai Suburbs,2020-06-26,0.0433,Formal,6.96
LN106811,15956799,8.36,360,South Mumbai,2018-04-10,0.0504,Informal,6.66
LN106812,5084591,6.79,240,Mumbai Suburbs,2017-12-16,0.1155,Formal,5.57
LN106813,10407659,7.5,360,Mumbai Suburbs,2016-07-15,0.075,Formal,4.99
LN106814,17761480,8.32,240,South Mumbai,2017-09-20,0.0366,Formal,6.99
LN106815,2414119,9.48,240,Navi Mumbai,2022-08-12,0.0796,Informal,7.05
LN106816,6354993,8.98,180,South Mumbai,2022-02-12,0.0614,Formal,5.59
LN106817,2268182,8.68,240,South Mumbai,2017-08-19,0.0823,Formal,6.44
LN106818,7194702,8.24,360,Mumbai Suburbs,2022-05-23,0.0539,Informal,5.29
LN106819,13414960,7.55,360,Navi Mumbai,2019-06-04,0.0358,Informal,4.52
LN106820,4120452,6.92,360,Navi Mumbai,2019-12-03,0.0099,Formal,5.13
LN106821,6615829,7.93,300,Mumbai Suburbs,2020-06-19,0.0946,Formal,6.39
LN106822,12694248,6.6,240,South Mumbai,2015-09-12,0.0805,Informal,6.69
LN106823,8738672,7.24,180,Navi Mumbai,2015-02-28,0.0707,Formal,6.98
LN106824,10851025,8.01,180,Navi Mumbai,2021-09-16,0.0795,Formal,4.06
LN106825,17413187,7.97,300,South Mumbai,2020-11-04,0.0971,Formal,5.7
LN106826,10064507,6.66,240,Mumbai Suburbs,2018-01-10,0.0095,Informal,4.96
LN106827,1318774,8.56,360,Mumbai Suburbs,2021-04-08,0.0625,Formal,6.39
LN106828,1611868,8.42,300,Mumbai Suburbs,2020-11-26,0.0057,Informal,4.86
LN106829,5533910,6.77,300,Navi Mumbai,2019-06-16,0.0482,Formal,5.98
LN106830,7929140,9.8,360,South Mumbai,2019-07-26,0.0699,Formal,6.49
LN106831,19184973,6.85,300,Mumbai Suburbs,2021-04-05,0.0494,Informal,6.7
LN106832,14726798,9.49,300,South Mumbai,2020-08-03,0.1129,Formal,4.94
LN106833,4456800,6.5,360,Mumbai Suburbs,2015-04-18,0.0513,Formal,4.31
LN106834,10127064,9.59,240,Mumbai Suburbs,2015-10-26,0.0369,Informal,4.77
LN106835,18915668,6.57,180,South Mumbai,2019-09-13,0.061,Formal,6.1
LN106836,10071594,9.15,180,Mumbai Suburbs,2019-09-09,0.0289,Formal,4.14
LN106837,16313683,7.77,360,Navi Mumbai,2016-08-27,0.0337,Formal,4.56
LN106838,4415398,9.08,360,Mumbai Suburbs,2021-10-14,0.0881,Formal,7.48
LN106839,14539916,7.91,240,Mumbai Suburbs,2018-02-28,0.0897,Formal,5.34
LN106840,4344849,6.75,300,South Mumbai,2017-07-03,0.0647,Formal,5.74
LN106841,12483581,9.19,240,Mumbai Suburbs,2016-03-11,0.0783,Informal,4.04
LN106842,14035245,6.75,300,Mumbai Suburbs,2019-06-20,0.1227,Formal,6.07
LN106843,4201824,9.73,300,Navi Mumbai,2020-07-25,0.0582,Informal,5.14
LN106844,17391910,6.68,240,South Mumbai,2020-10-04,0.034,Informal,5.86
LN106845,9438856,8.18,360,Mumbai Suburbs,2017-02-28,0.0761,Informal,5.84
LN106846,11565648,9.03,360,South Mumbai,2017-05-10,0.0851,Formal,7.39
LN106847,16934994,7.88,240,South Mumbai,2021-07-11,0.088,Formal,4.94
LN106848,18017562,7.26,300,Mumbai Suburbs,2021-10-03,0.0943,Formal,6
LN106849,10007429,9.16,300,South Mumbai,2021-03-09,0.0898,Formal,5.34
LN106850,13934775,9.25,300,South Mumbai,2017-03-23,0.0756,Formal,5.48
LN106851,10052772,9.73,300,Mumbai Suburbs,2018-01-31,0.0791,Informal,4.19
LN106852,19573857,7.82,240,Mumbai Suburbs,2017-07-08,0.0723,Formal,6.41
LN106853,12826072,8.27,180,Mumbai Suburbs,2015-12-04,0.0123,Informal,4.68
LN106854,8594825,7.77,360,Mumbai Suburbs,2022-06-12,0.0084,Formal,5.64
LN106855,18045332,7.4,360,Mumbai Suburbs,2018-04-19,0.0284,Formal,5.52
LN106856,2770330,9.13,180,Mumbai Suburbs,2018-02-17,0.0846,Formal,5.64
LN106857,9753373,7.69,300,South Mumbai,2016-08-22,0.0469,Formal,5.31
LN106858,11308990,8,180,Mumbai Suburbs,2017-10-27,0.0641,Informal,4.85
LN106859,17790095,7.91,180,South Mumbai,2022-06-30,0.1069,Informal,5.57
LN106860,9946694,8.99,180,Navi Mumbai,2017-03-04,0.0925,Formal,4.16
LN106861,13166415,9.71,360,Mumbai Suburbs,2021-02-10,0,Informal,4.85
LN106862,10920226,8.83,360,South Mumbai,2022-09-16,0.0819,Formal,6.75
LN106863,6580815,8.15,180,Mumbai Suburbs,2020-08-19,0.0617,Formal,6.95
LN106864,17689149,9.23,180,Navi Mumbai,2020-03-11,0.0403,Formal,6.5
LN106865,7949666,8.74,180,South Mumbai,2017-06-20,0.0502,Informal,6.21
LN106866,9548080,6.71,300,South Mumbai,2015-01-14,0.0506,Formal,6.84
LN106867,3091028,6.83,300,Navi Mumbai,2018-03-28,0.0207,Formal,4.45
LN106868,3727850,6.63,300,South Mumbai,2016-11-24,0.0673,Formal,5.84
LN106869,11086627,8.1,360,South Mumbai,2021-02-11,0.1253,Informal,4.41
LN106870,2779472,9.39,240,Mumbai Suburbs,2018-11-24,0.0905,Informal,6.72
LN106871,6495592,7.6,180,Mumbai Suburbs,2015-01-11,0,Formal,5.82
LN106872,11786074,7.84,180,Mumbai Suburbs,2022-07-11,0.0687,Informal,6.84
LN106873,8334291,9.68,240,Mumbai Suburbs,2015-04-22,0.0687,Formal,6.8
LN106874,13297281,9.43,180,Navi Mumbai,2019-11-17,0.0302,Formal,5.63
LN106875,14679525,8.83,300,Mumbai Suburbs,2020-10-09,0.0237,Formal,5.74
LN106876,11426309,7.43,300,Navi Mumbai,2016-02-23,0.0869,Formal,4.1
LN106877,13006368,6.91,240,Mumbai Suburbs,2022-07-20,0.0631,Formal,5.83
LN106878,18260086,6.56,300,South Mumbai,2015-11-26,0.0457,Formal,6.37
LN106879,6313280,6.87,240,Navi Mumbai,2022-05-21,0.0781,Informal,4.82
LN106880,8963845,7.52,300,South Mumbai,2019-09-22,0.1235,Formal,7.45
LN106881,13946220,8.43,180,Mumbai Suburbs,2016-07-15,0.0677,Formal,7.41
LN106882,8184620,6.72,360,South Mumbai,2022-05-03,0.0687,Formal,4.99
LN106883,5209689,6.98,300,Mumbai Suburbs,2015-10-05,0.0594,Formal,6.5
LN106884,13386189,7.13,240,Navi Mumbai,2018-09-24,0.0482,Informal,4.11
LN106885,16628793,8.71,360,Mumbai Suburbs,2018-12-26,0.0846,Formal,6.33
LN106886,17649926,8.66,180,South Mumbai,2021-04-10,0.0542,Informal,6.18
LN106887,5152109,8.43,360,South Mumbai,2019-12-28,0.075,Formal,6.88
LN106888,3605822,7.38,240,Mumbai Suburbs,2019-07-29,0.105,Formal,5.07
LN106889,17894585,7.8,180,South Mumbai,2020-11-24,0.0823,Formal,7.07
LN106890,7380858,6.84,180,Mumbai Suburbs,2017-01-10,0.0218,Formal,7
LN106891,3350876,7.29,300,Mumbai Suburbs,2015-02-13,0.02,Formal,6.34
LN106892,8031401,9.64,360,Mumbai Suburbs,2018-10-17,0.0976,Formal,5.65
LN106893,9169183,9.93,300,Mumbai Suburbs,2015-08-15,0.0566,Formal,6.16
LN106894,16384461,8.77,180,Mumbai Suburbs,2021-04-05,0.0678,Informal,6.55
LN106895,4619047,9.71,300,South Mumbai,2015-01-11,0.0362,Informal,7.41
LN106896,17378623,8.75,300,Mumbai Suburbs,2015-02-22,0.0785,Formal,4.43
LN106897,3867695,6.62,240,Navi Mumbai,2016-02-11,0.1166,Formal,5.1
LN106898,2650522,9.99,300,South Mumbai,2018-09-22,0.0645,Formal,6.73
LN106899,6408792,6.85,180,South Mumbai,2020-09-09,0.0794,Formal,5.43
LN106900,6242042,8.89,300,Mumbai Suburbs,2019-07-19,0.0974,Informal,6.35
LN106901,7060319,7.38,180,South Mumbai,2020-09-07,0.1104,Formal,4.47
LN106902,15605939,7.87,180,South Mumbai,2021-04-18,0.0396,Formal,6.48
LN106903,10555821,8.76,240,Mumbai Suburbs,2018-06-03,0.0724,Formal,6.36
LN106904,18684369,8.03,180,South Mumbai,2018-03-30,0.0983,Informal,6.05
LN106905,3714660,7.38,180,South Mumbai,2016-12-08,0.1066,Formal,6.68
LN106906,6824648,7.67,240,Navi Mumbai,2021-03-10,0.0473,Informal,7.08
LN106907,12389435,7.7,180,South Mumbai,2016-11-08,0.0399,Formal,6.9
LN106908,2923298,9.86,240,Navi Mumbai,2022-05-18,0.0554,Informal,4.45
LN106909,9910005,9.3,360,South Mumbai,2021-11-30,0.0504,Informal,6.61
LN106910,1792425,8.1,360,Navi Mumbai,2016-12-12,0.0516,Informal,5.57
LN106911,19343988,7.2,360,Mumbai Suburbs,2015-01-26,0.0724,Formal,5.17
LN106912,4001179,9.34,180,South Mumbai,2018-01-24,0.0438,Formal,7.08
LN106913,17829282,7.05,300,Mumbai Suburbs,2015-10-04,0.1068,Informal,5.96
LN106914,3471146,7.24,240,Navi Mumbai,2020-06-21,0.0479,Informal,5.75
LN106915,6259018,7.78,360,South Mumbai,2018-01-08,0.042,Formal,6.75
LN106916,6514214,9.58,240,Mumbai Suburbs,2018-04-28,0.0249,Formal,5.94
LN106917,9218723,6.96,360,Mumbai Suburbs,2021-05-13,0.0977,Formal,7
LN106918,5183005,6.93,360,Mumbai Suburbs,2017-10-30,0.0212,Formal,4.36
LN106919,14709910,8.23,180,Mumbai Suburbs,2018-05-08,0.0737,Formal,6.72
LN106920,13140939,7.47,240,South Mumbai,2021-08-27,0.0808,Formal,4.57
LN106921,10399822,8.49,180,South Mumbai,2017-12-06,0,Formal,4.79
LN106922,15709150,8.08,240,Mumbai Suburbs,2022-09-14,0.0207,Formal,4.63
LN106923,13469162,8.02,240,Navi Mumbai,2016-08-06,0.0487,Informal,4.83
LN106924,5171364,6.89,300,Mumbai Suburbs,2021-02-18,0.1168,Informal,6.56
LN106925,3573937,6.99,360,Mumbai Suburbs,2020-10-03,0.0487,Formal,6.29
LN106926,5197739,9.37,180,South Mumbai,2016-03-23,0.0449,Informal,4.8
LN106927,11325121,9.6,300,Mumbai Suburbs,2015-08-06,0.0375,Informal,4.95
LN106928,15471251,7.32,240,Mumbai Suburbs,2020-12-20,0.037,Formal,4.35
LN106929,4305742,6.9,360,Mumbai Suburbs,2022-10-10,0.0409,Formal,5.45
LN106930,19248067,6.69,180,Navi Mumbai,2015-01-22,0.0398,Formal,5.33
LN106931,18490133,8.63,300,South Mumbai,2016-05-04,0.0386,Informal,4.51
LN106932,16055665,9,240,South Mumbai,2017-03-20,0.0385,Formal,6.92
LN106933,12324581,7.8,300,Navi Mumbai,2015-03-01,0.0486,Formal,6.98
LN106934,7859634,8.88,240,South Mumbai,2020-07-18,0.0885,Informal,4.38
LN106935,12045787,9,240,Mumbai Suburbs,2016-07-27,0.0264,Formal,4.93
LN106936,10840119,9.77,360,Mumbai Suburbs,2020-10-15,0.0406,Formal,6.58
LN106937,5007324,6.73,180,Mumbai Suburbs,2019-04-12,0.0444,Informal,7.04
LN106938,4515530,7.17,360,South Mumbai,2019-05-14,0.06,Formal,4.25
LN106939,9203492,6.74,180,South Mumbai,2016-05-21,0.0371,Formal,7.16
LN106940,18418678,9.54,180,Mumbai Suburbs,2019-04-11,0.1223,Informal,4.22
LN106941,7437885,9.27,240,South Mumbai,2015-01-31,0.0775,Formal,6.22
LN106942,18321869,8.51,300,Mumbai Suburbs,2017-11-03,0.0892,Formal,4.08
LN106943,13884085,6.79,180,Mumbai Suburbs,2020-01-27,0.0672,Formal,7.25
LN106944,1393186,7.46,180,Mumbai Suburbs,2021-07-16,0.1021,Formal,5.24
LN106945,6972872,7.54,180,Mumbai Suburbs,2021-12-17,0.0257,Formal,6.27
LN106946,4755490,8.46,180,Navi Mumbai,2022-04-07,0.0433,Formal,4.65
LN106947,13923274,7.4,240,Mumbai Suburbs,2017-10-14,0.0355,Formal,5.12
LN106948,8071422,6.76,360,Mumbai Suburbs,2019-03-16,0.0549,Informal,6.62
LN106949,4304299,9.06,300,Navi Mumbai,2019-11-02,0.1075,Formal,7.41
LN106950,5959691,7.55,240,Mumbai Suburbs,2021-03-02,0.126,Formal,7.47
LN106951,7532930,8.08,240,Navi Mumbai,2016-11-06,0.0886,Formal,6.83
LN106952,15808756,6.95,240,South Mumbai,2015-01-31,0.0571,Formal,6.97
LN106953,2750093,9.31,180,Navi Mumbai,2017-02-07,0.0936,Informal,7.39
LN106954,2220682,8.48,300,Mumbai Suburbs,2018-03-15,0.1045,Formal,4.14
LN106955,6243174,9.66,240,Navi Mumbai,2015-12-08,0.0953,Formal,4.6
LN106956,6005332,8.23,240,Navi Mumbai,2020-12-14,0.056,Formal,4.18
LN106957,15778249,9.79,240,South Mumbai,2020-04-21,0.0568,Formal,5.75
LN106958,15738446,9.62,180,Mumbai Suburbs,2018-08-02,0.0403,Formal,7.35
LN106959,14931730,8.52,180,Mumbai Suburbs,2017-01-23,0.0526,Formal,6.04
LN106960,7820399,9.77,240,South Mumbai,2018-02-16,0.036,Informal,5.94
LN106961,1607317,7.63,180,Mumbai Suburbs,2019-01-16,0.0581,Informal,6.89
LN106962,6551252,7.78,300,South Mumbai,2016-06-21,0.0593,Informal,7.25
LN106963,6579123,6.66,180,Navi Mumbai,2019-06-14,0.0341,Informal,6.44
LN106964,19470891,8.56,240,South Mumbai,2022-05-27,0.1406,Formal,7.13
LN106965,1974303,9.03,300,Mumbai Suburbs,2020-02-28,0.0689,Informal,4.61
LN106966,15435478,9.21,180,South Mumbai,2022-12-21,0.0988,Formal,5.76
LN106967,5973064,7.02,240,South Mumbai,2017-05-02,0.096,Formal,5.28
LN106968,7848120,8.05,360,Mumbai Suburbs,2018-03-24,0.1183,Formal,5.16
LN106969,10425266,7.12,360,Mumbai Suburbs,2015-10-16,0.0328,Formal,4.75
LN106970,18257890,8.82,300,South Mumbai,2015-04-20,0.0436,Formal,7.13
LN106971,6320804,7.05,300,Navi Mumbai,2015-07-13,0.0056,Formal,5.58
LN106972,5747924,9.66,300,South Mumbai,2021-04-11,0.0115,Informal,5.86
LN106973,7684601,7.31,180,Mumbai Suburbs,2018-08-04,0.0297,Informal,4.97
LN106974,4612914,7.52,300,Mumbai Suburbs,2021-12-19,0.0554,Formal,7.37
LN106975,10464656,9.48,180,Mumbai Suburbs,2017-10-07,0.0572,Formal,6.14
LN106976,3157098,8.1,240,South Mumbai,2022-08-31,0.15,Formal,4
LN106977,15130270,6.58,180,Mumbai Suburbs,2018-02-22,0.0751,Formal,4.94
LN106978,18721569,8.23,180,Mumbai Suburbs,2021-11-08,0.0891,Formal,7.5
LN106979,12798021,6.8,240,South Mumbai,2020-07-27,0.0643,Informal,7.41
LN106980,16333589,9.95,360,South Mumbai,2021-04-02,0.0206,Formal,5.91
LN106981,10439949,8.56,180,South Mumbai,2020-10-20,0.0689,Formal,5.97
LN106982,6868555,7.4,180,South Mumbai,2020-04-04,0.0116,Informal,7.16
LN106983,11212588,8.47,240,South Mumbai,2019-09-10,0.0546,Formal,6.48
LN106984,16173441,6.77,300,South Mumbai,2019-09-21,0.0794,Formal,7.26
LN106985,19498958,9.3,240,Mumbai Suburbs,2019-03-17,0.0424,Formal,5.68
LN106986,4295453,9.74,360,Mumbai Suburbs,2016-03-16,0.0658,Formal,7.42
LN106987,6870747,9.56,300,Mumbai Suburbs,2018-01-10,0.0419,Informal,5.89
LN106988,1304543,7.7,360,South Mumbai,2017-05-27,0.0268,Formal,6.26
LN106989,4112261,7.64,180,Mumbai Suburbs,2021-12-25,0.0746,Formal,4.29
LN106990,2456498,6.62,360,Mumbai Suburbs,2020-06-09,0.0913,Formal,6.14
LN106991,17684375,8.78,360,Mumbai Suburbs,2022-06-28,0.0913,Informal,6.69
LN106992,13086533,8.37,240,Mumbai Suburbs,2015-08-22,0.0528,Formal,5.54
LN106993,10101540,8.11,300,Mumbai Suburbs,2018-06-24,0,Formal,5.76
LN106994,10369879,9.68,180,South Mumbai,2022-11-21,0.0626,Informal,5.38
LN106995,16886181,7.09,180,Mumbai Suburbs,2016-08-24,0.0981,Informal,7.39
LN106996,7423841,6.53,180,South Mumbai,2018-06-06,0.0206,Informal,5.67
LN106997,10380814,6.76,300,Navi Mumbai,2018-04-03,0.1134,Formal,4.44
LN106998,3657303,7.28,300,Mumbai Suburbs,2020-08-05,0,Formal,4.1
LN106999,6390656,6.62,360,Mumbai Suburbs,2015-03-01,0.0719,Informal,6.7
LN107000,9324458,8.26,360,Navi Mumbai,2016-02-28,0.0849,Formal,5.92
LN107001,10491099,7.6,300,Mumbai Suburbs,2017-01-10,0.104,Formal,4.01
LN107002,7663143,7.13,180,Mumbai Suburbs,2015-04-12,0.0738,Formal,5.34
LN107003,1665979,9.13,300,South Mumbai,2022-03-16,0.0502,Formal,7.2
LN107004,6446342,7.22,240,Mumbai Suburbs,2021-12-19,0.065,Formal,7.32
LN107005,18561494,8.91,300,Navi Mumbai,2015-11-18,0.0395,Formal,4.19
LN107006,15526420,7.72,300,Navi Mumbai,2018-03-20,0.0003,Formal,4.43
LN107007,8806421,8.29,180,Mumbai Suburbs,2021-02-02,0.0527,Formal,4.02
LN107008,8104627,9.77,360,Mumbai Suburbs,2017-05-30,0.0747,Formal,7.04
LN107009,11926684,6.63,240,Mumbai Suburbs,2016-01-18,0.0908,Formal,4.25
LN107010,4198747,8.25,240,Mumbai Suburbs,2015-01-06,0.0454,Formal,4.38
LN107011,6476049,9.49,240,Mumbai Suburbs,2015-12-16,0.1043,Formal,4.8
LN107012,14114573,8.56,300,Mumbai Suburbs,2020-05-11,0.055,Formal,7.21
LN107013,17419281,7.47,180,Mumbai Suburbs,2021-08-06,0.0744,Formal,6.41
LN107014,19680087,7.89,300,Navi Mumbai,2015-01-24,0.0824,Formal,6.16
LN107015,10010823,8.88,360,Mumbai Suburbs,2018-10-23,0.0616,Formal,6.75
LN107016,19588265,9.62,180,South Mumbai,2018-06-25,0.0573,Formal,6.43
LN107017,11878407,6.64,240,South Mumbai,2017-05-17,0.1067,Informal,6.61
LN107018,6758851,6.75,300,Navi Mumbai,2020-03-14,0.009,Formal,4.26
LN107019,9468579,7.64,180,Navi Mumbai,2015-11-07,0.0613,Informal,6.06
LN107020,15058464,7.31,300,Mumbai Suburbs,2021-07-20,0.005,Formal,6.64
LN107021,10954657,7.43,180,Mumbai Suburbs,2017-10-14,0.0061,Formal,5.98
LN107022,14924414,7.27,240,Navi Mumbai,2016-03-06,0.0584,Formal,4.04
LN107023,13768696,7.19,360,Navi Mumbai,2021-01-19,0.0442,Formal,4.74
LN107024,7779617,6.96,360,Mumbai Suburbs,2019-04-17,0.1224,Formal,7.37
LN107025,10587718,9.77,300,South Mumbai,2016-01-13,0.0524,Formal,6.47
LN107026,18623678,7,240,Mumbai Suburbs,2017-06-21,0.0941,Informal,6.41
LN107027,1723879,7.22,300,South Mumbai,2022-03-03,0.0615,Formal,6.31
LN107028,13377179,7.36,300,Navi Mumbai,2017-07-13,0.024,Formal,4.45
LN107029,19397030,9.77,180,South Mumbai,2020-11-26,0.0071,Formal,4.01
LN107030,19221531,9.14,180,Mumbai Suburbs,2019-07-26,0.0191,Formal,5.54
LN107031,2502718,9.26,180,Mumbai Suburbs,2018-07-04,0.0698,Formal,5.56
LN107032,14772237,6.87,240,Mumbai Suburbs,2016-05-30,0.1079,Formal,6.84
LN107033,18971953,9.43,240,Mumbai Suburbs,2019-12-08,0.0326,Formal,4.64
LN107034,12932133,7.93,300,South Mumbai,2018-03-02,0.0851,Informal,4.96
LN107035,7696579,7.42,180,Mumbai Suburbs,2016-12-13,0.0545,Formal,4.27
LN107036,1398825,8.52,240,Mumbai Suburbs,2019-07-28,0.0281,Formal,5.4
LN107037,15468459,9.38,300,Mumbai Suburbs,2018-03-24,0.0706,Formal,4.9
LN107038,14654424,9.23,240,Navi Mumbai,2022-11-25,0.1077,Formal,4.92
LN107039,2885190,9.61,300,Mumbai Suburbs,2021-07-29,0.0577,Informal,4.89
LN107040,5695781,9.75,360,Mumbai Suburbs,2021-08-29,0.0849,Formal,4.81
LN107041,18007812,7.33,180,Mumbai Suburbs,2020-01-12,0.0693,Formal,5.12
LN107042,5993899,7.98,360,Mumbai Suburbs,2018-09-25,0.0693,Informal,5.88
LN107043,12267806,6.55,300,Mumbai Suburbs,2015-07-25,0.0359,Formal,5.53
LN107044,5122990,9.58,300,Mumbai Suburbs,2019-03-13,0.0747,Formal,4.22
LN107045,16905769,7.04,180,Navi Mumbai,2017-12-01,0.0161,Informal,5.49
LN107046,15299385,9.52,180,Mumbai Suburbs,2021-11-17,0.0708,Formal,6.96
LN107047,13494418,7.65,300,Mumbai Suburbs,2018-12-26,0.1012,Informal,4.35
LN107048,16410415,7.79,240,Mumbai Suburbs,2019-09-13,0.1141,Informal,7.31
LN107049,12131259,6.64,180,Mumbai Suburbs,2022-02-02,0.0287,Formal,5.08
LN107050,10822090,7.64,300,Mumbai Suburbs,2020-09-12,0.0733,Informal,4.05
LN107051,1294358,9.61,180,Navi Mumbai,2020-12-15,0.0388,Formal,4.89
LN107052,15379782,6.59,180,South Mumbai,2018-03-10,0.0642,Informal,4.24
LN107053,8594902,7.92,360,Mumbai Suburbs,2016-08-13,0.1177,Formal,5.98
LN107054,5721005,6.61,360,Mumbai Suburbs,2019-08-29,0.0863,Informal,5.11
LN107055,10970977,7.8,240,South Mumbai,2015-12-10,0.0404,Formal,6.82
LN107056,12374994,7.1,180,Navi Mumbai,2016-02-10,0.0387,Formal,6.56
LN107057,2247752,7.38,300,South Mumbai,2018-01-12,0.0605,Informal,5.64
LN107058,5695154,9.57,300,South Mumbai,2016-11-14,0.0625,Formal,5.96
LN107059,12703087,8.03,180,Navi Mumbai,2018-09-04,0.064,Formal,6.13
LN107060,1116908,7.46,180,South Mumbai,2021-01-01,0.0153,Formal,4.95
LN107061,3343145,8.56,240,Mumbai Suburbs,2021-01-29,0.12,Formal,4.49
LN107062,12764504,7,240,Navi Mumbai,2020-06-13,0.1229,Formal,5.32
LN107063,6846899,7.41,240,Mumbai Suburbs,2020-01-11,0.0744,Informal,4.33
LN107064,1851563,8.41,300,Mumbai Suburbs,2019-11-28,0.0339,Formal,5.1
LN107065,10239320,7.33,360,South Mumbai,2015-09-05,0.0412,Formal,5.93
LN107066,13336530,8.88,240,South Mumbai,2020-01-15,0.0317,Informal,5.89
LN107067,6360678,8.22,300,Mumbai Suburbs,2020-08-30,0.029,Formal,4.42
LN107068,10029750,9.2,240,South Mumbai,2016-12-14,0.041,Formal,4.03
LN107069,7612303,9.82,300,Mumbai Suburbs,2018-01-22,0.0727,Formal,4.31
LN107070,11548839,6.91,180,Mumbai Suburbs,2019-08-28,0.0639,Formal,4.13
LN107071,9127678,7.67,300,Mumbai Suburbs,2021-10-23,0.1057,Formal,5.4
LN107072,13893170,7.62,180,South Mumbai,2020-11-10,0.0143,Formal,5.36
LN107073,11286846,7.03,300,Mumbai Suburbs,2017-04-04,0.0336,Formal,4.85
LN107074,16196443,9.34,360,Mumbai Suburbs,2016-01-22,0,Formal,4.75
LN107075,6310074,9.16,300,South Mumbai,2017-11-11,0.0643,Formal,5.39
LN107076,2519598,8.2,180,Mumbai Suburbs,2015-01-19,0.108,Formal,4.3
LN107077,1045807,8.38,360,Mumbai Suburbs,2017-12-29,0.0458,Informal,4.75
LN107078,15149001,6.71,300,Navi Mumbai,2021-09-03,0.101,Formal,5.42
LN107079,19213202,8.44,300,Navi Mumbai,2020-07-12,0.0808,Formal,4.33
LN107080,18437717,9.27,240,Mumbai Suburbs,2017-06-13,0.086,Formal,6.94
LN107081,2558274,8.51,360,Mumbai Suburbs,2018-03-02,0.0776,Formal,6.37
LN107082,14211492,7.43,180,South Mumbai,2018-05-17,0.1141,Formal,5.34
LN107083,5732369,8.84,360,South Mumbai,2017-12-30,0.054,Formal,4.53
LN107084,4764993,7.77,180,Navi Mumbai,2021-03-17,0.0806,Formal,4.68
LN107085,18087179,8.41,240,South Mumbai,2016-03-15,0.1154,Formal,4.42
LN107086,18960709,8.21,240,Mumbai Suburbs,2019-12-16,0.0293,Formal,4.56
LN107087,16576682,7.83,180,South Mumbai,2020-07-02,0.0535,Formal,5.48
LN107088,5618219,9.02,180,South Mumbai,2017-08-31,0.0772,Formal,4.86
LN107089,15516602,9.59,180,Mumbai Suburbs,2021-02-26,0.0342,Formal,7.1
LN107090,2551726,6.52,240,South Mumbai,2020-02-29,0.033,Formal,7.36
LN107091,14426433,9.77,360,Mumbai Suburbs,2019-10-27,0.1209,Informal,6.42
LN107092,11895584,8.29,240,South Mumbai,2017-07-14,0.0356,Formal,6.83
LN107093,3900203,8.95,300,Mumbai Suburbs,2021-10-04,0.049,Formal,4.89
LN107094,19428086,9.49,240,Mumbai Suburbs,2021-11-20,0.0665,Formal,6.33
LN107095,8062215,8.13,300,Mumbai Suburbs,2021-10-31,0.0729,Formal,4.2
LN107096,10196670,9.42,300,Mumbai Suburbs,2021-03-14,0.0436,Formal,7.36
LN107097,1667538,7.12,240,South Mumbai,2019-01-05,0.0538,Formal,6.35
LN107098,5607455,7.06,240,Mumbai Suburbs,2020-11-14,0.0299,Formal,5.11
LN107099,19790554,8.8,240,Mumbai Suburbs,2021-05-30,0.0434,Informal,6.71
LN107100,12466986,9.55,360,Navi Mumbai,2021-12-15,0.0809,Formal,4.06
LN107101,5872691,9.62,240,South Mumbai,2016-04-13,0.0872,Informal,5.32
LN107102,19839840,8.75,180,South Mumbai,2020-12-07,0.0905,Formal,7.13
LN107103,5261663,8.34,240,South Mumbai,2017-12-15,0.0599,Informal,4.92
LN107104,3300612,7.66,300,South Mumbai,2019-09-11,0.0541,Formal,6.34
LN107105,5010768,9.93,360,South Mumbai,2016-08-18,0.0208,Formal,5.26
LN107106,11431357,7.62,360,Mumbai Suburbs,2017-08-27,0.0493,Formal,5.37
LN107107,19103047,9.1,300,Mumbai Suburbs,2021-03-28,0.0652,Informal,6.61
LN107108,10279863,8.36,360,Navi Mumbai,2016-02-13,0.0926,Formal,7.19
LN107109,11348630,8.63,360,South Mumbai,2018-05-13,0.002,Formal,4.58
LN107110,16009521,7.88,180,Navi Mumbai,2015-05-24,0.0499,Informal,4.97
LN107111,2881397,9.88,180,Navi Mumbai,2021-11-13,0,Formal,5.71
LN107112,4911251,8.5,360,Navi Mumbai,2016-07-23,0.0119,Formal,6.15
LN107113,13994289,9.78,240,Navi Mumbai,2019-12-26,0.0995,Formal,5.64
LN107114,1762557,6.53,360,Mumbai Suburbs,2015-05-13,0.0209,Formal,6.82
LN107115,9971541,8.5,180,Mumbai Suburbs,2020-01-09,0.0632,Informal,6.69
LN107116,8188106,9.01,360,Mumbai Suburbs,2016-09-05,0.0908,Formal,5.42
LN107117,1321199,9.11,240,Mumbai Suburbs,2021-01-23,0.046,Formal,4.14
LN107118,4829994,9.67,240,Navi Mumbai,2021-11-25,0.0233,Formal,4.68
LN107119,14329543,6.52,180,Mumbai Suburbs,2022-07-23,0.0636,Formal,5.7
LN107120,17806308,6.5,360,South Mumbai,2017-10-10,0.1068,Formal,7.25
LN107121,6113050,8.15,180,Mumbai Suburbs,2022-10-17,0.0898,Formal,5.99
LN107122,1657191,6.6,300,Mumbai Suburbs,2017-05-14,0.0525,Informal,5.86
LN107123,15992929,9.91,180,Navi Mumbai,2018-06-10,0.0433,Formal,6.53
LN107124,11776415,7.28,180,South Mumbai,2022-10-03,0.0947,Formal,4.53
LN107125,18660651,8.15,180,Mumbai Suburbs,2017-01-10,0.0162,Informal,4.51
LN107126,11279184,6.71,360,South Mumbai,2019-12-10,0.0881,Formal,5.21
LN107127,4509934,8.33,300,Navi Mumbai,2019-01-01,0.0441,Formal,7.48
LN107128,8988597,7.83,360,South Mumbai,2018-04-27,0.0154,Formal,7.07
LN107129,17382927,6.66,240,Navi Mumbai,2018-04-29,0.007,Formal,6.38
LN107130,17984796,7.67,300,South Mumbai,2016-01-12,0.1091,Informal,5.37
LN107131,18546248,7.87,180,South Mumbai,2018-07-03,0.054,Formal,5.94
LN107132,17001467,9.96,180,South Mumbai,2019-10-15,0.0332,Informal,5.06
LN107133,9865465,7.23,180,Mumbai Suburbs,2015-06-24,0.0587,Informal,6.36
LN107134,4931895,8.41,360,Mumbai Suburbs,2020-05-14,0.0428,Informal,5.47
LN107135,8285880,9.96,240,South Mumbai,2015-05-05,0.0438,Formal,4.42
LN107136,3651788,9.27,300,Mumbai Suburbs,2017-08-05,0.0451,Formal,4.75
LN107137,1209720,9.98,300,South Mumbai,2020-09-10,0.0602,Formal,6.13
LN107138,19995438,9.89,360,Navi Mumbai,2019-10-24,0.0827,Formal,6.43
LN107139,15383405,8.21,240,South Mumbai,2022-11-14,0.0141,Formal,4.34
LN107140,13525800,8.94,300,Mumbai Suburbs,2021-03-14,0.1005,Informal,6.83
LN107141,11520770,6.89,360,Mumbai Suburbs,2016-02-03,0.0317,Formal,6.89
LN107142,13505994,8.04,240,Navi Mumbai,2016-02-09,0.0677,Formal,6.53
LN107143,19472841,9.33,240,Navi Mumbai,2022-12-02,0.0583,Formal,6.39
LN107144,14361840,8.27,300,Navi Mumbai,2015-11-08,0.0358,Formal,4.81
LN107145,11123480,8.96,300,South Mumbai,2017-06-12,0.0941,Formal,7.22
LN107146,16271357,9.11,240,Navi Mumbai,2022-11-10,0.0362,Formal,4.94
LN107147,8016611,7.39,300,Mumbai Suburbs,2020-12-04,0.1026,Formal,4.64
LN107148,4837478,9.56,360,Navi Mumbai,2018-05-19,0.08,Formal,6.23
LN107149,5024537,8.11,240,Mumbai Suburbs,2019-11-07,0.0375,Formal,5.27
LN107150,3780877,7.24,300,Navi Mumbai,2019-09-23,0.024,Informal,7.27
LN107151,12008998,9.53,300,Mumbai Suburbs,2022-07-07,0.092,Informal,5.61
LN107152,4031863,7.96,360,Mumbai Suburbs,2015-03-10,0.0258,Formal,4.57
LN107153,18927527,9.13,300,Mumbai Suburbs,2018-04-30,0.056,Formal,7.35
LN107154,2595776,8.42,300,Mumbai Suburbs,2019-12-12,0.0809,Formal,5.8
LN107155,11457143,7.84,300,Mumbai Suburbs,2021-12-31,0.0739,Formal,5.81
LN107156,9051964,9.33,180,Mumbai Suburbs,2021-09-13,0.0539,Informal,5.35
LN107157,4244811,8.55,360,Mumbai Suburbs,2019-10-25,0.0381,Informal,6.93
LN107158,16706914,7.87,360,Mumbai Suburbs,2018-12-10,0.0817,Formal,5.01
LN107159,1621747,6.88,180,Mumbai Suburbs,2022-07-14,0.0036,Informal,4.05
LN107160,11884510,9.63,360,South Mumbai,2017-05-26,0.0678,Formal,5.74
LN107161,12233125,6.62,300,Navi Mumbai,2021-06-28,0.0211,Formal,7.24
LN107162,19058474,9.52,300,Mumbai Suburbs,2015-09-30,0.0337,Formal,4.96
LN107163,5623190,7.76,300,South Mumbai,2020-01-18,0.071,Formal,4.93
LN107164,16659715,8.74,360,Mumbai Suburbs,2017-07-23,0.0375,Formal,6.58
LN107165,12908175,9.73,360,South Mumbai,2015-06-11,0.0947,Formal,6.71
LN107166,5361862,7.03,240,South Mumbai,2021-01-01,0.0812,Formal,5.52
LN107167,1983061,8.48,180,Mumbai Suburbs,2017-06-23,0.0391,Formal,6.92
LN107168,1296412,9.18,360,Mumbai Suburbs,2015-04-05,0.0532,Formal,4.6
LN107169,15787402,9.15,240,South Mumbai,2015-06-01,0.0269,Formal,5.28
LN107170,11960311,8.34,180,Mumbai Suburbs,2022-09-10,0.0742,Formal,5.41
LN107171,11774240,8.69,180,Navi Mumbai,2020-04-29,0.107,Formal,5.09
LN107172,12275833,9.15,300,South Mumbai,2015-07-08,0.0241,Formal,4.76
LN107173,15857318,9.44,300,South Mumbai,2017-05-12,0.0657,Informal,5.18
LN107174,12084171,9.17,240,Navi Mumbai,2022-05-22,0.0697,Formal,4.06
LN107175,10886726,7.74,240,Mumbai Suburbs,2015-04-02,0.0225,Formal,6.46
LN107176,2594362,9.99,300,Mumbai Suburbs,2021-05-12,0.0297,Informal,6.39
LN107177,11457318,8.02,300,South Mumbai,2022-07-21,0.0058,Formal,5.58
LN107178,7318653,6.59,180,Mumbai Suburbs,2021-12-07,0.0768,Formal,5.13
LN107179,10396313,7.77,180,Mumbai Suburbs,2018-02-22,0.0492,Informal,5.52
LN107180,7400231,6.95,360,Navi Mumbai,2017-02-22,0.0382,Formal,7.28
LN107181,9151496,6.93,300,Mumbai Suburbs,2017-01-08,0.1219,Informal,6.11
LN107182,8451062,7.49,180,Mumbai Suburbs,2021-03-28,0.0059,Informal,6.56
LN107183,11304803,6.69,240,Navi Mumbai,2018-03-04,0.0986,Formal,4.8
LN107184,11885249,8.91,180,Navi Mumbai,2022-02-01,0,Formal,4.33
LN107185,5528268,6.76,300,South Mumbai,2021-10-09,0.0444,Formal,4.29
LN107186,19999710,7.21,180,Navi Mumbai,2019-09-21,0.009,Informal,5.65
LN107187,11052700,6.83,300,Mumbai Suburbs,2016-10-11,0.0354,Informal,6.51
LN107188,18264923,6.72,180,Mumbai Suburbs,2019-12-19,0.0438,Informal,6.71
LN107189,17869307,7.44,360,Mumbai Suburbs,2021-08-21,0.0387,Formal,6.52
LN107190,1893150,8.5,360,Mumbai Suburbs,2019-06-20,0.0675,Informal,7.19
LN107191,16090407,9.88,240,South Mumbai,2021-08-05,0.0863,Informal,4.18
LN107192,16974862,9.56,240,Mumbai Suburbs,2021-07-06,0.0566,Formal,6.99
LN107193,9924435,9.57,300,Mumbai Suburbs,2019-06-10,0.0697,Formal,6.31
LN107194,9042153,7.12,300,South Mumbai,2017-10-12,0.1068,Formal,4.61
LN107195,11438344,7.43,300,Mumbai Suburbs,2019-11-13,0.0391,Formal,6.39
LN107196,11019480,6.77,180,Navi Mumbai,2020-05-08,0.0871,Formal,5.79
LN107197,2525068,9.22,180,Mumbai Suburbs,2018-12-02,0.1358,Formal,5.26
LN107198,15297708,6.74,180,Mumbai Suburbs,2021-07-24,0.1144,Formal,4.87
LN107199,11553060,8.45,240,Navi Mumbai,2020-10-14,0.1089,Informal,5.62
LN107200,8716492,7.37,300,Mumbai Suburbs,2016-03-26,0.0818,Informal,4.84
LN107201,12472170,7.35,180,South Mumbai,2021-06-18,0.0945,Informal,4.29
LN107202,19913112,9.97,240,Mumbai Suburbs,2017-12-22,0.0455,Formal,6.96
LN107203,7158382,9.15,360,South Mumbai,2016-10-21,0.0576,Informal,6.07
LN107204,16049125,9.43,300,Mumbai Suburbs,2017-05-02,0.0541,Formal,5.27
LN107205,3332127,8.5,360,Navi Mumbai,2019-01-05,0.0401,Informal,5.56
LN107206,12013698,9.55,240,Mumbai Suburbs,2021-03-18,0.0644,Formal,7.03
LN107207,2926252,8.76,300,Mumbai Suburbs,2017-04-27,0.0443,Informal,5.12
LN107208,3074278,9.81,180,Mumbai Suburbs,2016-01-12,0.0619,Formal,5.33
LN107209,11533873,7.48,240,South Mumbai,2017-04-14,0.0186,Informal,6.68
LN107210,10469309,8.58,360,Mumbai Suburbs,2019-04-18,0.044,Formal,4.7
LN107211,2278343,8.92,360,Mumbai Suburbs,2017-06-09,0.0995,Formal,6.31
LN107212,4032115,7.88,360,South Mumbai,2022-06-02,0.0658,Formal,5.52
LN107213,1690778,9.58,240,Navi Mumbai,2018-05-06,0.1,Formal,5.75
LN107214,5044064,9.93,240,South Mumbai,2020-11-20,0.0418,Formal,6.75
LN107215,7036207,8.23,300,Navi Mumbai,2017-12-20,0.0526,Formal,7.48
LN107216,14327766,7.87,300,Mumbai Suburbs,2021-09-05,0.0664,Formal,6.91
LN107217,13344700,8.15,360,Mumbai Suburbs,2019-01-01,0.0542,Informal,4.56
LN107218,9181311,9.48,240,South Mumbai,2021-02-25,0.0182,Informal,4.79
LN107219,2658332,8.76,300,Mumbai Suburbs,2015-11-20,0.077,Formal,5.43
LN107220,18548495,6.66,240,Navi Mumbai,2018-12-08,0.0304,Formal,6.52
LN107221,5074999,8.4,180,Mumbai Suburbs,2018-10-31,0.0597,Formal,5.78
LN107222,1663431,6.56,240,Navi Mumbai,2019-01-02,0,Formal,7.16
LN107223,9966309,9.22,360,Mumbai Suburbs,2019-12-22,0.0405,Informal,4.17
LN107224,19365620,7.65,240,Navi Mumbai,2019-09-03,0.0562,Formal,4.9
LN107225,11193756,8.15,360,Navi Mumbai,2015-06-03,0.0768,Formal,4.77
LN107226,14701736,9.3,300,Mumbai Suburbs,2015-11-11,0.0229,Formal,6.6
LN107227,4892825,6.66,300,Mumbai Suburbs,2015-01-01,0.0333,Informal,5.63
LN107228,3871083,7.05,300,Navi Mumbai,2022-04-09,0.1129,Informal,4.05
LN107229,9998331,7.89,180,South Mumbai,2017-10-17,0.119,Formal,6.71
LN107230,9671734,7.3,360,Navi Mumbai,2019-02-01,0.0754,Informal,5.27
LN107231,3644046,7.68,180,Mumbai Suburbs,2019-02-04,0.0984,Formal,4.91
LN107232,17511560,9.99,180,Mumbai Suburbs,2018-02-20,0.0482,Formal,4.64
LN107233,13537769,9.39,300,South Mumbai,2022-08-08,0.0796,Informal,7.31
LN107234,14355695,9.59,360,Mumbai Suburbs,2018-12-22,0.0781,Informal,7.3
LN107235,12768203,9.78,240,Mumbai Suburbs,2022-10-02,0.0318,Formal,4.27
LN107236,7403679,7.69,240,Navi Mumbai,2019-12-28,0.0659,Formal,4.81
LN107237,6814104,7.54,360,Mumbai Suburbs,2022-11-07,0.0511,Formal,6.26
LN107238,4763302,7.32,240,South Mumbai,2022-04-13,0.071,Informal,6.35
LN107239,18703313,9.41,300,Navi Mumbai,2022-01-01,0.0439,Informal,5.46
LN107240,2983438,8.88,300,Mumbai Suburbs,2020-04-15,0.0164,Formal,5.99
LN107241,17290309,7.33,180,Navi Mumbai,2022-11-24,0.0605,Formal,6.46
LN107242,18160825,7.82,300,Mumbai Suburbs,2016-08-18,0.0849,Formal,7.33
LN107243,19640298,8.27,240,Mumbai Suburbs,2021-01-05,0.0849,Formal,6.54
LN107244,16248546,8.35,180,Mumbai Suburbs,2019-11-15,0.0067,Formal,4.39
LN107245,2753313,9.61,360,Mumbai Suburbs,2018-02-25,0.0655,Formal,6.51
LN107246,4481591,7.83,360,South Mumbai,2019-06-25,0.0807,Formal,4.24
LN107247,6766392,9.68,180,South Mumbai,2020-04-05,0.0641,Formal,5.76
LN107248,3803005,8.04,300,Navi Mumbai,2021-11-02,0.0859,Formal,5.84
LN107249,16323076,9.11,180,Mumbai Suburbs,2021-05-01,0.0177,Formal,6.72
LN107250,10674961,9.76,180,Navi Mumbai,2022-07-22,0.0256,Formal,4.04
LN107251,6256583,9.68,300,South Mumbai,2018-08-24,0.0777,Formal,7.06
LN107252,14553496,6.7,360,Navi Mumbai,2015-06-24,0.0496,Formal,6.32
LN107253,12434079,7.22,180,Mumbai Suburbs,2016-01-21,0.0952,Formal,4.11
LN107254,4044221,8.17,360,Mumbai Suburbs,2018-05-11,0.0692,Formal,4.56
LN107255,6098227,8.01,240,Mumbai Suburbs,2021-02-07,0.0331,Informal,4.14
LN107256,12592789,8.74,300,Navi Mumbai,2018-09-05,0.0316,Formal,6.68
LN107257,2661342,9.81,240,Mumbai Suburbs,2017-09-04,0.0037,Formal,4.6
LN107258,17230378,6.89,360,Mumbai Suburbs,2015-01-17,0.0806,Formal,4.16
LN107259,10208201,8.08,240,South Mumbai,2020-11-17,0.0565,Formal,4.48
LN107260,6218907,7.17,240,Mumbai Suburbs,2016-02-23,0.0875,Formal,5.96
LN107261,3916933,9.63,240,Navi Mumbai,2022-04-21,0.0677,Formal,5.73
LN107262,8710611,9.88,180,South Mumbai,2020-11-06,0.0634,Formal,4.86
LN107263,16780630,8.18,180,Mumbai Suburbs,2015-09-03,0.0845,Informal,7.3
LN107264,6573945,6.86,300,South Mumbai,2016-04-21,0.0571,Formal,6.99
LN107265,5886202,9.25,360,Navi Mumbai,2022-08-16,0.05,Formal,5.1
LN107266,14900845,8.94,360,Navi Mumbai,2016-06-09,0.06,Formal,5.66
LN107267,12659029,7.74,300,Mumbai Suburbs,2021-12-04,0.0853,Formal,5.81
LN107268,11315271,9.61,360,South Mumbai,2020-04-12,0.0317,Formal,6.65
LN107269,18563002,9.92,360,Mumbai Suburbs,2018-04-11,0.0877,Formal,5.5
LN107270,3427667,8.45,240,South Mumbai,2017-03-14,0.0619,Formal,5.91
LN107271,6311154,8.48,240,Mumbai Suburbs,2016-08-05,0.0485,Informal,5.44
LN107272,13428621,7.54,360,South Mumbai,2021-02-13,0.0655,Formal,6.67
LN107273,7557734,8.55,300,Mumbai Suburbs,2018-11-19,0.0953,Formal,5.95
LN107274,15509348,8.04,300,South Mumbai,2019-12-27,0.0951,Informal,6.9
LN107275,1563889,7.56,360,South Mumbai,2019-07-12,0.0718,Informal,4.19
LN107276,1277834,6.74,300,South Mumbai,2016-03-14,0.0788,Formal,7.17
LN107277,6585056,7.38,300,Mumbai Suburbs,2022-07-25,0.0613,Informal,6.87
LN107278,5730654,7.19,240,Mumbai Suburbs,2015-03-02,0.0425,Formal,6.86
LN107279,11127275,8.4,300,South Mumbai,2022-03-18,0.0733,Informal,4.49
LN107280,12675889,8.61,180,Mumbai Suburbs,2018-11-19,0.0465,Formal,4.92
LN107281,4998585,8.63,240,Navi Mumbai,2016-06-02,0.0292,Informal,7.43
LN107282,3816112,7.86,180,South Mumbai,2017-03-17,0.0473,Formal,7.33
LN107283,7900725,7.97,360,Navi Mumbai,2016-06-13,0.0107,Formal,4.79
LN107284,2732141,9.42,300,Mumbai Suburbs,2019-03-16,0.0228,Formal,5.52
LN107285,17072326,8.17,180,South Mumbai,2018-06-12,0.1209,Informal,4.55
LN107286,11627772,9.96,300,Mumbai Suburbs,2020-06-15,0.0938,Informal,4.92
LN107287,17460794,8.04,180,Mumbai Suburbs,2017-09-14,0.0528,Formal,4.65
LN107288,9675237,8.77,240,Mumbai Suburbs,2017-12-20,0.0757,Formal,4.28
LN107289,16197601,6.68,360,South Mumbai,2021-08-19,0.0315,Formal,6.03
LN107290,16487103,8.79,180,Navi Mumbai,2022-07-28,0.0798,Formal,4.84
LN107291,2634461,9.48,240,Mumbai Suburbs,2018-10-30,0.0678,Informal,7.47
LN107292,15937872,9.8,360,Mumbai Suburbs,2016-02-08,0.0389,Formal,5.8
LN107293,13395322,9.99,180,South Mumbai,2022-05-28,0.0503,Formal,5.26
LN107294,11403209,7.49,180,South Mumbai,2021-10-08,0.0482,Formal,7.2
LN107295,11205026,8.51,240,Mumbai Suburbs,2019-09-29,0.0855,Formal,6.17
LN107296,3887569,8.08,360,Mumbai Suburbs,2019-04-10,0.0576,Formal,4.44
LN107297,2746988,8.47,360,Mumbai Suburbs,2019-09-09,0.0127,Formal,5.74
LN107298,2020346,7.05,240,Mumbai Suburbs,2017-05-16,0.0465,Formal,5.54
LN107299,16396669,9.5,300,South Mumbai,2015-03-30,0.0365,Formal,6.68
LN107300,19663738,9.68,240,Mumbai Suburbs,2017-06-09,0.0157,Formal,6.43
LN107301,6523632,8.07,360,South Mumbai,2015-01-17,0.0372,Formal,5.3
LN107302,4119331,7.48,240,Mumbai Suburbs,2020-03-27,0,Informal,5.64
LN107303,8301078,6.99,300,Mumbai Suburbs,2018-12-04,0.0321,Formal,5.82
LN107304,5003487,8.89,240,Mumbai Suburbs,2018-10-12,0.0659,Informal,5.48
LN107305,16392649,7.59,240,Navi Mumbai,2017-09-23,0.0736,Formal,4.38
LN107306,17195850,9.68,180,Navi Mumbai,2015-11-04,0.0751,Formal,7.17
LN107307,1834938,8.85,300,Mumbai Suburbs,2016-11-29,0.0887,Formal,6.35
LN107308,1807400,8.76,360,South Mumbai,2021-01-13,0.0956,Formal,5.64
LN107309,13972733,8.46,300,Mumbai Suburbs,2017-09-17,0.0293,Informal,5.99
LN107310,7505134,6.66,360,South Mumbai,2015-11-08,0.0187,Informal,4.75
LN107311,12955489,9.76,360,Mumbai Suburbs,2020-04-09,0.0613,Formal,5.86
LN107312,17184291,8.7,180,Navi Mumbai,2022-03-24,0.0764,Informal,6.61
LN107313,7472036,9.98,300,Mumbai Suburbs,2017-03-02,0.0349,Formal,5.87
LN107314,5367207,8.38,180,Mumbai Suburbs,2017-01-24,0.0679,Formal,5.68
LN107315,9043732,8.99,240,Mumbai Suburbs,2020-08-20,0.1147,Formal,5.62
LN107316,5297255,6.7,300,Navi Mumbai,2021-04-19,0.0199,Formal,6.67
LN107317,2779892,8.71,240,South Mumbai,2016-01-18,0.0602,Formal,6.64
LN107318,10597010,9.18,300,Navi Mumbai,2015-04-04,0.0912,Formal,6.63
LN107319,8252270,9.22,360,Mumbai Suburbs,2016-08-06,0.0541,Informal,4.86
LN107320,13931855,9.2,240,South Mumbai,2019-04-13,0.0724,Informal,6.16
LN107321,13369135,7.29,300,Navi Mumbai,2022-02-24,0.0873,Informal,6.73
LN107322,1920243,9.91,300,Navi Mumbai,2015-05-20,0.0509,Formal,5.97
LN107323,4421103,9.98,240,Mumbai Suburbs,2018-01-09,0.0282,Formal,6.73
LN107324,4402410,6.76,180,Navi Mumbai,2019-01-15,0.057,Informal,6.99
LN107325,11724646,9.78,300,South Mumbai,2021-03-09,0.0272,Formal,4.61
LN107326,17143024,7.51,180,Mumbai Suburbs,2022-06-02,0.0435,Informal,5.07
LN107327,16105904,8.91,180,South Mumbai,2016-04-21,0.0733,Formal,6.1
LN107328,10578891,7.68,180,Mumbai Suburbs,2020-04-09,0.0654,Formal,5.01
LN107329,15165740,9.89,180,Mumbai Suburbs,2016-07-20,0.0899,Informal,7.29
LN107330,9809609,6.86,180,South Mumbai,2016-08-07,0.067,Informal,4.68
LN107331,13284742,8.24,360,Mumbai Suburbs,2018-09-19,0.0366,Formal,5.25
LN107332,17468790,8,180,South Mumbai,2017-05-06,0.0301,Informal,7.48
LN107333,3958963,7.64,360,South Mumbai,2020-03-31,0.0788,Formal,4.66
LN107334,11314264,8.76,300,Mumbai Suburbs,2020-10-08,0.0672,Formal,5.57
LN107335,14011582,6.96,360,Mumbai Suburbs,2018-01-07,0.0542,Formal,5.1
LN107336,4768553,9.01,360,Mumbai Suburbs,2022-11-09,0.0702,Formal,6.83
LN107337,9677980,9.93,180,South Mumbai,2021-12-04,0.0389,Formal,5.06
LN107338,9325344,9.32,300,Mumbai Suburbs,2021-08-31,0,Informal,4.57
LN107339,10263114,9.51,300,South Mumbai,2015-07-16,0.0913,Formal,7.27
LN107340,10232418,7.76,300,Mumbai Suburbs,2022-07-21,0.0795,Formal,5.11
LN107341,13620222,7.64,240,Navi Mumbai,2020-05-10,0.0574,Informal,6.6
LN107342,5622776,8.31,360,South Mumbai,2022-09-02,0.033,Formal,5.02
LN107343,13682774,6.66,180,Mumbai Suburbs,2015-04-24,0.0536,Formal,4.63
LN107344,15981097,9.81,240,South Mumbai,2016-03-28,0.0081,Formal,6.81
LN107345,6556452,7,180,Mumbai Suburbs,2015-05-13,0.0634,Formal,4.19
LN107346,16110487,9.66,240,Mumbai Suburbs,2015-02-01,0.0019,Formal,5.16
LN107347,7865999,6.79,300,Navi Mumbai,2016-02-19,0.0632,Formal,6.73
LN107348,8562635,9.38,240,Mumbai Suburbs,2016-01-23,0.0388,Formal,5.79
LN107349,10479622,7.03,300,Mumbai Suburbs,2020-07-02,0.0556,Informal,6.41
LN107350,3862750,6.63,240,Mumbai Suburbs,2021-02-05,0.0258,Informal,4.23
LN107351,14368284,9.02,180,South Mumbai,2022-01-29,0.1052,Formal,6.62
LN107352,7785932,7.48,180,Navi Mumbai,2017-05-07,0.0708,Formal,4.6
LN107353,3578305,9,240,Mumbai Suburbs,2018-02-13,0.0393,Formal,6.83
LN107354,19033166,8.44,360,South Mumbai,2019-07-26,0.0546,Formal,5.97
LN107355,13215841,6.88,360,Mumbai Suburbs,2016-03-05,0.1082,Informal,6.59
LN107356,10939139,9.76,240,Mumbai Suburbs,2022-10-23,0.0315,Formal,4.74
LN107357,4696458,8.08,360,South Mumbai,2022-06-28,0.0266,Informal,5.38
LN107358,13664860,9.07,180,Mumbai Suburbs,2022-03-25,0.0253,Formal,6.81
LN107359,15934721,8.25,360,Mumbai Suburbs,2015-10-22,0.0396,Formal,7.19
LN107360,19392486,8.62,240,Mumbai Suburbs,2020-12-23,0.1049,Formal,4.79
LN107361,18866316,7.56,360,South Mumbai,2018-05-12,0.0432,Formal,6.78
LN107362,7445860,7.2,240,Navi Mumbai,2015-09-10,0.0475,Formal,4.38
LN107363,14778324,8.4,180,South Mumbai,2017-01-22,0.066,Informal,5.49
LN107364,6925803,8.04,300,Mumbai Suburbs,2019-06-26,0.0591,Formal,7.29
LN107365,5675195,7.87,180,Mumbai Suburbs,2016-12-05,0.0891,Formal,7.31
LN107366,9131526,8.85,180,South Mumbai,2015-11-05,0.0846,Formal,5.04
LN107367,1384903,8.92,240,South Mumbai,2022-08-13,0.0698,Formal,4.68
LN107368,14716989,6.66,180,South Mumbai,2017-08-11,0.0531,Formal,4.52
LN107369,19545623,7.69,180,South Mumbai,2022-05-04,0.0888,Informal,5.68
LN107370,6521980,7.94,360,South Mumbai,2021-07-21,0.0364,Informal,4.32
LN107371,8249433,6.84,240,Mumbai Suburbs,2020-12-13,0.0345,Formal,5.25
LN107372,15659576,7.33,360,Mumbai Suburbs,2016-05-13,0.0478,Formal,4.06
LN107373,2540710,6.68,240,Mumbai Suburbs,2018-04-22,0.0949,Informal,4.91
LN107374,4346386,9.99,360,South Mumbai,2017-04-02,0.0349,Formal,7.15
LN107375,16568577,9.08,360,Navi Mumbai,2017-11-24,0.042,Formal,5.56
LN107376,5294329,6.81,300,South Mumbai,2019-09-10,0.0652,Formal,4.26
LN107377,8750981,6.57,180,Mumbai Suburbs,2022-10-18,0.0583,Formal,6.26
LN107378,2199728,9.02,360,South Mumbai,2016-02-02,0.0486,Formal,7.34
LN107379,19321208,8.04,300,South Mumbai,2017-05-14,0.074,Formal,5.62
LN107380,2959484,9.25,360,Mumbai Suburbs,2020-09-15,0.0458,Formal,6.19
LN107381,13772955,9.73,360,Mumbai Suburbs,2019-04-22,0.0917,Informal,7.22
LN107382,15588701,8.6,300,Mumbai Suburbs,2018-02-06,0.0671,Formal,5.47
LN107383,12332038,7.15,300,Mumbai Suburbs,2015-10-09,0.0905,Formal,6.33
LN107384,12599816,9.24,300,Navi Mumbai,2015-09-04,0.0363,Informal,5.54
LN107385,1767128,9.85,180,Mumbai Suburbs,2020-06-10,0.0556,Formal,7.37
LN107386,5509408,8.53,180,Mumbai Suburbs,2022-02-06,0.0031,Formal,5.76
LN107387,1434368,8.89,360,South Mumbai,2017-04-15,0.1001,Informal,7.1
LN107388,12954802,7.68,180,South Mumbai,2019-05-15,0.1288,Formal,5.78
LN107389,17370193,7.84,300,Mumbai Suburbs,2018-07-23,0.0514,Informal,6.34
LN107390,7077449,9.07,240,Mumbai Suburbs,2020-09-12,0.0712,Informal,5.35
LN107391,2167498,9.75,180,Mumbai Suburbs,2021-07-11,0.0634,Informal,7.21
LN107392,3933811,8.7,300,South Mumbai,2019-06-05,0.0212,Formal,6.26
LN107393,4833538,9.26,300,Navi Mumbai,2020-10-05,0.0974,Informal,4.07
LN107394,14715921,7.1,300,Navi Mumbai,2017-08-01,0.0518,Formal,4.05
LN107395,11559464,7.24,300,Mumbai Suburbs,2020-06-27,0,Formal,6.37
LN107396,9919757,8.36,360,Navi Mumbai,2022-06-05,0.0385,Formal,4.4
LN107397,18015582,7.12,300,Navi Mumbai,2015-12-06,0.0182,Informal,6.51
LN107398,7877037,8.72,300,Navi Mumbai,2020-06-01,0.0637,Formal,5.13
LN107399,9457123,7.52,360,Mumbai Suburbs,2015-04-22,0.0635,Informal,5.89
LN107400,9805348,9.27,180,Mumbai Suburbs,2017-05-05,0.0956,Formal,4.61
LN107401,14795925,9.33,240,South Mumbai,2017-08-21,0.1149,Informal,4.86
LN107402,18718424,8.12,360,Mumbai Suburbs,2020-09-24,0.1173,Informal,5.53
LN107403,11448643,7.13,360,Mumbai Suburbs,2018-01-17,0.0292,Formal,6.33
LN107404,8303667,8.76,180,Mumbai Suburbs,2016-09-23,0.0786,Informal,4.55
LN107405,16676900,9.97,180,South Mumbai,2017-09-04,0.0839,Formal,4.98
LN107406,13410534,8.68,300,Navi Mumbai,2018-11-13,0.0443,Informal,4.72
LN107407,2653005,6.63,180,Mumbai Suburbs,2017-02-23,0.0686,Informal,7.02
LN107408,18218384,6.56,240,South Mumbai,2021-07-19,0.072,Formal,6.27
LN107409,16799439,7.62,360,Mumbai Suburbs,2018-03-26,0.0454,Formal,5.64
LN107410,6280156,7.19,240,Navi Mumbai,2022-10-04,0.0985,Formal,7.31
LN107411,15190299,9.35,300,Navi Mumbai,2021-10-28,0.0671,Formal,6.58
LN107412,16925767,9.46,240,Mumbai Suburbs,2015-06-23,0.0548,Formal,7.26
LN107413,14072770,7.41,300,South Mumbai,2017-02-12,0.0233,Formal,6.09
LN107414,19921824,7.64,240,South Mumbai,2022-09-07,0.0945,Formal,4.48
LN107415,3930299,7.33,360,South Mumbai,2019-12-03,0.0622,Formal,6.36
LN107416,8818441,9.68,240,South Mumbai,2021-02-20,0.0623,Informal,4.71
LN107417,1628373,8.26,180,Mumbai Suburbs,2021-08-21,0.0346,Formal,5.21
LN107418,18410605,8.8,240,Mumbai Suburbs,2016-04-15,0.0868,Formal,5.78
LN107419,17128112,7.95,360,South Mumbai,2019-06-01,0.026,Formal,4.55
LN107420,9379482,8.71,300,Navi Mumbai,2020-04-29,0,Formal,4.07
LN107421,2157260,7.85,240,Mumbai Suburbs,2016-08-05,0.0387,Informal,5.14
LN107422,10764128,7.69,240,Mumbai Suburbs,2018-03-30,0.0704,Formal,6.89
LN107423,16299289,8.72,180,Mumbai Suburbs,2017-04-23,0.0702,Formal,4.05
LN107424,7232474,8.57,300,Mumbai Suburbs,2018-02-18,0.0642,Formal,4.38
LN107425,4581311,7.53,300,Mumbai Suburbs,2017-01-07,0.0548,Formal,6.82
LN107426,6182190,7.02,300,Mumbai Suburbs,2019-12-31,0.0648,Formal,5.07
LN107427,13184894,7.79,360,Mumbai Suburbs,2016-06-20,0.1458,Formal,7.28
LN107428,13079806,7.95,360,Mumbai Suburbs,2017-01-03,0.0675,Formal,5.33
LN107429,2350093,8.7,180,Navi Mumbai,2016-08-27,0.0473,Formal,6.79
LN107430,9582299,9.7,240,Navi Mumbai,2016-01-30,0.0569,Informal,4.91
LN107431,15958251,6.63,360,Mumbai Suburbs,2022-01-29,0.0538,Formal,4.22
LN107432,15912426,7.35,300,South Mumbai,2017-03-04,0.0621,Formal,7.09
LN107433,15877072,7.18,240,Navi Mumbai,2018-12-10,0.0327,Formal,7.25
LN107434,5475687,8.26,240,Mumbai Suburbs,2015-12-12,0.084,Informal,6.48
LN107435,10578672,8,240,Mumbai Suburbs,2015-05-05,0.0689,Informal,6.7
LN107436,17387412,9.05,180,Mumbai Suburbs,2021-10-31,0.0363,Formal,4.02
LN107437,12354168,7.35,360,South Mumbai,2015-11-27,0.0906,Informal,6.64
LN107438,6755327,8.58,360,South Mumbai,2022-12-26,0.0029,Informal,5.65
LN107439,11391754,9.59,240,South Mumbai,2020-06-29,0.1246,Formal,5.58
LN107440,3491721,9.69,180,South Mumbai,2020-12-09,0.1166,Informal,5.89
LN107441,18459562,9.86,180,Mumbai Suburbs,2019-07-31,0.1118,Formal,4.95
LN107442,5995427,9.21,360,South Mumbai,2019-09-15,0.0451,Formal,6.44
LN107443,3931659,9.67,360,Navi Mumbai,2019-04-20,0.0672,Formal,5.03
LN107444,16739434,7.32,180,Mumbai Suburbs,2017-02-09,0.0413,Formal,5.96
LN107445,1199542,7.19,300,Mumbai Suburbs,2020-07-30,0.0729,Informal,4.48
LN107446,11108950,6.52,180,South Mumbai,2022-05-12,0.0606,Informal,6.36
LN107447,4483802,8.97,300,Mumbai Suburbs,2017-07-23,0.0462,Formal,4.66
LN107448,17673016,9.78,360,South Mumbai,2019-05-29,0.0459,Formal,4.6
LN107449,11339108,7.15,180,Mumbai Suburbs,2017-06-08,0.0625,Formal,4.08
LN107450,5084032,8.73,180,Navi Mumbai,2019-12-18,0.1481,Formal,4.43
LN107451,2223045,9.11,180,Mumbai Suburbs,2015-01-30,0.0992,Informal,4.81
LN107452,9295445,9.75,180,South Mumbai,2019-12-04,0.0626,Formal,4.78
LN107453,19714199,8.76,240,Mumbai Suburbs,2017-04-17,0.0546,Formal,5.15
LN107454,19181784,9.9,240,Mumbai Suburbs,2020-01-17,0.0787,Formal,4.19
LN107455,18538172,7.71,360,South Mumbai,2019-06-05,0.0416,Formal,7.27
LN107456,4554382,7.72,360,Mumbai Suburbs,2017-05-09,0.0532,Formal,4.42
LN107457,8297881,8.4,180,Navi Mumbai,2018-03-15,0.0015,Formal,6.46
LN107458,5357847,7.84,240,South Mumbai,2017-11-16,0.0627,Formal,5.87
LN107459,17562351,6.5,360,Navi Mumbai,2021-12-19,0.0635,Informal,5.93
LN107460,5565861,9.06,300,South Mumbai,2020-02-19,0.0437,Formal,4.37
LN107461,1499964,9.13,240,South Mumbai,2022-05-03,0.0735,Informal,4.85
LN107462,15734277,9.11,240,Mumbai Suburbs,2022-09-03,0.0637,Formal,6.73
LN107463,3997493,7.71,240,South Mumbai,2017-08-17,0.044,Informal,5.62
LN107464,8578729,8.33,180,Mumbai Suburbs,2018-06-27,0.0847,Formal,5.6
LN107465,7638784,7.76,300,South Mumbai,2020-07-03,0.0546,Formal,5.91
LN107466,17916781,6.56,180,Mumbai Suburbs,2017-01-13,0.0286,Formal,5.52
LN107467,14503179,8.47,360,South Mumbai,2017-06-06,0.0072,Formal,6.82
LN107468,4428261,6.93,300,Mumbai Suburbs,2021-03-19,0.1031,Informal,6.62
LN107469,9190219,6.78,180,Mumbai Suburbs,2022-07-30,0.0638,Formal,5.11
LN107470,6082281,9.14,240,Navi Mumbai,2019-04-20,0.0625,Formal,6.84
LN107471,5754417,6.53,300,Mumbai Suburbs,2015-07-18,0.0587,Informal,5.82
LN107472,19104870,9.86,240,Mumbai Suburbs,2019-03-28,0.0965,Formal,6.2
LN107473,3627014,8.3,360,Mumbai Suburbs,2016-03-15,0.0643,Informal,7.03
LN107474,11528542,9.94,300,Navi Mumbai,2020-08-11,0.1064,Formal,5.67
LN107475,8313184,6.7,360,South Mumbai,2022-04-21,0.0644,Informal,6.65
LN107476,1447628,8.54,360,Mumbai Suburbs,2015-01-13,0,Formal,6.2
LN107477,6303441,7.72,360,Mumbai Suburbs,2018-10-23,0.098,Formal,5.49
LN107478,11956200,9.45,300,South Mumbai,2020-02-03,0.0695,Formal,6.76
LN107479,9853143,7.76,360,Navi Mumbai,2016-03-16,0.0448,Informal,4.37
LN107480,15123720,7.41,180,Mumbai Suburbs,2018-09-07,0.0523,Formal,6.03
LN107481,3648191,9.5,180,Mumbai Suburbs,2020-03-21,0.0508,Formal,4.16
LN107482,2348894,7.81,360,Mumbai Suburbs,2020-05-05,0.0228,Formal,4.55
LN107483,7151990,6.56,240,Mumbai Suburbs,2015-07-23,0.0863,Formal,6.1
LN107484,4550985,7.87,360,Navi Mumbai,2022-03-15,0.0466,Formal,5.08
LN107485,1737550,8.79,360,Navi Mumbai,2016-01-03,0.034,Informal,4.92
LN107486,2798954,7.39,240,Mumbai Suburbs,2017-09-14,0.15,Formal,7.35
LN107487,11348958,8.01,300,South Mumbai,2015-01-18,0.0254,Formal,5.28
LN107488,10171141,6.7,300,South Mumbai,2021-01-08,0.0574,Informal,5.98
LN107489,18706306,8.56,360,Mumbai Suburbs,2019-12-30,0,Informal,5.87
LN107490,9776510,9.15,180,Navi Mumbai,2022-09-12,0.0976,Formal,4.22
LN107491,19677518,7.95,180,South Mumbai,2019-01-02,0.0515,Formal,6.36
LN107492,1684659,7.97,180,South Mumbai,2015-09-05,0.0845,Informal,5.8
LN107493,9828325,6.81,360,South Mumbai,2019-02-25,0.0317,Formal,5.33
LN107494,7927416,7.21,180,Mumbai Suburbs,2020-12-17,0.0115,Formal,4.23
LN107495,6385201,7.04,180,Navi Mumbai,2019-06-25,0.0376,Formal,5.03
LN107496,13179526,8.19,300,South Mumbai,2018-06-30,0.1004,Formal,7.09
LN107497,12555726,8.35,360,South Mumbai,2021-03-21,0.0773,Informal,4.61
LN107498,3241105,9.82,300,Mumbai Suburbs,2021-04-30,0.0115,Formal,4.77
LN107499,2320307,6.76,240,Navi Mumbai,2021-02-25,0,Formal,4.72
LN107500,11710632,8.6,300,Navi Mumbai,2019-07-23,0.0504,Informal,7.12
LN107501,17776161,8.34,360,Mumbai Suburbs,2015-09-23,0.0928,Informal,6.45
LN107502,6119641,8.31,180,South Mumbai,2015-07-21,0.0372,Formal,7.09
LN107503,6753670,9.56,360,Mumbai Suburbs,2017-12-13,0.0923,Formal,7.2
LN107504,2095589,7.22,300,Navi Mumbai,2022-04-22,0.0638,Informal,7.25
LN107505,14224541,6.64,360,Navi Mumbai,2018-10-23,0.1126,Formal,5.7
LN107506,10302825,8.85,360,Mumbai Suburbs,2016-09-12,0.0396,Formal,5.67
LN107507,13253316,7.71,300,Mumbai Suburbs,2019-03-03,0.0582,Formal,6.9
LN107508,9466721,6.56,300,Navi Mumbai,2017-11-23,0.0403,Informal,5.16
LN107509,19699008,7.38,240,Mumbai Suburbs,2020-07-06,0.0896,Informal,4.08
LN107510,16763922,7.58,240,South Mumbai,2022-10-23,0.0777,Formal,5.16
LN107511,13750721,8.66,300,Mumbai Suburbs,2022-11-01,0.009,Informal,6.51
LN107512,19316435,7.1,360,Navi Mumbai,2019-01-04,0.0808,Informal,4.43
LN107513,13390870,7.95,300,Mumbai Suburbs,2015-08-05,0.0153,Informal,6.75
LN107514,5589716,8.19,180,Navi Mumbai,2018-03-01,0.0327,Informal,6.85
LN107515,11878275,8.11,240,Mumbai Suburbs,2017-02-22,0.0824,Informal,4.35
LN107516,17646014,9.91,180,South Mumbai,2015-12-24,0.0224,Formal,4.34
LN107517,13679563,6.66,360,South Mumbai,2022-07-25,0.0489,Formal,4.7
LN107518,10683733,9.83,180,Navi Mumbai,2019-04-09,0.0828,Informal,5.25
LN107519,17862611,8.54,300,Mumbai Suburbs,2018-06-30,0.0725,Informal,5.86
LN107520,16215697,9.29,300,South Mumbai,2015-10-05,0.0707,Informal,5.7
LN107521,16591040,8.01,300,Navi Mumbai,2015-09-22,0.0838,Formal,6.99
LN107522,9061792,8.09,180,Mumbai Suburbs,2017-09-02,0.0992,Formal,4.5
LN107523,13948749,9.58,180,Navi Mumbai,2015-03-22,0.0228,Formal,6.44
LN107524,18870276,9.64,180,Mumbai Suburbs,2018-09-30,0.07,Informal,5.92
LN107525,12087562,7.34,300,South Mumbai,2020-04-08,0.0889,Formal,6.58
LN107526,4235863,7.2,300,Mumbai Suburbs,2022-01-25,0.083,Informal,5.2
LN107527,11783675,8.24,300,Navi Mumbai,2015-05-02,0.0552,Formal,5.65
LN107528,5383030,9.65,180,South Mumbai,2020-05-07,0.0535,Formal,4.1
LN107529,5169495,7.63,180,Navi Mumbai,2016-07-10,0.0847,Formal,4.41
LN107530,14748887,8.78,360,South Mumbai,2021-07-06,0.0664,Formal,5.31
LN107531,3612761,8.98,240,Mumbai Suburbs,2017-08-09,0.0928,Informal,5.68
LN107532,19772673,9.23,300,Mumbai Suburbs,2020-10-29,0.0633,Informal,4.3
LN107533,18790287,8.47,180,Navi Mumbai,2020-11-26,0.0488,Formal,6.89
LN107534,14812133,7.91,240,Mumbai Suburbs,2020-11-02,0.0071,Informal,7.31
LN107535,4275072,9.88,180,Mumbai Suburbs,2020-12-15,0.0531,Formal,6.09
LN107536,11074698,8.64,180,Navi Mumbai,2015-10-08,0.0231,Informal,4.19
LN107537,9676514,9.05,300,South Mumbai,2018-05-26,0.0051,Formal,6.59
LN107538,6932572,7.71,240,South Mumbai,2017-08-18,0.034,Formal,4.76
LN107539,3145977,8.84,180,South Mumbai,2017-07-15,0.0811,Informal,6.57
LN107540,11499637,7.4,240,Mumbai Suburbs,2018-05-28,0.0527,Formal,5.52
LN107541,3226217,7.36,240,Mumbai Suburbs,2015-06-09,0.0653,Formal,4.19
LN107542,1632731,9,300,Navi Mumbai,2018-11-04,0.0802,Informal,4.98
LN107543,9750364,8.32,240,Mumbai Suburbs,2021-02-26,0.0589,Formal,5.49
LN107544,19992042,8.89,360,South Mumbai,2020-11-25,0.0394,Formal,6.58
LN107545,11409971,7.44,360,Navi Mumbai,2020-05-19,0.0466,Formal,4.47
LN107546,9905865,8.6,300,South Mumbai,2015-05-29,0.0832,Informal,5
LN107547,5590778,8.05,300,Navi Mumbai,2016-06-21,0.0592,Formal,4.29
LN107548,6149387,8.59,360,South Mumbai,2022-11-11,0,Formal,6.16
LN107549,10869865,7.52,300,South Mumbai,2018-05-31,0.0494,Formal,5.66
LN107550,12287967,9,240,Mumbai Suburbs,2016-02-27,0.076,Formal,7.25
LN107551,4561497,9.32,180,South Mumbai,2022-06-26,0.0655,Formal,6.59
LN107552,18039415,7.41,300,South Mumbai,2018-11-27,0.0294,Formal,6.72
LN107553,3870524,7.55,360,Mumbai Suburbs,2015-03-08,0.0376,Formal,4.58
LN107554,18914489,8.81,180,South Mumbai,2017-05-31,0.0015,Informal,4.93
LN107555,4867293,8.93,240,South Mumbai,2019-03-20,0.0765,Informal,5.8
LN107556,7107511,8.96,180,South Mumbai,2018-12-06,0.0787,Formal,4.05
LN107557,14787878,8.89,360,Mumbai Suburbs,2018-04-27,0.056,Formal,7.05
LN107558,17810950,7.87,180,Mumbai Suburbs,2020-07-13,0.0495,Informal,6.72
LN107559,17990515,7.88,360,South Mumbai,2021-06-30,0.0276,Informal,4.2
LN107560,3771034,7.39,300,Mumbai Suburbs,2017-03-12,0.07,Informal,6.97
LN107561,1671253,7.05,300,Mumbai Suburbs,2017-12-26,0.0107,Formal,4.02
LN107562,7911616,8.92,360,Mumbai Suburbs,2015-09-12,0.0833,Informal,4.4
LN107563,2006152,6.83,300,Mumbai Suburbs,2018-03-13,0.0774,Informal,4.19
LN107564,7615379,9.78,240,South Mumbai,2017-09-16,0.095,Formal,5.68
LN107565,11105810,9.39,180,Mumbai Suburbs,2016-08-17,0.0615,Formal,6.74
LN107566,4262331,9.5,360,Navi Mumbai,2017-09-19,0.0444,Formal,4.62
LN107567,15172716,9.67,360,Mumbai Suburbs,2022-12-10,0.073,Formal,6.7
LN107568,6015551,7.93,360,South Mumbai,2016-05-25,0.0834,Informal,4.65
LN107569,15740171,9.46,240,South Mumbai,2018-10-05,0.0253,Informal,7.47
LN107570,5486856,7.05,240,Navi Mumbai,2015-01-05,0.0579,Formal,6.99
LN107571,15613202,6.58,240,Mumbai Suburbs,2015-12-13,0.068,Informal,6.58
LN107572,10583663,9.25,360,Mumbai Suburbs,2015-09-08,0.0744,Formal,6.07
LN107573,2208957,6.76,240,South Mumbai,2015-11-23,0.0494,Formal,4.85
LN107574,7232302,9.96,300,Navi Mumbai,2018-11-15,0.0789,Informal,4.42
LN107575,18918982,8.86,180,South Mumbai,2016-03-16,0.0312,Formal,5.61
LN107576,10165252,9.14,300,Mumbai Suburbs,2022-01-31,0.1205,Formal,5.41
LN107577,18301874,7.36,300,Mumbai Suburbs,2019-02-02,0.0413,Formal,6.36
LN107578,16230965,8.86,240,Mumbai Suburbs,2018-09-17,0.0722,Formal,4.6
LN107579,17780412,6.65,360,South Mumbai,2016-02-10,0.0434,Formal,5.97
LN107580,10938256,9.43,300,South Mumbai,2018-11-02,0.0629,Formal,6.43
LN107581,16954649,7.09,180,Navi Mumbai,2022-02-18,0.0276,Formal,5.05
LN107582,7105661,8.94,240,Mumbai Suburbs,2017-01-30,0.0923,Formal,6.73
LN107583,8142727,7.29,300,Navi Mumbai,2019-07-19,0.0355,Formal,5.51
LN107584,17163772,6.74,240,Mumbai Suburbs,2015-08-12,0.0624,Formal,4.57
LN107585,13067196,8.19,180,Navi Mumbai,2019-02-16,0.0581,Formal,4.68
LN107586,3603680,7.09,240,Navi Mumbai,2017-05-28,0.039,Formal,4.98
LN107587,12055901,9.05,360,Mumbai Suburbs,2022-08-26,0,Formal,4.55
LN107588,18636027,7.33,300,Mumbai Suburbs,2022-07-29,0.0918,Formal,5.97
LN107589,14747562,7.7,300,Mumbai Suburbs,2018-03-22,0.0643,Formal,7.32
LN107590,17181752,8.49,360,Mumbai Suburbs,2021-11-11,0.0078,Formal,7.14
LN107591,12053257,7.5,180,Mumbai Suburbs,2021-04-17,0.0026,Formal,5.13
LN107592,4636119,7.82,180,Navi Mumbai,2022-03-10,0.0503,Formal,7.03
LN107593,2667108,9.35,240,South Mumbai,2022-10-26,0.0575,Formal,7.34
LN107594,3853507,7.13,300,Mumbai Suburbs,2015-01-25,0.0536,Formal,5.03
LN107595,17450961,6.79,180,Mumbai Suburbs,2019-07-13,0.1033,Formal,7.17
LN107596,17105466,7.65,360,South Mumbai,2019-10-07,0.0099,Formal,7.49
LN107597,19931543,7.99,360,Mumbai Suburbs,2019-03-11,0.0664,Formal,6.79
LN107598,5070081,8.4,360,Navi Mumbai,2019-03-01,0.0794,Informal,5.37
LN107599,10538735,7.8,180,Mumbai Suburbs,2018-07-02,0.0787,Formal,6.13
LN107600,17614866,9.26,360,Navi Mumbai,2019-06-10,0.0868,Formal,5.27
LN107601,4917000,6.64,300,Mumbai Suburbs,2018-08-29,0.0635,Formal,7.49
LN107602,11603512,8.01,180,Mumbai Suburbs,2017-08-23,0.0674,Formal,4.24
LN107603,9173542,7.84,180,Mumbai Suburbs,2016-09-06,0.0501,Formal,7.13
LN107604,3350716,8.77,300,South Mumbai,2021-12-04,0.0147,Formal,4.26
LN107605,13876169,9.88,360,Mumbai Suburbs,2018-03-25,0.0699,Formal,4.15
LN107606,11208064,8.29,180,South Mumbai,2020-07-11,0.0479,Formal,7.29
LN107607,19041224,9.95,300,Navi Mumbai,2022-07-28,0.0377,Formal,7.04
LN107608,17159419,7.56,300,South Mumbai,2016-09-13,0.0712,Informal,5.27
LN107609,3768654,6.61,240,South Mumbai,2021-12-14,0.0738,Formal,7.35
LN107610,8061944,7.08,360,Mumbai Suburbs,2017-05-16,0.0388,Formal,7.02
LN107611,14708181,7.88,360,Mumbai Suburbs,2018-05-08,0.0675,Informal,7.16
LN107612,12569471,7.61,300,South Mumbai,2017-01-04,0.0576,Formal,6.08
LN107613,7057174,6.84,180,South Mumbai,2017-09-25,0.0657,Formal,7.35
LN107614,3233414,8.01,240,Navi Mumbai,2019-10-24,0.0976,Formal,6.83
LN107615,11031671,7.68,240,Mumbai Suburbs,2017-11-26,0.0733,Formal,7.29
LN107616,7134678,6.93,180,South Mumbai,2017-07-16,0.071,Formal,4.99
LN107617,9392939,7.54,240,Mumbai Suburbs,2016-10-17,0.0334,Informal,5.86
LN107618,19343192,9.6,180,South Mumbai,2015-08-25,0.0377,Informal,7.04
LN107619,16911898,7.56,240,South Mumbai,2020-10-25,0.0744,Formal,6.03
LN107620,4976808,9,180,Navi Mumbai,2022-07-21,0.0124,Formal,6.8
LN107621,9601462,8.64,300,Mumbai Suburbs,2020-12-26,0.0493,Formal,7.41
LN107622,5744353,8,300,South Mumbai,2020-08-07,0.0371,Formal,6.82
LN107623,19330632,7.34,240,Navi Mumbai,2017-07-14,0.0557,Informal,5.1
LN107624,3956156,7.79,240,Mumbai Suburbs,2018-12-12,0.0535,Formal,4.42
LN107625,16030066,8.57,300,South Mumbai,2019-10-27,0.0639,Formal,4.95
LN107626,2133243,7.73,360,Mumbai Suburbs,2021-07-12,0.074,Formal,6.32
LN107627,1004677,7.25,180,Navi Mumbai,2017-04-09,0.089,Informal,4.04
LN107628,9593188,6.91,360,Mumbai Suburbs,2020-12-13,0.0913,Formal,4.66
LN107629,17907550,9.58,240,Mumbai Suburbs,2021-07-01,0.0529,Informal,5.14
LN107630,17202721,8.04,300,Mumbai Suburbs,2018-09-25,0.0423,Formal,7.06
LN107631,17224424,8.69,240,Mumbai Suburbs,2017-09-06,0.0364,Formal,4.18
LN107632,6827316,8.22,360,Mumbai Suburbs,2017-09-11,0.0503,Formal,4.17
LN107633,1558745,9.55,300,Mumbai Suburbs,2020-06-07,0.0304,Formal,5.93
LN107634,15884399,8.41,300,South Mumbai,2017-02-21,0.0741,Formal,4.62
LN107635,16146580,8.18,300,Navi Mumbai,2015-08-16,0.0907,Formal,4.85
LN107636,13186651,9.74,180,South Mumbai,2021-01-13,0.0143,Formal,4.64
LN107637,9582851,9.02,240,Mumbai Suburbs,2021-08-14,0.0603,Formal,6.04
LN107638,15143933,6.89,360,Mumbai Suburbs,2015-08-18,0.1067,Formal,4.19
LN107639,13840143,7.12,180,Mumbai Suburbs,2015-03-21,0.0156,Informal,7.29
LN107640,3870741,9.25,360,Mumbai Suburbs,2015-08-14,0.1043,Informal,4.43
LN107641,8910091,9.43,180,Mumbai Suburbs,2022-10-22,0.0342,Informal,7.33
LN107642,1617423,8.41,300,South Mumbai,2019-06-02,0.0418,Formal,6.72
LN107643,9979250,8.44,180,Mumbai Suburbs,2018-07-22,0.0785,Formal,6.9
LN107644,3865893,8.71,240,Navi Mumbai,2015-11-29,0.0752,Formal,4.6
LN107645,11391977,8.04,240,Navi Mumbai,2017-04-25,0.0568,Formal,6.34
LN107646,2250844,8.88,360,Mumbai Suburbs,2020-07-12,0.0371,Informal,6.86
LN107647,1916094,6.88,300,Mumbai Suburbs,2022-03-04,0.0227,Formal,5.95
LN107648,10475593,9.86,300,South Mumbai,2017-04-20,0.0577,Formal,5.93
LN107649,1246889,9.13,360,Mumbai Suburbs,2018-11-09,0.0536,Informal,4.56
LN107650,15829521,8.71,240,Mumbai Suburbs,2016-05-04,0.0362,Formal,5.45
LN107651,19242304,7.61,240,South Mumbai,2018-01-29,0.0523,Informal,4.53
LN107652,14458496,7.06,360,Navi Mumbai,2020-12-24,0.0675,Formal,7.41
LN107653,15756739,7.93,300,Navi Mumbai,2019-06-10,0.0921,Formal,6.4
LN107654,5184251,8.82,360,South Mumbai,2022-03-09,0.0659,Informal,4.17
LN107655,12500860,8.72,360,Mumbai Suburbs,2019-07-24,0.0547,Informal,5.67
LN107656,7838163,7.84,180,Mumbai Suburbs,2015-01-04,0.0353,Informal,6.23
LN107657,6236840,8.65,360,South Mumbai,2022-03-21,0.0377,Informal,4.33
LN107658,16954465,9.35,240,Mumbai Suburbs,2021-09-06,0.0665,Informal,6.33
LN107659,2743227,6.59,360,Mumbai Suburbs,2015-12-23,0.0681,Formal,4.62
LN107660,11760301,8.08,300,South Mumbai,2021-06-13,0.0533,Formal,5.43
LN107661,8660064,9.15,300,Mumbai Suburbs,2022-09-29,0.0872,Formal,6.19
LN107662,16763809,8.41,240,Navi Mumbai,2018-02-12,0.0618,Formal,5.28
LN107663,18363686,8.78,300,Mumbai Suburbs,2018-01-22,0.0454,Formal,5.33
LN107664,1177216,8.31,360,Mumbai Suburbs,2018-05-22,0.0403,Informal,6.95
LN107665,19953728,9.97,240,Mumbai Suburbs,2021-09-22,0.0383,Formal,5.08
LN107666,4683460,6.69,300,Navi Mumbai,2019-01-28,0.0744,Formal,6.29
LN107667,9512270,8.22,360,Navi Mumbai,2019-08-10,0.0414,Informal,6.97
LN107668,19595568,6.82,300,South Mumbai,2020-04-30,0.0632,Formal,4.53
LN107669,3894558,7.06,180,Navi Mumbai,2020-03-13,0.0345,Informal,4.16
LN107670,2480175,7.84,300,South Mumbai,2015-06-20,0.055,Informal,6.89
LN107671,2829484,7.04,240,South Mumbai,2018-04-28,0.0584,Formal,5.93
LN107672,19444906,9.87,360,Mumbai Suburbs,2022-12-14,0.1309,Formal,6.9
LN107673,15515568,9.81,360,Mumbai Suburbs,2017-04-28,0.0208,Formal,4.75
LN107674,11357644,7.68,240,Mumbai Suburbs,2018-04-08,0.0843,Formal,6.91
LN107675,8217037,8.74,180,Mumbai Suburbs,2018-11-10,0.0369,Formal,4.33
LN107676,6017226,8.37,360,South Mumbai,2018-03-09,0.1005,Formal,7.09
LN107677,13300059,9.35,240,South Mumbai,2016-06-03,0.0391,Informal,6.88
LN107678,3746153,8.7,300,Mumbai Suburbs,2015-08-19,0.0911,Formal,5.99
LN107679,15657634,6.5,180,South Mumbai,2017-01-19,0.0667,Formal,6.13
LN107680,18881404,9.17,240,South Mumbai,2016-10-16,0.0201,Informal,5.21
LN107681,16304826,9.11,300,South Mumbai,2022-09-16,0.066,Formal,4.71
LN107682,13098334,8.28,360,Navi Mumbai,2017-06-03,0.0755,Formal,5.59
LN107683,17988679,9.66,360,Navi Mumbai,2016-02-19,0.0776,Formal,6.3
LN107684,11056396,9.68,180,South Mumbai,2021-07-12,0.0529,Formal,7.49
LN107685,18045818,8.33,300,South Mumbai,2016-02-14,0.1378,Informal,6.86
LN107686,3394820,8.63,240,Mumbai Suburbs,2018-08-05,0.1184,Formal,5.52
LN107687,11579914,9.99,360,Navi Mumbai,2016-05-23,0.0701,Formal,6.6
LN107688,13235311,7.55,240,South Mumbai,2018-04-08,0.0205,Formal,4.38
LN107689,3507720,7.64,240,Navi Mumbai,2019-08-13,0.03,Formal,5.45
LN107690,4742849,7.14,240,Mumbai Suburbs,2019-01-05,0.0519,Formal,5.49
LN107691,1114560,9.64,180,Navi Mumbai,2022-01-26,0.0571,Informal,7.5
LN107692,6115011,9.11,240,South Mumbai,2019-06-19,0.0352,Formal,5.37
LN107693,19127203,6.87,180,Navi Mumbai,2022-06-09,0.0437,Informal,4.29
LN107694,13096565,9.94,180,Mumbai Suburbs,2022-01-24,0.0003,Informal,4.24
LN107695,1549656,9.06,300,Navi Mumbai,2020-03-10,0,Formal,6.44
LN107696,17592258,9.48,360,Mumbai Suburbs,2022-01-27,0.0604,Formal,5.01
LN107697,15077387,6.67,240,Mumbai Suburbs,2017-06-03,0.1078,Informal,7.04
LN107698,11486561,8.27,300,Navi Mumbai,2015-10-25,0.0135,Informal,5.69
LN107699,19603845,8.95,300,Mumbai Suburbs,2021-06-01,0.0536,Formal,5.16
LN107700,9289985,8.4,300,Mumbai Suburbs,2016-10-16,0.0594,Formal,6.66
LN107701,9480287,8.83,300,Mumbai Suburbs,2020-06-14,0.0712,Formal,5.46
LN107702,12166825,9.36,300,Mumbai Suburbs,2017-01-18,0.0447,Formal,6.58
LN107703,19116299,7.81,240,Navi Mumbai,2021-12-19,0.027,Formal,6.5
LN107704,6404672,9.47,300,South Mumbai,2022-04-06,0.0794,Formal,6.53
LN107705,4703367,7.07,360,Mumbai Suburbs,2015-03-22,0.0014,Formal,7
LN107706,8975343,7.45,180,Navi Mumbai,2019-12-26,0.0715,Formal,6.97
LN107707,6934385,6.65,180,Mumbai Suburbs,2020-03-02,0.0359,Informal,6.33
LN107708,14195148,7.78,360,Navi Mumbai,2022-03-01,0.0673,Formal,7.35
LN107709,16947828,7.83,240,Navi Mumbai,2016-12-28,0.0948,Formal,4.07
LN107710,13377003,9.32,180,Mumbai Suburbs,2016-12-26,0.0394,Formal,7.26
LN107711,17954692,8.79,360,Mumbai Suburbs,2021-03-21,0.049,Informal,4.52
LN107712,2199217,8.03,360,Navi Mumbai,2016-01-15,0.0474,Formal,4.74
LN107713,9306042,8.78,300,Navi Mumbai,2016-08-16,0.1284,Formal,6.86
LN107714,14507188,6.68,180,Navi Mumbai,2022-12-06,0.0562,Informal,5.4
LN107715,3949908,7.13,300,South Mumbai,2015-06-12,0.0548,Informal,5.49
LN107716,13402488,8.69,240,South Mumbai,2022-04-24,0.0574,Formal,4.91
LN107717,2931441,8.74,180,Mumbai Suburbs,2020-08-31,0.1006,Formal,4.79
LN107718,18042249,9.21,180,Mumbai Suburbs,2020-10-05,0.0409,Formal,4.37
LN107719,14116769,7.91,360,Mumbai Suburbs,2020-09-16,0.0838,Formal,4.69
LN107720,14716680,9.03,180,South Mumbai,2021-05-24,0.0372,Formal,5.98
LN107721,13313453,8.89,240,Mumbai Suburbs,2017-05-22,0.0351,Formal,6.47
LN107722,7499998,9.87,240,Mumbai Suburbs,2020-07-06,0.0711,Formal,6.59
LN107723,10545257,7.25,180,Navi Mumbai,2017-12-05,0.0964,Formal,5.3
LN107724,16199299,8.43,360,Navi Mumbai,2015-10-06,0.0485,Informal,7.23
LN107725,13090693,8.61,240,Mumbai Suburbs,2022-12-22,0.0483,Informal,5.15
LN107726,7111053,10,300,Mumbai Suburbs,2019-03-04,0.0791,Formal,4.39
LN107727,16100611,7.2,240,Mumbai Suburbs,2022-05-23,0.0597,Informal,7.31
LN107728,1842329,8.33,180,Mumbai Suburbs,2017-06-04,0.0804,Informal,5.89
LN107729,10582190,7.71,300,Mumbai Suburbs,2018-01-19,0.0112,Formal,7.4
LN107730,8743343,8.34,180,Mumbai Suburbs,2020-09-20,0.0288,Formal,5.38
LN107731,15116198,7.31,180,South Mumbai,2016-05-16,0.0582,Formal,6.65
LN107732,10277584,6.67,180,Mumbai Suburbs,2020-09-08,0.0736,Informal,4.38
LN107733,10980178,8.5,360,South Mumbai,2022-02-08,0.0561,Formal,6.99
LN107734,1174588,7.68,360,South Mumbai,2018-06-13,0.0624,Formal,4.6
LN107735,4773618,7.14,240,Mumbai Suburbs,2017-06-07,0.0782,Formal,4.24
LN107736,17218864,7.63,180,South Mumbai,2017-11-16,0.0226,Informal,4.34
LN107737,2530332,6.67,300,Mumbai Suburbs,2019-06-16,0.0782,Formal,5.95
LN107738,13707658,9.83,300,South Mumbai,2020-06-19,0.0915,Formal,5.02
LN107739,5739023,8.53,300,Mumbai Suburbs,2020-04-23,0.0497,Formal,7.36
LN107740,8527837,9.35,360,Navi Mumbai,2018-01-19,0.0342,Formal,6.98
LN107741,15330983,7.98,360,Mumbai Suburbs,2016-04-12,0.0867,Formal,6.81
LN107742,18810506,9.66,180,Mumbai Suburbs,2022-12-09,0.1116,Formal,6.83
LN107743,5625535,8.19,300,Navi Mumbai,2019-02-17,0.0644,Formal,7.12
LN107744,14338310,8.51,300,Mumbai Suburbs,2019-08-14,0.0335,Formal,7.03
LN107745,7847129,8.22,360,South Mumbai,2021-10-05,0.0598,Formal,7.25
LN107746,12835157,9.07,360,South Mumbai,2022-03-22,0.035,Formal,7.27
LN107747,9870046,8.48,300,Mumbai Suburbs,2020-08-16,0.0815,Formal,5.04
LN107748,5768424,7.45,300,Mumbai Suburbs,2015-03-31,0.0585,Formal,4.77
LN107749,19035758,7.01,240,South Mumbai,2018-01-22,0.0322,Formal,6.25
LN107750,10509388,8.62,360,Navi Mumbai,2018-03-11,0.066,Formal,4.43
LN107751,11531544,8.21,180,South Mumbai,2018-10-10,0.0403,Formal,4.74
LN107752,8349953,6.84,180,Navi Mumbai,2019-07-30,0.0205,Informal,6.71
LN107753,17547400,7.88,300,Navi Mumbai,2021-12-19,0.0828,Informal,6.27
LN107754,14196706,8.3,360,Navi Mumbai,2017-09-25,0.069,Formal,6.28
LN107755,13085332,9.39,180,Navi Mumbai,2021-08-31,0.0459,Formal,7.33
LN107756,2591711,6.77,360,South Mumbai,2017-01-23,0.0982,Informal,6.34
LN107757,19406069,7.72,300,Mumbai Suburbs,2016-04-23,0.0376,Formal,5.51
LN107758,3058721,9.38,300,South Mumbai,2020-06-16,0.047,Informal,4.98
LN107759,19737607,8.77,300,Navi Mumbai,2021-10-19,0.0713,Informal,5.18
LN107760,16733562,7.51,360,Mumbai Suburbs,2017-08-03,0.0863,Informal,4.97
LN107761,8392367,9.46,180,Mumbai Suburbs,2020-05-03,0.0717,Formal,4.12
LN107762,5076773,8.23,240,Navi Mumbai,2021-05-13,0.0431,Formal,4.92
LN107763,16486047,8.24,180,South Mumbai,2022-12-19,0.0529,Formal,6.92
LN107764,6393333,9.92,360,South Mumbai,2021-12-17,0.0406,Formal,6.55
LN107765,14482663,9.81,180,Mumbai Suburbs,2020-06-12,0.05,Formal,6.18
LN107766,5512121,7.75,240,Mumbai Suburbs,2018-11-18,0.0523,Formal,7.16
LN107767,7908008,6.99,180,Mumbai Suburbs,2021-04-22,0.0725,Formal,4.92
LN107768,9447680,7.64,240,Mumbai Suburbs,2020-04-20,0.0393,Informal,6.02
LN107769,12864040,6.61,360,Navi Mumbai,2022-01-21,0.0886,Formal,4.11
LN107770,6900726,6.57,300,South Mumbai,2018-11-02,0.0593,Formal,7.12
LN107771,19941059,7.88,240,Mumbai Suburbs,2015-07-19,0.0344,Informal,5.57
LN107772,13423549,9.79,360,Mumbai Suburbs,2020-01-03,0.0717,Formal,4.62
LN107773,9778570,9.55,300,Mumbai Suburbs,2015-10-03,0.0564,Formal,4.84
LN107774,17092709,8.29,240,Mumbai Suburbs,2021-08-13,0.0462,Informal,6.97
LN107775,5131279,8.48,300,South Mumbai,2015-04-20,0.1025,Formal,4.38
LN107776,10331137,6.52,180,South Mumbai,2016-08-18,0.0506,Informal,7.24
LN107777,14346122,7.25,360,South Mumbai,2021-06-16,0.0464,Informal,5.31
LN107778,13328616,6.59,360,Mumbai Suburbs,2022-03-07,0.0888,Formal,4.88
LN107779,10975746,9.14,360,South Mumbai,2016-02-27,0.0751,Formal,5.16
LN107780,3086172,7.01,360,Mumbai Suburbs,2018-08-01,0.0826,Formal,5.43
LN107781,2365265,9.54,240,South Mumbai,2015-06-21,0.0431,Informal,5.92
LN107782,4242222,8.75,180,Mumbai Suburbs,2020-06-12,0.0666,Formal,6.05
LN107783,10710622,7.3,300,Navi Mumbai,2021-06-29,0.0184,Formal,5.57
LN107784,9677177,7.05,360,Mumbai Suburbs,2017-11-16,0.0024,Formal,5.56
LN107785,16703721,8.7,360,Mumbai Suburbs,2016-02-05,0.0423,Informal,5
LN107786,14545406,9.65,240,Navi Mumbai,2019-06-20,0.0614,Informal,5.34
LN107787,4776764,9.01,240,Mumbai Suburbs,2018-07-01,0.132,Informal,5.63
LN107788,19292754,7.72,240,Navi Mumbai,2021-01-18,0.0975,Formal,6.09
LN107789,17635015,8.56,180,South Mumbai,2015-07-06,0.0272,Formal,4.46
LN107790,12788510,7.59,300,Navi Mumbai,2016-09-23,0.0863,Formal,6.67
LN107791,19970064,10,180,Mumbai Suburbs,2020-12-21,0.0196,Informal,6.38
LN107792,3773219,9.12,360,South Mumbai,2015-07-02,0.106,Formal,5.05
LN107793,19421389,8.65,240,Navi Mumbai,2020-10-18,0.0448,Formal,5.61
LN107794,10357832,7.98,360,Navi Mumbai,2019-01-09,0.0428,Informal,7.31
LN107795,9625044,8.66,300,Mumbai Suburbs,2018-12-15,0.0906,Formal,4.07
LN107796,6545636,7.7,300,Navi Mumbai,2019-01-20,0.0432,Informal,6.84
LN107797,16161311,6.6,180,South Mumbai,2019-05-28,0.1124,Formal,5.79
LN107798,19991394,7.88,180,Mumbai Suburbs,2022-08-05,0.0429,Formal,6.17
LN107799,1074804,9.76,240,South Mumbai,2020-07-13,0.0866,Informal,6.4
LN107800,13045998,8.69,240,South Mumbai,2020-03-12,0.0635,Informal,5.6
LN107801,4789514,6.79,360,Mumbai Suburbs,2016-01-28,0.0804,Formal,4.67
LN107802,19750087,9.6,240,Mumbai Suburbs,2022-09-25,0.0298,Formal,7.18
LN107803,2940483,7.44,240,South Mumbai,2022-08-22,0.005,Informal,6.59
LN107804,7825711,7.35,360,Mumbai Suburbs,2022-07-31,0.0318,Informal,5.96
LN107805,2261402,7.54,300,South Mumbai,2017-10-13,0.0479,Informal,5.57
LN107806,15553939,8.52,240,Mumbai Suburbs,2020-04-05,0.054,Formal,5.75
LN107807,13229115,8.41,240,South Mumbai,2020-04-07,0.0455,Formal,6.88
LN107808,11967690,8.22,360,Navi Mumbai,2020-11-07,0,Informal,4.04
LN107809,3126028,9.01,360,South Mumbai,2016-10-01,0.0408,Formal,7.03
LN107810,4077195,7.61,360,Mumbai Suburbs,2018-09-06,0.0612,Formal,4.16
LN107811,3326344,9.24,360,South Mumbai,2021-11-17,0.0527,Formal,6.16
LN107812,12845708,7.11,360,Mumbai Suburbs,2018-03-03,0.0488,Formal,5.17
LN107813,14886255,9.24,240,South Mumbai,2022-08-12,0.0462,Formal,6.37
LN107814,11738073,8.82,180,Mumbai Suburbs,2018-09-05,0.0617,Formal,4.3
LN107815,2076837,8.89,180,Mumbai Suburbs,2021-03-18,0.0286,Formal,5.95
LN107816,17226854,8.19,180,Navi Mumbai,2017-04-26,0.0526,Formal,6.99
LN107817,12488057,8.83,240,South Mumbai,2018-12-21,0.0478,Informal,5.73
LN107818,17125202,6.78,300,Navi Mumbai,2020-02-03,0.0225,Formal,4.3
LN107819,10926354,9.48,240,South Mumbai,2020-04-14,0.0546,Formal,4.13
LN107820,2629040,6.69,180,South Mumbai,2017-01-02,0.0004,Informal,6.17
LN107821,11628172,7.02,180,South Mumbai,2019-03-21,0.0396,Formal,4.24
LN107822,3916596,8.52,360,South Mumbai,2015-12-09,0.0701,Formal,4.25
LN107823,5127436,9.09,360,Mumbai Suburbs,2017-12-16,0.0724,Informal,5.49
LN107824,5866940,6.77,360,Navi Mumbai,2017-04-25,0.0604,Informal,4.73
LN107825,1384083,9.72,240,South Mumbai,2016-06-08,0.0667,Formal,4.71
LN107826,9920206,9.91,300,Mumbai Suburbs,2018-09-24,0.0786,Informal,5.68
LN107827,17419167,8.62,300,Mumbai Suburbs,2021-07-22,0.0631,Formal,4.98
LN107828,6607968,8.18,360,Mumbai Suburbs,2021-04-22,0.0953,Formal,4.77
LN107829,16850653,9.09,300,Mumbai Suburbs,2015-08-15,0,Informal,5.8
LN107830,10054860,7.65,180,Navi Mumbai,2021-10-08,0.0847,Formal,5.02
LN107831,7464143,8.23,180,South Mumbai,2015-10-15,0,Informal,4.28
LN107832,12712961,9.71,360,Mumbai Suburbs,2022-05-03,0.0412,Formal,6.39
LN107833,4254992,9.84,360,South Mumbai,2015-08-20,0.0819,Formal,6.05
LN107834,10084970,9.74,360,Mumbai Suburbs,2020-01-10,0.0786,Formal,4.74
LN107835,7269191,7.42,300,Mumbai Suburbs,2021-06-10,0.0309,Formal,6.04
LN107836,2932303,7.31,240,Mumbai Suburbs,2021-10-02,0.0586,Formal,7.34
LN107837,3751821,7.54,360,South Mumbai,2020-08-09,0.0421,Formal,7.35
LN107838,8314895,8.04,300,South Mumbai,2018-09-17,0.0854,Informal,5.86
LN107839,17107696,7.6,360,South Mumbai,2017-07-27,0.0577,Informal,4.34
LN107840,1426941,7.81,240,Navi Mumbai,2021-10-16,0.0406,Formal,5.6
LN107841,13262378,8.67,360,South Mumbai,2020-05-23,0.0715,Formal,4.09
LN107842,5850224,9.17,180,Mumbai Suburbs,2016-07-03,0.0774,Formal,5.45
LN107843,1386354,9.07,360,South Mumbai,2019-09-21,0.0541,Informal,7.18
LN107844,6506336,9.35,180,Navi Mumbai,2018-11-28,0.0796,Formal,5.64
LN107845,1935709,6.61,180,Mumbai Suburbs,2017-06-08,0.1068,Informal,5.93
LN107846,3485178,6.67,300,South Mumbai,2017-02-05,0,Informal,4.55
LN107847,15560587,9.26,300,Navi Mumbai,2018-02-08,0.0962,Formal,4.05
LN107848,7379022,8.37,180,South Mumbai,2021-08-12,0.103,Formal,7.48
LN107849,15963537,8.52,180,Mumbai Suburbs,2017-10-13,0.0735,Formal,5.18
LN107850,6477630,6.68,360,Mumbai Suburbs,2022-11-23,0.0506,Informal,4.98
LN107851,7288893,7.39,360,Mumbai Suburbs,2016-09-10,0.0132,Formal,6
LN107852,17328470,8.73,180,Navi Mumbai,2017-02-12,0.0613,Informal,6.61
LN107853,19862685,9.51,300,Navi Mumbai,2016-05-24,0.0479,Informal,4.88
LN107854,13054240,9.71,360,Navi Mumbai,2016-12-16,0.0183,Formal,5.83
LN107855,19123581,8.25,360,Navi Mumbai,2021-10-26,0.0403,Formal,5.16
LN107856,2136078,8.41,360,Mumbai Suburbs,2016-01-02,0.0588,Formal,5.68
LN107857,9875206,9.42,300,South Mumbai,2016-06-23,0.0681,Formal,4.56
LN107858,13932366,8.38,180,Mumbai Suburbs,2019-07-31,0.0293,Formal,5.79
LN107859,16536115,8.31,360,Mumbai Suburbs,2017-08-10,0,Formal,4.17
LN107860,1533037,9.67,300,South Mumbai,2022-05-08,0.0523,Informal,6.94
LN107861,9602541,9.26,300,Mumbai Suburbs,2020-06-17,0.0325,Informal,6.2
LN107862,15828459,9.68,300,Navi Mumbai,2017-06-11,0.0469,Formal,7.3
LN107863,15637212,7.26,300,South Mumbai,2019-10-28,0,Formal,6.1
LN107864,18204925,8.34,360,Navi Mumbai,2021-09-10,0.0504,Formal,4.64
LN107865,9644147,9.45,180,Mumbai Suburbs,2017-07-03,0.0712,Informal,5.69
LN107866,2750866,6.89,180,South Mumbai,2020-11-18,0.0467,Formal,6.33
LN107867,4777173,9.28,300,Navi Mumbai,2017-05-01,0.0631,Formal,5.31
LN107868,11190880,7.14,180,Navi Mumbai,2016-12-02,0.0512,Formal,5.93
LN107869,5847384,9.33,360,South Mumbai,2020-12-18,0.0009,Formal,4.57
LN107870,17431928,8.64,180,Mumbai Suburbs,2020-09-19,0.0624,Informal,6.72
LN107871,11339460,7.18,180,Mumbai Suburbs,2021-11-15,0.0365,Formal,7.18
LN107872,6234748,8.16,240,Navi Mumbai,2018-02-15,0.0203,Informal,5.1
LN107873,9400728,8.89,180,South Mumbai,2021-03-31,0.0803,Formal,6.78
LN107874,1624135,8.72,180,South Mumbai,2022-10-12,0.0681,Formal,4.32
LN107875,5817167,8,300,Mumbai Suburbs,2020-06-17,0.0416,Informal,4.86
LN107876,8731445,9.65,300,Mumbai Suburbs,2022-06-22,0.0553,Informal,5.62
LN107877,14127660,8.32,240,Mumbai Suburbs,2018-04-11,0.0648,Formal,5.35
LN107878,7830707,8.27,360,Navi Mumbai,2022-01-16,0.009,Formal,6.17
LN107879,15528821,6.72,240,Navi Mumbai,2019-12-20,0.0258,Formal,5.97
LN107880,7923985,9.73,180,Navi Mumbai,2021-04-01,0.0272,Informal,4.31
LN107881,13774760,7.12,180,South Mumbai,2019-01-19,0.0749,Informal,4.46
LN107882,11740049,8.35,360,Navi Mumbai,2022-05-04,0.107,Formal,4.18
LN107883,12313161,9.31,360,Mumbai Suburbs,2020-06-17,0.0777,Formal,7.33
LN107884,9032304,7.25,300,South Mumbai,2015-12-10,0.0635,Formal,6.26
LN107885,3266598,8.35,180,Mumbai Suburbs,2015-10-05,0.0292,Formal,6.99
LN107886,19553454,7.34,180,South Mumbai,2021-02-15,0.0822,Formal,5.89
LN107887,9451392,9.16,180,Mumbai Suburbs,2022-10-31,0.0491,Informal,4.68
LN107888,6897162,8.48,180,Mumbai Suburbs,2017-10-12,0.0297,Informal,6.19
LN107889,14403760,9.5,180,Mumbai Suburbs,2020-03-02,0.0817,Formal,5.77
LN107890,7508676,9.63,180,South Mumbai,2018-03-06,0.0999,Formal,5.43
LN107891,5910662,8.77,180,Mumbai Suburbs,2015-10-27,0.0822,Formal,5.3
LN107892,11848338,9.04,180,South Mumbai,2016-09-19,0.1314,Formal,6.28
LN107893,19772343,8.42,300,Navi Mumbai,2016-08-18,0.0372,Informal,6.16
LN107894,8776604,7.85,240,Mumbai Suburbs,2022-06-03,0.0459,Formal,4.53
LN107895,11129678,8.77,180,South Mumbai,2016-02-26,0.0336,Formal,6.86
LN107896,10897442,9.68,300,South Mumbai,2018-08-08,0.0334,Formal,6.23
LN107897,2035108,7.96,180,Mumbai Suburbs,2018-06-14,0.1019,Formal,5.88
LN107898,18255581,7.6,360,Mumbai Suburbs,2018-03-14,0.0268,Formal,6.62
LN107899,3074242,7.86,180,Mumbai Suburbs,2022-05-13,0.0436,Informal,4.54
LN107900,6232761,8.02,240,South Mumbai,2022-01-11,0.0978,Informal,7.22
LN107901,12604008,6.76,300,Mumbai Suburbs,2020-06-30,0.0716,Formal,4.95
LN107902,18271425,8.24,360,South Mumbai,2021-10-25,0.0295,Formal,4.92
LN107903,19311446,8.23,360,Mumbai Suburbs,2019-02-07,0.0576,Formal,6.85
LN107904,18629196,8.56,180,Navi Mumbai,2016-12-19,0.009,Informal,5.17
LN107905,2766299,7.77,240,Mumbai Suburbs,2015-09-27,0.054,Formal,6.91
LN107906,13856218,8.65,240,South Mumbai,2022-05-13,0.0623,Informal,5.15
LN107907,16277887,9.57,180,Navi Mumbai,2022-01-07,0.0642,Formal,5.93
LN107908,7886608,9.84,180,South Mumbai,2016-04-04,0.1163,Formal,4.81
LN107909,17387621,8.54,300,Mumbai Suburbs,2022-09-03,0.0823,Informal,6.56
LN107910,19439872,6.65,300,Mumbai Suburbs,2015-07-27,0.0249,Informal,4.58
LN107911,16461768,9.89,180,South Mumbai,2015-07-03,0.0633,Formal,7.15
LN107912,10623207,8.97,180,South Mumbai,2020-11-28,0.058,Formal,5.3
LN107913,15499638,7.68,360,South Mumbai,2020-12-16,0.116,Formal,5.65
LN107914,5956780,7.02,240,Navi Mumbai,2020-03-03,0.0468,Informal,4.08
LN107915,5323242,7,300,Navi Mumbai,2021-08-02,0.0639,Informal,7.42
LN107916,3871712,7.09,180,Mumbai Suburbs,2020-07-23,0.068,Formal,6.85
LN107917,13505751,6.66,180,South Mumbai,2019-10-29,0.0279,Formal,5.56
LN107918,17280995,9.66,300,Navi Mumbai,2016-07-28,0.0143,Formal,7.22
LN107919,7903538,8.39,360,Mumbai Suburbs,2016-08-01,0.0532,Formal,7.26
LN107920,12366015,8.95,360,Mumbai Suburbs,2021-02-14,0.08,Informal,5.87
LN107921,18632872,9.4,180,Mumbai Suburbs,2016-10-30,0.0206,Formal,4.82
LN107922,14049353,9.27,240,Mumbai Suburbs,2017-08-28,0.057,Formal,5.7
LN107923,7817123,9.59,240,Mumbai Suburbs,2018-09-14,0.0399,Formal,5.14
LN107924,15264317,9.89,180,Mumbai Suburbs,2019-09-09,0.0019,Informal,5.57
LN107925,4566568,8.04,300,Mumbai Suburbs,2018-03-15,0.067,Formal,7.19
LN107926,5679020,9.83,240,Navi Mumbai,2019-01-26,0.0723,Formal,4.99
LN107927,2792363,9.03,300,Mumbai Suburbs,2022-10-21,0.0801,Formal,6.94
LN107928,18416138,6.75,300,Mumbai Suburbs,2015-08-28,0.0835,Informal,7.27
LN107929,1777867,8.89,300,South Mumbai,2016-08-24,0.057,Formal,6.82
LN107930,13449469,8.9,360,Mumbai Suburbs,2021-02-11,0.072,Informal,5.85
LN107931,15259691,9.67,240,South Mumbai,2018-10-16,0.0656,Formal,5.97
LN107932,16414846,7.81,360,South Mumbai,2017-08-21,0,Formal,6.87
LN107933,2702424,8.55,240,Navi Mumbai,2016-06-06,0.015,Formal,4.16
LN107934,12690251,6.54,180,South Mumbai,2016-02-27,0.0378,Formal,6.58
LN107935,18962776,7.66,300,Mumbai Suburbs,2018-04-18,0.0616,Informal,5.85
LN107936,11149576,6.72,240,Navi Mumbai,2016-03-20,0.068,Formal,5.39
LN107937,10334909,8.33,240,Mumbai Suburbs,2015-03-20,0.0796,Informal,6.68
LN107938,14244721,9.36,180,South Mumbai,2018-07-11,0.0802,Formal,4.93
LN107939,13715709,7.22,360,Mumbai Suburbs,2015-10-19,0.0656,Formal,7.13
LN107940,1867838,8.35,240,Navi Mumbai,2015-05-28,0.0748,Informal,6.41
LN107941,2057880,7.21,240,Mumbai Suburbs,2015-08-05,0.106,Informal,6.14
LN107942,4087714,6.92,360,Mumbai Suburbs,2016-04-26,0.0723,Informal,5.83
LN107943,13708467,8.29,360,Mumbai Suburbs,2021-06-01,0.059,Informal,4.74
LN107944,17135519,6.78,240,Mumbai Suburbs,2015-07-17,0.0737,Informal,6.16
LN107945,9856832,8.56,360,Mumbai Suburbs,2015-12-01,0.0845,Formal,6.54
LN107946,12519184,6.61,180,Mumbai Suburbs,2022-11-09,0.1065,Formal,4.04
LN107947,12628824,6.87,180,Mumbai Suburbs,2021-01-11,0.0272,Formal,5.28
LN107948,10695674,8.42,300,Mumbai Suburbs,2018-02-27,0.0108,Informal,6.91
LN107949,14969223,8.57,240,South Mumbai,2021-09-05,0.0662,Formal,6.21
LN107950,6600068,6.6,180,South Mumbai,2019-11-28,0.0166,Formal,6.15
LN107951,17396676,8.51,180,Mumbai Suburbs,2021-01-24,0.0525,Informal,4.8
LN107952,1785890,9.43,180,Mumbai Suburbs,2021-03-23,0.1143,Formal,6.21
LN107953,12226717,9.03,300,Mumbai Suburbs,2022-08-22,0.0601,Formal,6.75
LN107954,11992049,6.96,360,Mumbai Suburbs,2018-06-30,0.0604,Formal,5.41
LN107955,9586625,8.57,300,Mumbai Suburbs,2019-03-12,0.048,Formal,4.64
LN107956,6259245,8.85,300,Navi Mumbai,2015-04-17,0.1052,Formal,4.27
LN107957,6046528,6.63,300,Mumbai Suburbs,2016-03-20,0.0727,Formal,5.77
LN107958,11718126,9.49,300,Mumbai Suburbs,2019-11-09,0.046,Formal,6.39
LN107959,5228316,9.67,240,Mumbai Suburbs,2020-06-11,0.1044,Informal,4.57
LN107960,9072590,9.48,240,Mumbai Suburbs,2018-07-25,0.0656,Informal,5.48
LN107961,14090642,9.39,180,Navi Mumbai,2021-06-22,0.0476,Informal,5.99
LN107962,1454529,9.11,300,South Mumbai,2015-10-05,0,Formal,4.55
LN107963,12249737,8.72,300,Mumbai Suburbs,2018-02-12,0.0641,Informal,4.94
LN107964,14896034,8.88,180,South Mumbai,2017-05-15,0.0465,Formal,6.13
LN107965,12809755,9.32,360,South Mumbai,2020-12-07,0.0506,Informal,6.54
LN107966,17412182,8.82,240,Mumbai Suburbs,2018-07-11,0.0489,Informal,6.23
LN107967,19088845,7.65,300,South Mumbai,2022-06-10,0.0051,Informal,6.5
LN107968,18677758,7.82,360,Mumbai Suburbs,2016-12-02,0.1369,Formal,6.04
LN107969,12600244,9.64,360,Navi Mumbai,2021-01-25,0.0392,Informal,6.93
LN107970,16855977,6.56,300,Navi Mumbai,2020-07-08,0.08,Informal,6.89
LN107971,4954780,8.95,300,South Mumbai,2020-02-18,0.0534,Formal,6.79
LN107972,13617024,9.84,360,Mumbai Suburbs,2017-11-11,0,Formal,6.01
LN107973,16409475,8.97,240,Navi Mumbai,2018-03-04,0.0556,Formal,7.48
LN107974,16731071,9.98,240,South Mumbai,2021-01-26,0.0636,Informal,4.14
LN107975,9683376,8.91,300,Mumbai Suburbs,2021-09-13,0.0436,Informal,4.68
LN107976,4352921,6.62,300,Navi Mumbai,2020-12-27,0.1035,Formal,6.83
LN107977,17838480,9.39,180,South Mumbai,2018-06-09,0.1138,Formal,6.89
LN107978,6094502,7.5,180,Navi Mumbai,2019-06-17,0.0686,Formal,6.87
LN107979,3459507,8.06,240,Mumbai Suburbs,2021-05-06,0.0727,Informal,7.05
LN107980,14226702,7.59,180,South Mumbai,2017-06-21,0.0254,Formal,5.48
LN107981,4452097,7.44,360,Mumbai Suburbs,2018-03-20,0.0253,Formal,7.26
LN107982,8292306,8.01,360,Mumbai Suburbs,2021-08-17,0.0404,Informal,4.73
LN107983,12739799,7.83,360,South Mumbai,2018-05-29,0.12,Formal,7.28
LN107984,18995500,8.72,360,Mumbai Suburbs,2019-03-08,0.0435,Formal,5.95
LN107985,4080202,9.35,300,Mumbai Suburbs,2022-07-12,0.0995,Formal,4.57
LN107986,7002874,7.54,360,Mumbai Suburbs,2020-11-01,0.0383,Formal,6.58
LN107987,8518933,7.25,240,South Mumbai,2016-12-05,0.0311,Formal,5.04
LN107988,11336666,8.83,180,Navi Mumbai,2020-12-28,0.045,Formal,4.77
LN107989,6792819,8.85,240,Mumbai Suburbs,2022-05-25,0.0442,Formal,4.6
LN107990,8642139,9.65,300,Navi Mumbai,2017-01-26,0.0382,Formal,4.1
LN107991,10030672,6.56,180,Navi Mumbai,2021-03-23,0.1068,Formal,6.68
LN107992,18642846,9.49,180,Mumbai Suburbs,2018-10-02,0.0584,Formal,5.7
LN107993,11374108,8.32,180,South Mumbai,2018-04-24,0.054,Formal,7.43
LN107994,10698597,8.67,360,Navi Mumbai,2016-02-20,0.0608,Formal,5.54
LN107995,9557286,6.82,300,Mumbai Suburbs,2021-08-28,0.0874,Formal,6.95
LN107996,6811303,8.01,240,South Mumbai,2017-01-06,0.0608,Formal,7.39
LN107997,6279947,7.3,360,Mumbai Suburbs,2015-12-12,0.0692,Informal,4.08
LN107998,18077622,7.39,180,South Mumbai,2020-07-13,0.0905,Formal,4.37
LN107999,18295177,8.26,240,South Mumbai,2021-02-12,0.0279,Formal,5.22
LN108000,16936565,9.34,240,Mumbai Suburbs,2018-01-07,0.0349,Formal,7.05
LN108001,17573715,9.1,240,South Mumbai,2016-01-16,0.0633,Formal,6.93
LN108002,2035598,8.57,300,Navi Mumbai,2019-05-14,0.0388,Formal,5.28
LN108003,8169158,8.39,360,Navi Mumbai,2017-10-11,0.053,Formal,4.7
LN108004,1163944,8,300,Mumbai Suburbs,2015-01-13,0.0269,Formal,6.81
LN108005,11984713,9.9,180,South Mumbai,2018-09-28,0.0341,Formal,6.09
LN108006,3969852,8.46,180,Mumbai Suburbs,2020-01-16,0.0933,Formal,4.11
LN108007,8950630,7.39,240,Mumbai Suburbs,2020-04-10,0.049,Formal,6.81
LN108008,7800541,7.31,240,Mumbai Suburbs,2021-06-26,0.0462,Formal,7.35
LN108009,5756004,8.64,240,South Mumbai,2018-09-08,0.0352,Formal,4.15
LN108010,19135670,8.33,300,Mumbai Suburbs,2021-06-09,0.0334,Informal,5
LN108011,16182914,6.53,360,Mumbai Suburbs,2021-06-09,0.0289,Formal,6.87
LN108012,8689969,9.41,300,Navi Mumbai,2018-08-04,0.0213,Informal,6.05
LN108013,4871018,8.96,180,Navi Mumbai,2022-08-08,0.0389,Informal,7.46
LN108014,17223694,8.82,240,Mumbai Suburbs,2016-02-05,0.0565,Formal,7.2
LN108015,10459412,6.74,240,Mumbai Suburbs,2018-09-09,0.0792,Informal,4.62
LN108016,7412083,7.77,300,South Mumbai,2019-02-23,0.0575,Informal,6.36
LN108017,8875639,9.77,180,South Mumbai,2019-03-30,0.0298,Formal,6.29
LN108018,15301576,9.52,360,Navi Mumbai,2016-07-01,0.0438,Formal,4.39
LN108019,13824294,7.5,240,Mumbai Suburbs,2020-11-12,0.0419,Formal,4.31
LN108020,7807643,7.05,240,South Mumbai,2019-10-11,0.0402,Formal,5.99
LN108021,17727830,8.07,180,Mumbai Suburbs,2021-10-28,0.0486,Formal,5.41
LN108022,6210558,7.75,240,Navi Mumbai,2021-09-11,0.0867,Informal,5.91
LN108023,12966251,8.89,360,Mumbai Suburbs,2015-12-12,0.0802,Formal,4.84
LN108024,14012949,9.88,300,South Mumbai,2018-10-01,0.1079,Informal,5.95
LN108025,17208313,7.77,180,Navi Mumbai,2020-09-24,0.0332,Formal,5.34
LN108026,19503897,6.72,240,Mumbai Suburbs,2019-06-14,0.0265,Formal,7.11
LN108027,1117408,9.64,240,Mumbai Suburbs,2020-08-22,0.0489,Formal,5.07
LN108028,1636431,6.63,360,South Mumbai,2021-12-07,0.095,Formal,7.05
LN108029,10187896,9.83,300,Navi Mumbai,2020-01-05,0,Informal,5.36
LN108030,19013757,8.83,360,Navi Mumbai,2020-03-19,0.0634,Formal,6.02
LN108031,3036721,9.8,300,Mumbai Suburbs,2020-02-10,0.0498,Formal,5
LN108032,11029521,7.2,360,South Mumbai,2017-02-22,0.0787,Informal,6.83
LN108033,7087494,6.64,300,Mumbai Suburbs,2019-06-06,0.0726,Formal,6.95
LN108034,16933469,8.21,240,South Mumbai,2017-07-07,0.0786,Formal,6.83
LN108035,9879391,8.08,240,South Mumbai,2015-08-15,0.0747,Formal,6.24
LN108036,18884393,7.66,240,Mumbai Suburbs,2017-07-16,0.1441,Formal,5.07
LN108037,16874794,9.85,180,South Mumbai,2015-02-26,0.1135,Formal,6.23
LN108038,10175404,9.38,300,Navi Mumbai,2017-04-11,0.0848,Formal,7.36
LN108039,6408520,8.82,180,South Mumbai,2020-01-20,0.0454,Formal,6.27
LN108040,9070024,7.07,300,Mumbai Suburbs,2019-05-15,0.0487,Formal,7.35
LN108041,6512460,9.07,240,South Mumbai,2020-03-24,0.0945,Formal,5.07
LN108042,4494585,9.04,180,Mumbai Suburbs,2015-03-16,0.0956,Informal,6.96
LN108043,2992834,7.99,180,South Mumbai,2015-02-26,0.0345,Formal,6.51
LN108044,13512020,9.74,360,Mumbai Suburbs,2019-10-26,0,Formal,6.87
LN108045,6306175,7.08,300,Mumbai Suburbs,2020-02-04,0.005,Formal,6.49
LN108046,6648734,7.44,360,Navi Mumbai,2021-09-20,0.0952,Informal,5.68
LN108047,17774623,6.72,180,Mumbai Suburbs,2018-07-08,0.1008,Informal,6.4
LN108048,6194914,9.28,180,South Mumbai,2022-01-19,0.0605,Formal,7.26
LN108049,5716302,8.68,240,South Mumbai,2021-08-21,0.0697,Formal,5.46
LN108050,17379767,7.6,360,Mumbai Suburbs,2020-01-19,0.1135,Formal,7.33
LN108051,3473055,7.07,360,South Mumbai,2021-11-03,0.1204,Formal,4.17
LN108052,2327877,6.64,360,Mumbai Suburbs,2015-11-02,0.0804,Formal,4.05
LN108053,3687328,7.08,300,Navi Mumbai,2019-11-08,0.0593,Informal,5.73
LN108054,7478623,8.09,180,Navi Mumbai,2022-03-02,0.047,Formal,6.97
LN108055,19677171,7.37,360,Navi Mumbai,2016-01-31,0.0516,Formal,4.87
LN108056,11294496,7.41,240,Navi Mumbai,2021-10-27,0.0368,Formal,6.43
LN108057,7132446,9.56,180,Mumbai Suburbs,2019-05-18,0.0796,Informal,5.91
LN108058,1672225,8.3,240,Mumbai Suburbs,2018-09-10,0.0561,Formal,5.02
LN108059,11512973,9.05,180,Mumbai Suburbs,2019-01-20,0.0354,Informal,5
LN108060,4070610,6.62,240,Navi Mumbai,2018-10-06,0.0939,Formal,4.26
LN108061,12591786,7.78,360,South Mumbai,2022-01-30,0.0766,Informal,5.88
LN108062,4732238,8.18,360,Mumbai Suburbs,2017-03-25,0.0677,Formal,5.58
LN108063,19749829,7.15,240,South Mumbai,2015-09-09,0.0552,Formal,5.01
LN108064,9306931,6.92,300,South Mumbai,2016-04-21,0.0737,Formal,7.4
LN108065,13213092,9.55,240,Mumbai Suburbs,2018-12-15,0.0495,Formal,6.86
LN108066,12547091,9.79,180,Mumbai Suburbs,2018-02-28,0.1431,Formal,5.84
LN108067,15287713,6.78,240,Mumbai Suburbs,2021-02-17,0.1285,Formal,5.83
LN108068,19121307,7.72,240,Mumbai Suburbs,2018-06-14,0.0355,Formal,4.68
LN108069,18181686,9.85,180,Mumbai Suburbs,2017-09-11,0.0522,Informal,6.27
LN108070,5329394,6.79,360,South Mumbai,2016-11-20,0.033,Formal,7.34
LN108071,1791624,8.75,180,Mumbai Suburbs,2019-04-17,0.0037,Formal,7.14
LN108072,8079903,9.9,240,Navi Mumbai,2019-10-25,0.1112,Informal,4.3
LN108073,2601207,9.92,180,Mumbai Suburbs,2017-12-01,0.0555,Formal,4.19
LN108074,11697913,8.15,240,Mumbai Suburbs,2021-05-22,0.0272,Formal,7.36
LN108075,18261643,7.07,360,Mumbai Suburbs,2018-12-30,0.008,Formal,4.7
LN108076,11806322,7.21,240,Navi Mumbai,2020-02-24,0.0667,Informal,5.93
LN108077,15377746,9.61,240,Mumbai Suburbs,2017-06-01,0.0707,Formal,4.26
LN108078,14107348,9.69,360,South Mumbai,2018-04-21,0.0723,Informal,6.95
LN108079,14180114,8.63,180,Navi Mumbai,2019-04-28,0.0921,Formal,4.41
LN108080,5083372,9.18,300,Navi Mumbai,2017-04-02,0.0869,Formal,6.25
LN108081,18886445,9.09,300,Mumbai Suburbs,2016-02-23,0.0214,Formal,4.2
LN108082,13775505,8.82,240,Mumbai Suburbs,2019-03-08,0.0273,Formal,4.55
LN108083,7191081,9.4,240,Mumbai Suburbs,2015-09-28,0.0892,Informal,5.79
LN108084,19867100,8.9,360,Mumbai Suburbs,2015-01-12,0.0415,Informal,4.16
LN108085,15220331,8.37,180,Mumbai Suburbs,2019-03-08,0.016,Informal,4.68
LN108086,9309740,7.33,300,Navi Mumbai,2022-10-11,0.0188,Formal,4.48
LN108087,10900154,9.1,300,Navi Mumbai,2020-08-27,0.0881,Formal,4.14
LN108088,5821699,8.16,360,Mumbai Suburbs,2019-06-25,0.0876,Formal,7.4
LN108089,7605129,7.53,360,Navi Mumbai,2021-03-01,0.0638,Formal,5.58
LN108090,7172056,9.31,300,South Mumbai,2020-03-30,0.0317,Informal,7.01
LN108091,2496030,8.94,180,South Mumbai,2021-02-02,0.0581,Informal,5.25
LN108092,12237698,9.78,180,Mumbai Suburbs,2022-12-10,0.0552,Informal,4.15
LN108093,17788225,7.08,180,Mumbai Suburbs,2016-12-09,0.0468,Formal,6.43
LN108094,19500696,8.77,240,South Mumbai,2022-09-16,0.0805,Informal,4.14
LN108095,9313264,7.35,180,Mumbai Suburbs,2022-07-26,0.0456,Formal,5.93
LN108096,16069977,9.66,240,South Mumbai,2015-05-23,0.0762,Formal,4.49
LN108097,2991367,6.85,240,Mumbai Suburbs,2019-08-04,0.07,Formal,6.35
LN108098,16796762,8.8,360,Navi Mumbai,2016-08-18,0.0168,Informal,7.12
LN108099,9718936,9.27,240,Mumbai Suburbs,2019-11-11,0.1198,Formal,7.35
LN108100,2000294,7.74,240,Mumbai Suburbs,2020-01-09,0.0773,Formal,5.85
LN108101,17333698,9.84,360,Navi Mumbai,2020-03-15,0.0122,Formal,5.86
LN108102,12587062,9.48,180,Mumbai Suburbs,2021-03-01,0.0169,Informal,4.13
LN108103,3285362,7.53,180,Navi Mumbai,2015-04-24,0.1075,Informal,6.69
LN108104,12838983,6.53,300,Mumbai Suburbs,2021-02-06,0.0654,Formal,7.35
LN108105,9565873,7.54,300,Navi Mumbai,2015-08-25,0.0768,Informal,5.53
LN108106,8860791,7.48,240,Navi Mumbai,2019-02-21,0.0716,Formal,6.78
LN108107,14430702,9.61,300,Mumbai Suburbs,2019-12-08,0.0926,Formal,6.79
LN108108,12615193,9.88,360,Mumbai Suburbs,2015-12-24,0.094,Formal,6.75
LN108109,12916937,6.75,300,Mumbai Suburbs,2018-02-21,0.0337,Formal,6.66
LN108110,14890893,8.15,300,Mumbai Suburbs,2021-12-17,0.0751,Formal,4.75
LN108111,5384432,8.42,240,Mumbai Suburbs,2017-11-14,0.0179,Informal,6.63
LN108112,19468008,6.83,360,Mumbai Suburbs,2018-04-26,0.0274,Informal,4.51
LN108113,19408786,7.82,300,Mumbai Suburbs,2019-07-22,0.0509,Formal,6.49
LN108114,17716573,7.61,180,Mumbai Suburbs,2015-04-09,0.009,Formal,4.01
LN108115,12879286,8.38,360,Navi Mumbai,2016-08-07,0.0367,Formal,7.22
LN108116,5773598,8.81,360,Mumbai Suburbs,2019-08-19,0,Formal,6.9
LN108117,2660102,8.96,240,South Mumbai,2015-07-08,0.0594,Formal,6.39
LN108118,11733778,6.98,360,South Mumbai,2016-07-06,0.1093,Informal,4.33
LN108119,2511710,9.35,360,South Mumbai,2022-05-09,0.061,Formal,6.89
LN108120,14708759,8.87,360,South Mumbai,2020-09-08,0.061,Formal,7.06
LN108121,18593825,9.61,360,South Mumbai,2015-11-05,0.0492,Formal,6.41
LN108122,7807087,8.07,360,Mumbai Suburbs,2015-05-22,0.0893,Informal,7.42
LN108123,5062316,9.63,360,Navi Mumbai,2018-10-19,0.0584,Formal,4.33
LN108124,6587239,9.53,360,Mumbai Suburbs,2016-12-23,0.027,Formal,6.48
LN108125,12577349,8.03,180,Mumbai Suburbs,2015-06-24,0.0651,Formal,5.84
LN108126,2655464,7.83,360,Mumbai Suburbs,2019-03-06,0.1066,Formal,4.51
LN108127,10795427,9.76,240,Navi Mumbai,2021-10-13,0.0172,Informal,6.3
LN108128,9377114,9,180,Navi Mumbai,2021-12-24,0.0318,Formal,6.8
LN108129,14947082,9.75,360,South Mumbai,2020-12-03,0.0569,Informal,4.58
LN108130,17169784,9.29,300,South Mumbai,2016-11-29,0.0495,Formal,6.78
LN108131,1878835,8.63,240,South Mumbai,2017-01-24,0.0726,Formal,4.33
LN108132,16118662,6.91,180,Mumbai Suburbs,2016-05-17,0.0305,Informal,6.07
LN108133,8556142,7.52,240,Mumbai Suburbs,2022-10-29,0.0441,Informal,6.79
LN108134,4277560,9.89,180,Mumbai Suburbs,2015-09-29,0.0616,Formal,4.51
LN108135,11858093,7.62,300,Navi Mumbai,2020-03-01,0.0626,Formal,6
LN108136,6088268,6.83,240,Mumbai Suburbs,2021-08-30,0.1381,Formal,5.49
LN108137,8279995,8.98,240,Navi Mumbai,2020-12-23,0.0835,Informal,6.13
LN108138,15188311,9.07,180,South Mumbai,2016-08-11,0.0138,Informal,5.48
LN108139,3760451,7.5,180,South Mumbai,2018-03-02,0.0295,Formal,4.88
LN108140,10085997,7.54,300,Mumbai Suburbs,2016-10-26,0.0192,Formal,4.89
LN108141,7369553,8.14,360,South Mumbai,2017-09-25,0.1084,Formal,7.03
LN108142,7432975,6.58,180,Mumbai Suburbs,2017-08-07,0.0279,Informal,4.55
LN108143,13154784,9.26,180,South Mumbai,2015-12-25,0.0776,Formal,4.43
LN108144,15765065,7.61,180,Mumbai Suburbs,2016-01-07,0.0746,Formal,4.34
LN108145,12237918,9.49,300,South Mumbai,2015-12-12,0.016,Informal,4.26
LN108146,3848411,9.31,360,South Mumbai,2017-10-13,0.0474,Formal,4.05
LN108147,10445112,8.81,360,Navi Mumbai,2017-09-24,0.0521,Formal,4.56
LN108148,17300930,7.64,300,Navi Mumbai,2017-02-12,0.0126,Formal,4.67
LN108149,3444149,8.31,360,Mumbai Suburbs,2016-11-09,0.1135,Formal,4.94
LN108150,7930358,8.06,240,Navi Mumbai,2016-02-20,0.0651,Formal,4.43
LN108151,3214669,7.69,300,Mumbai Suburbs,2018-04-11,0.1078,Formal,4.33
LN108152,16807704,9.47,180,Mumbai Suburbs,2015-04-11,0.1262,Formal,5.9
LN108153,19731918,8.19,360,Navi Mumbai,2019-01-22,0.0648,Formal,6.52
LN108154,12048646,9.41,240,South Mumbai,2016-08-31,0.0712,Formal,6.21
LN108155,3933361,6.87,300,South Mumbai,2016-03-28,0.0364,Formal,5.95
LN108156,1421655,6.99,300,Mumbai Suburbs,2020-11-15,0.1,Formal,5.54
LN108157,15010010,9.92,180,Mumbai Suburbs,2020-09-16,0.0586,Formal,6.22
LN108158,1799717,8.56,180,South Mumbai,2016-02-24,0.0473,Formal,7.16
LN108159,6647069,8.28,300,South Mumbai,2016-09-03,0.037,Informal,6.2
LN108160,16227046,8.33,240,Mumbai Suburbs,2020-08-17,0.0622,Formal,4.21
LN108161,15584766,7.25,180,Mumbai Suburbs,2016-08-16,0.0786,Formal,6
LN108162,18699022,9.02,300,Mumbai Suburbs,2019-08-12,0.0661,Formal,5.83
LN108163,10179651,6.8,300,Navi Mumbai,2015-08-29,0.0739,Formal,5.58
LN108164,8873692,8.51,180,Mumbai Suburbs,2018-12-07,0.0535,Informal,5.99
LN108165,12689720,8.5,360,Mumbai Suburbs,2015-04-24,0.0751,Formal,6.35
LN108166,2193728,9.7,240,Navi Mumbai,2018-03-05,0.0742,Formal,4.13
LN108167,15700938,8.34,360,Navi Mumbai,2015-11-08,0.0964,Formal,5.68
LN108168,2504329,6.98,360,Mumbai Suburbs,2017-09-29,0.0842,Informal,6.86
LN108169,19555066,8.5,240,Mumbai Suburbs,2020-07-27,0.0646,Formal,5.86
LN108170,18313104,6.82,240,Mumbai Suburbs,2020-08-04,0.0724,Formal,4.24
LN108171,16601315,7.21,180,Mumbai Suburbs,2017-05-01,0.0255,Informal,6.71
LN108172,7971631,6.61,180,South Mumbai,2017-07-02,0.0983,Formal,7.29
LN108173,14322772,8.3,180,Mumbai Suburbs,2018-05-03,0.0525,Informal,6.98
LN108174,19980104,6.8,240,South Mumbai,2022-07-03,0.0563,Formal,5.27
LN108175,13513349,8.14,360,South Mumbai,2019-09-15,0.0456,Formal,5.87
LN108176,11922181,9.77,240,Mumbai Suburbs,2021-01-03,0.0334,Formal,6.07
LN108177,2724620,9.02,180,Navi Mumbai,2015-01-10,0.0355,Formal,6.51
LN108178,6169719,6.77,360,South Mumbai,2020-07-01,0.0277,Formal,6.33
LN108179,12501342,7.28,180,South Mumbai,2015-04-18,0.0528,Formal,4.7
LN108180,5830165,8.86,360,Mumbai Suburbs,2021-11-03,0.085,Formal,6.95
LN108181,7566692,9.63,180,Mumbai Suburbs,2022-12-29,0.0593,Formal,6.97
LN108182,18135278,6.62,240,South Mumbai,2016-08-04,0.0799,Formal,5.42
LN108183,8248730,9.34,300,South Mumbai,2015-01-06,0.0744,Formal,4.46
LN108184,15705521,8.47,300,Mumbai Suburbs,2017-12-07,0.0465,Formal,6.13
LN108185,12343859,8.41,360,Navi Mumbai,2021-01-01,0.0971,Formal,5.25
LN108186,3077645,9.85,240,South Mumbai,2017-02-19,0.09,Formal,6.59
LN108187,2401471,9.12,180,Mumbai Suburbs,2021-07-06,0.0846,Formal,5.1
LN108188,15742958,9.48,360,Mumbai Suburbs,2021-06-18,0.0725,Informal,4.92
LN108189,2716548,7.74,360,South Mumbai,2020-03-30,0.0498,Formal,7.04
LN108190,5952505,8.44,180,South Mumbai,2022-01-12,0.0497,Formal,6.16
LN108191,13792611,8.65,180,Mumbai Suburbs,2021-01-19,0.0591,Informal,4.3
LN108192,5100321,7.63,180,Navi Mumbai,2021-01-13,0.1013,Formal,6.41
LN108193,3097711,8.5,240,South Mumbai,2021-08-09,0.0935,Formal,6.63
LN108194,7095561,7.33,300,Mumbai Suburbs,2015-03-26,0.0167,Formal,4.82
LN108195,1037361,7,360,Mumbai Suburbs,2019-05-22,0.0678,Informal,7.39
LN108196,16547216,7.81,360,Navi Mumbai,2016-04-18,0,Informal,5.31
LN108197,9146836,9.09,300,South Mumbai,2021-12-11,0.0468,Informal,7.29
LN108198,4463227,9.71,360,Mumbai Suburbs,2019-09-28,0.0397,Formal,5.03
LN108199,3457856,8.1,240,Navi Mumbai,2018-10-30,0.0767,Formal,6.13
LN108200,2761856,8.75,180,Navi Mumbai,2022-02-16,0.0274,Formal,5.81
LN108201,12960096,6.86,300,Mumbai Suburbs,2021-03-24,0.0141,Formal,7.47
LN108202,1000037,9.67,240,Mumbai Suburbs,2017-05-01,0.045,Formal,5.43
LN108203,16378456,8.49,180,Mumbai Suburbs,2022-08-23,0.0598,Formal,4.63
LN108204,13886476,9.23,300,Mumbai Suburbs,2021-02-26,0.0078,Formal,6.92
LN108205,18430884,9.28,240,Mumbai Suburbs,2022-05-07,0.0941,Informal,4.15
LN108206,18480861,7.4,300,Mumbai Suburbs,2021-12-10,0.054,Formal,7.1
LN108207,10694535,8.35,300,Navi Mumbai,2015-09-29,0.0608,Informal,4.39
LN108208,14368750,9.86,240,Mumbai Suburbs,2015-09-30,0.0931,Formal,6
LN108209,1593975,6.81,360,Mumbai Suburbs,2018-07-02,0.038,Formal,6.5
LN108210,16562820,8.89,240,Navi Mumbai,2017-06-04,0.1044,Informal,5.18
LN108211,4983063,9.87,300,Navi Mumbai,2018-11-26,0.0602,Formal,6.96
LN108212,3282373,7.55,300,Mumbai Suburbs,2015-09-15,0.0838,Informal,6.08
LN108213,8527872,9.52,240,Mumbai Suburbs,2016-10-19,0.0733,Formal,5.38
LN108214,3550552,9.77,180,Mumbai Suburbs,2021-05-22,0.0806,Informal,5.14
LN108215,10240832,9.11,180,South Mumbai,2018-09-03,0.0623,Formal,4.39
LN108216,8504361,7.31,180,South Mumbai,2017-08-01,0.046,Formal,6.24
LN108217,8314153,7.67,180,Mumbai Suburbs,2019-11-22,0.1182,Informal,5.27
LN108218,10750576,6.63,240,South Mumbai,2015-07-04,0.0594,Formal,5.12
LN108219,14283643,9.41,360,Mumbai Suburbs,2018-04-04,0.0271,Formal,7.32
LN108220,18336247,9.47,180,Mumbai Suburbs,2018-11-13,0.1041,Formal,4.95
LN108221,3701243,8.71,300,Mumbai Suburbs,2015-05-27,0.0507,Informal,7.07
LN108222,17590189,7.73,180,South Mumbai,2019-02-26,0.0083,Formal,7.41
LN108223,6444003,6.77,360,South Mumbai,2019-09-26,0.0353,Formal,6.88
LN108224,7542155,9.14,240,South Mumbai,2019-11-23,0.0013,Informal,4.07
LN108225,8165371,9.04,360,South Mumbai,2016-07-26,0.0367,Informal,7.04
LN108226,13727850,9.69,360,Navi Mumbai,2018-06-27,0.1127,Formal,4.75
LN108227,3988088,9.06,360,Mumbai Suburbs,2021-12-07,0.0738,Informal,5.24
LN108228,15843441,9.4,180,South Mumbai,2022-10-03,0.0599,Formal,7.47
LN108229,1979907,9.11,180,South Mumbai,2016-02-02,0.0427,Formal,5.42
LN108230,17991184,8.71,360,Mumbai Suburbs,2019-07-15,0.0559,Formal,6.29
LN108231,13971300,7.99,240,Mumbai Suburbs,2015-08-09,0.0934,Formal,5.09
LN108232,19678953,9.66,180,South Mumbai,2017-01-12,0.0052,Informal,5.29
LN108233,14561102,8.78,240,Navi Mumbai,2022-09-14,0.1482,Formal,6.09
LN108234,14779190,7.89,180,Navi Mumbai,2021-04-23,0.0335,Formal,7.32
LN108235,17773349,6.79,240,South Mumbai,2021-05-23,0.0525,Formal,4.99
LN108236,17649919,7.52,180,Mumbai Suburbs,2018-03-15,0.0552,Formal,4.87
LN108237,1985461,8.4,360,Mumbai Suburbs,2020-03-23,0.0544,Formal,4.09
LN108238,12743969,7.46,300,Mumbai Suburbs,2016-07-05,0.0398,Informal,4.71
LN108239,2806423,7.27,300,Navi Mumbai,2017-08-05,0.0862,Formal,4.92
LN108240,16477847,8.35,240,South Mumbai,2016-12-26,0.0942,Informal,4.22
LN108241,2950408,7.09,240,Mumbai Suburbs,2017-11-24,0.0887,Formal,5.97
LN108242,17373461,9.3,360,Mumbai Suburbs,2015-03-18,0.0627,Formal,4.44
LN108243,4594128,8.2,360,Mumbai Suburbs,2022-10-20,0.0423,Formal,5.79
LN108244,19183643,8.51,240,Navi Mumbai,2020-08-14,0.0544,Formal,4.66
LN108245,4895090,7.02,300,South Mumbai,2015-10-04,0.0574,Formal,7.28
LN108246,3765013,7.64,360,South Mumbai,2017-01-20,0.0306,Formal,5.07
LN108247,16579209,7.94,240,Mumbai Suburbs,2020-07-07,0.0653,Informal,4.33
LN108248,17216761,9.33,360,South Mumbai,2017-09-14,0.114,Informal,6.93
LN108249,9424990,9.2,360,South Mumbai,2022-11-13,0.0549,Formal,5.41
LN108250,8038170,7.28,180,Mumbai Suburbs,2022-09-21,0.075,Formal,6.87
LN108251,18639435,8.66,360,South Mumbai,2018-09-13,0.0403,Formal,5.09
LN108252,14654829,7.35,240,Mumbai Suburbs,2019-03-29,0.0866,Formal,5.75
LN108253,19495519,9.96,360,South Mumbai,2019-09-28,0.0403,Informal,5.56
LN108254,10663464,9.83,240,South Mumbai,2015-10-03,0.0476,Formal,5.95
LN108255,4801082,8.47,180,Mumbai Suburbs,2022-07-06,0.0755,Informal,5.41
LN108256,7696674,8.95,180,South Mumbai,2018-12-27,0.0303,Formal,5.74
LN108257,13317876,9.31,300,Navi Mumbai,2019-12-11,0.073,Formal,6.38
LN108258,12095868,9.02,180,Mumbai Suburbs,2020-09-03,0.0915,Formal,5.45
LN108259,4205677,8.95,180,Mumbai Suburbs,2018-04-19,0.0649,Formal,6.4
LN108260,3506068,9.85,240,Navi Mumbai,2015-08-26,0.0861,Formal,6.5
LN108261,11024015,8.59,300,South Mumbai,2017-03-16,0.0213,Informal,6.62
LN108262,13481158,8.73,180,Mumbai Suburbs,2019-06-16,0.0734,Formal,5.65
LN108263,1483075,9.47,360,Navi Mumbai,2016-06-26,0.0463,Formal,4.01
LN108264,13348378,8.84,300,South Mumbai,2016-01-09,0.0716,Formal,6.64
LN108265,11165918,9.07,180,Navi Mumbai,2015-10-04,0.1075,Formal,7.18
LN108266,9715978,7.32,300,South Mumbai,2021-07-20,0,Formal,6.28
LN108267,6451731,7.8,180,South Mumbai,2015-10-17,0.0414,Formal,5.84
LN108268,7746037,7.02,240,Mumbai Suburbs,2021-08-06,0,Informal,5.96
LN108269,13685328,8.27,300,South Mumbai,2020-04-07,0.0231,Formal,6.24
LN108270,14679946,8.1,300,Mumbai Suburbs,2015-09-05,0.0457,Formal,7.49
LN108271,10231261,9.99,180,Navi Mumbai,2016-09-04,0.0858,Formal,4.22
LN108272,8841640,8.64,300,Navi Mumbai,2021-10-01,0.0842,Formal,4.07
LN108273,11225125,9.25,180,Mumbai Suburbs,2018-09-16,0.0834,Formal,7.37
LN108274,9740245,7.67,360,Navi Mumbai,2022-12-07,0.0768,Informal,5.54
LN108275,16708276,9.41,300,Mumbai Suburbs,2018-09-06,0.0198,Informal,6.14
LN108276,16107626,8.65,300,South Mumbai,2016-02-02,0.0841,Formal,6.64
LN108277,17728943,8.94,240,Mumbai Suburbs,2019-11-08,0.0397,Formal,6.6
LN108278,14486194,7.53,240,Mumbai Suburbs,2020-12-07,0.0734,Formal,6.27
LN108279,9566554,8.42,300,Mumbai Suburbs,2016-04-25,0.0325,Formal,5.65
LN108280,6137956,8.72,240,Mumbai Suburbs,2021-08-24,0.0546,Formal,6.02
LN108281,14477488,8.56,300,Mumbai Suburbs,2017-10-03,0.058,Informal,6.55
LN108282,18642115,9.7,180,Mumbai Suburbs,2022-09-09,0.0704,Formal,6.98
LN108283,3318292,9.64,300,Navi Mumbai,2018-05-22,0.0348,Formal,4.45
LN108284,19803609,9.9,300,Mumbai Suburbs,2016-08-10,0.0798,Informal,4.97
LN108285,12390691,8.84,360,South Mumbai,2020-09-26,0.0206,Informal,5.39
LN108286,3379897,9.9,240,Mumbai Suburbs,2020-12-16,0.111,Formal,6.33
LN108287,19071632,9.41,240,Mumbai Suburbs,2018-08-08,0.0375,Formal,5.38
LN108288,2985196,7.45,360,Navi Mumbai,2017-05-01,0.0013,Informal,4.84
LN108289,8703189,8,180,South Mumbai,2017-07-20,0.0578,Formal,4.12
LN108290,13306806,7.33,180,Mumbai Suburbs,2018-05-11,0.0476,Informal,6.95
LN108291,2560121,6.51,180,South Mumbai,2022-11-25,0.0325,Formal,5.47
LN108292,6878263,7.16,360,South Mumbai,2019-11-05,0.1004,Formal,5.15
LN108293,18220251,6.51,300,Mumbai Suburbs,2015-06-23,0.0826,Formal,5.86
LN108294,4099072,9.02,180,Mumbai Suburbs,2021-11-01,0.0739,Formal,4.43
LN108295,7650723,7.99,180,Navi Mumbai,2019-08-08,0.0313,Informal,5.39
LN108296,16343504,7.59,360,Mumbai Suburbs,2022-05-20,0.0441,Informal,6.63
LN108297,5552636,9.17,240,South Mumbai,2019-05-21,0.0417,Informal,6.58
LN108298,18528456,9.41,360,Mumbai Suburbs,2016-07-10,0.0052,Formal,6.7
LN108299,5315596,9.91,240,Mumbai Suburbs,2016-11-17,0.0681,Informal,5.64
LN108300,7775996,8.75,180,Mumbai Suburbs,2015-01-01,0.0703,Informal,5.29
LN108301,18773007,8.12,180,Mumbai Suburbs,2015-05-02,0.0637,Informal,6.91
LN108302,11609551,7.57,300,South Mumbai,2016-05-27,0.0668,Formal,4.61
LN108303,10929729,7.28,300,Mumbai Suburbs,2018-03-23,0.026,Formal,6.54
LN108304,16195753,7.25,240,Mumbai Suburbs,2019-10-26,0.0332,Formal,7.11
LN108305,2960299,7.93,180,Mumbai Suburbs,2018-10-02,0.0505,Formal,5
LN108306,6079111,9.97,180,Navi Mumbai,2021-05-21,0.1015,Formal,4.69
LN108307,3853501,6.5,360,Mumbai Suburbs,2022-03-04,0.0949,Formal,5.79
LN108308,12216041,7.19,180,Mumbai Suburbs,2021-06-16,0.0755,Informal,4.76
LN108309,7282444,7.16,180,Mumbai Suburbs,2021-01-30,0.1204,Formal,7.05
LN108310,17205624,9.01,360,South Mumbai,2015-01-18,0.0753,Formal,4.86
LN108311,3459622,7.73,360,Mumbai Suburbs,2018-07-14,0.0791,Formal,5.1
LN108312,17636098,8.1,180,Mumbai Suburbs,2022-01-13,0.1044,Informal,7.11
LN108313,15569117,7.02,300,Mumbai Suburbs,2018-10-20,0.0809,Formal,4.72
LN108314,19674675,7.92,300,Mumbai Suburbs,2018-11-26,0.1095,Formal,7.1
LN108315,5240012,6.86,180,Navi Mumbai,2018-07-20,0.0609,Formal,4.73
LN108316,13338450,8.37,300,South Mumbai,2015-04-18,0.0408,Formal,7.19
LN108317,17093190,6.84,360,South Mumbai,2015-07-03,0.0571,Formal,5.11
LN108318,15107528,9.27,300,Navi Mumbai,2015-01-15,0.0671,Formal,4.86
LN108319,18992658,8.48,180,Navi Mumbai,2019-08-02,0.0329,Formal,5.67
LN108320,6564396,9.03,300,Mumbai Suburbs,2015-01-18,0.0386,Formal,5.29
LN108321,8903797,7.96,180,Navi Mumbai,2020-01-17,0.0473,Informal,4.71
LN108322,13505703,7.84,300,South Mumbai,2020-07-12,0.027,Formal,5.18
LN108323,12704145,6.84,180,South Mumbai,2016-04-05,0.0424,Informal,6.5
LN108324,8049985,8.33,180,Navi Mumbai,2018-03-17,0.082,Formal,6.91
LN108325,8506161,8.3,300,Navi Mumbai,2019-11-14,0.0838,Formal,6.87
LN108326,8026206,8.14,300,South Mumbai,2020-01-06,0.0179,Formal,6.65
LN108327,5247328,9.09,360,South Mumbai,2019-06-15,0.0693,Informal,4.02
LN108328,19228685,9.41,240,South Mumbai,2017-09-14,0.0579,Formal,5.49
LN108329,4300874,9.13,180,South Mumbai,2022-12-16,0.0915,Formal,4.59
LN108330,9302975,7,180,Mumbai Suburbs,2020-09-19,0.0519,Formal,4.26
LN108331,14101446,8.68,180,Mumbai Suburbs,2019-05-03,0.0228,Informal,6.58
LN108332,7126463,6.78,180,Mumbai Suburbs,2018-05-16,0.0454,Formal,6.78
LN108333,9437534,8.93,300,Mumbai Suburbs,2015-05-08,0.0241,Informal,6.85
LN108334,6410812,7.84,300,Navi Mumbai,2017-10-24,0,Formal,7.12
LN108335,15955183,6.96,240,South Mumbai,2019-03-29,0.0584,Formal,6.07
LN108336,15380525,9.52,180,Mumbai Suburbs,2021-06-21,0.0756,Formal,7.49
LN108337,1483791,8.65,240,Navi Mumbai,2022-02-24,0.0656,Formal,5.69
LN108338,16374160,7.74,360,South Mumbai,2017-10-04,0.0215,Formal,7.09
LN108339,19935930,6.61,240,Navi Mumbai,2017-08-09,0.0194,Formal,4.4
LN108340,12836889,8.38,240,Mumbai Suburbs,2017-05-05,0.0665,Informal,4.52
LN108341,10184874,9.73,360,South Mumbai,2015-09-24,0.1109,Formal,6.07
LN108342,14317681,8.59,360,South Mumbai,2020-11-29,0.0988,Formal,4.43
LN108343,5225872,9.9,240,Mumbai Suburbs,2016-05-20,0.0512,Informal,4.26
LN108344,14380190,6.98,360,Mumbai Suburbs,2016-09-20,0.0663,Informal,4.69
LN108345,10049867,8.49,240,Mumbai Suburbs,2016-01-04,0.0874,Formal,6.76
LN108346,9998934,9.29,300,South Mumbai,2021-07-04,0.0557,Formal,7.25
LN108347,2245749,8.34,300,Mumbai Suburbs,2018-06-24,0.0197,Formal,5.17
LN108348,19195396,6.82,240,South Mumbai,2019-10-24,0,Formal,7.41
LN108349,16046402,8.54,360,Mumbai Suburbs,2019-01-30,0.0655,Formal,6.83
LN108350,9237881,8.64,360,Mumbai Suburbs,2016-08-24,0.054,Formal,4.79
LN108351,17493750,9.05,300,Mumbai Suburbs,2022-12-02,0.0088,Formal,6.05
LN108352,4726904,9.16,300,South Mumbai,2017-09-02,0.0172,Informal,7.44
LN108353,15459536,9.2,360,South Mumbai,2015-07-19,0.0521,Informal,6.97
LN108354,16387558,8.82,360,South Mumbai,2016-06-22,0.0436,Informal,5.27
LN108355,10921625,7.26,360,South Mumbai,2021-11-05,0.103,Formal,5.07
LN108356,18569731,7.91,360,South Mumbai,2021-12-25,0.1026,Informal,6.87
LN108357,6910838,9.22,240,Mumbai Suburbs,2017-10-03,0.0345,Formal,5.92
LN108358,19170412,9.84,360,Mumbai Suburbs,2019-06-11,0.1051,Formal,4.57
LN108359,18812427,6.78,300,Mumbai Suburbs,2015-09-30,0.1085,Informal,5.15
LN108360,3189568,8.37,300,Mumbai Suburbs,2021-11-01,0.0688,Formal,6.32
LN108361,1647122,7.59,180,South Mumbai,2019-02-24,0.0321,Formal,4.54
LN108362,4782164,7.29,360,Navi Mumbai,2022-10-06,0.0636,Informal,6.45
LN108363,2761331,8.27,240,South Mumbai,2019-09-27,0,Informal,6.48
LN108364,19654545,8.62,180,Mumbai Suburbs,2015-06-12,0.0424,Formal,4.95
LN108365,1315315,6.53,180,Navi Mumbai,2016-07-18,0.068,Informal,5.39
LN108366,9539202,9.23,240,Mumbai Suburbs,2016-07-05,0.0716,Formal,7.27
LN108367,10109500,9.37,180,South Mumbai,2022-02-26,0.0467,Informal,6.62
LN108368,14665033,9.88,180,Mumbai Suburbs,2020-02-11,0.0621,Formal,6.76
LN108369,4959015,7.13,300,South Mumbai,2022-07-13,0.0294,Informal,5.81
LN108370,12061060,8.58,180,Mumbai Suburbs,2021-06-23,0.1022,Informal,4.75
LN108371,3214979,7.99,240,Mumbai Suburbs,2015-09-09,0.1034,Formal,6.07
LN108372,8354292,7.67,360,Mumbai Suburbs,2017-02-13,0.0813,Informal,6.7
LN108373,1196211,8.48,360,South Mumbai,2018-02-16,0.052,Informal,4.01
LN108374,2836082,9.24,360,Navi Mumbai,2016-05-07,0.0353,Formal,4.4
LN108375,3237699,6.58,300,Mumbai Suburbs,2019-05-22,0.0854,Informal,5.66
LN108376,16938126,9.89,300,South Mumbai,2021-03-27,0.0655,Informal,5.53
LN108377,2813065,9.33,300,Mumbai Suburbs,2022-01-17,0.0299,Formal,7.44
LN108378,8395511,9.13,240,Mumbai Suburbs,2020-07-16,0.0918,Formal,4.32
LN108379,16968063,9.16,360,Mumbai Suburbs,2022-05-15,0.0466,Formal,5.13
LN108380,9472761,7.86,240,South Mumbai,2019-04-09,0.0341,Formal,6.85
LN108381,7166994,9.13,240,South Mumbai,2021-03-06,0.0884,Formal,6.14
LN108382,5172060,7.85,180,Mumbai Suburbs,2019-01-10,0.0363,Formal,5.97
LN108383,17856163,9.65,360,South Mumbai,2021-01-05,0.0638,Informal,6.59
LN108384,11342588,7.12,180,South Mumbai,2022-10-11,0.0985,Informal,4.14
LN108385,9136537,7.52,300,Navi Mumbai,2017-06-25,0.0955,Informal,7.32
LN108386,6969677,8.43,300,Mumbai Suburbs,2017-03-15,0.0702,Informal,4.67
LN108387,16505393,7.62,240,Mumbai Suburbs,2020-06-27,0.0248,Formal,4.29
LN108388,18745626,7.98,240,Mumbai Suburbs,2021-02-27,0.0451,Formal,5.19
LN108389,11799520,8.22,180,Mumbai Suburbs,2015-11-17,0.1325,Formal,6.46
LN108390,16990677,9.5,180,Mumbai Suburbs,2021-07-13,0.0884,Formal,4.81
LN108391,12756372,8.33,240,Navi Mumbai,2017-08-25,0.0531,Formal,4.17
LN108392,13000488,7.77,360,South Mumbai,2022-12-07,0.0222,Formal,4.2
LN108393,18818051,7.37,240,South Mumbai,2020-06-06,0.003,Formal,4.9
LN108394,11266900,7.93,360,South Mumbai,2019-09-01,0.0965,Formal,4.47
LN108395,9531225,8.31,180,Mumbai Suburbs,2016-06-02,0.0971,Informal,5.3
LN108396,10657570,9.11,300,Mumbai Suburbs,2017-04-24,0.0589,Formal,4.61
LN108397,11490455,6.92,300,South Mumbai,2017-11-27,0.0477,Formal,5.21
LN108398,18807336,7.28,180,Mumbai Suburbs,2019-12-18,0.094,Formal,5.56
LN108399,2034780,7.83,180,South Mumbai,2018-03-13,0.0156,Formal,6.6
LN108400,8128822,7.76,300,Mumbai Suburbs,2017-02-22,0.1199,Informal,4.8
LN108401,1749045,7.87,360,Navi Mumbai,2020-09-29,0.0821,Formal,5.66
LN108402,18649325,9.28,180,Mumbai Suburbs,2020-07-16,0.0224,Formal,6.85
LN108403,13423088,7.63,360,South Mumbai,2015-04-21,0.0836,Formal,7.45
LN108404,8736085,8.26,360,South Mumbai,2016-10-29,0.0395,Formal,5.95
LN108405,1387405,8.68,300,South Mumbai,2019-07-10,0.0199,Formal,5.51
LN108406,7805360,7.31,360,Mumbai Suburbs,2022-03-21,0.0835,Formal,6.21
LN108407,5561786,9.02,300,Mumbai Suburbs,2019-05-16,0.0269,Informal,5.7
LN108408,5758669,8.41,180,Navi Mumbai,2018-12-16,0.0199,Formal,4.58
LN108409,13924971,8.06,240,Mumbai Suburbs,2020-02-14,0.0745,Formal,5.61
LN108410,12775840,9.33,240,Mumbai Suburbs,2018-10-10,0.0569,Informal,7.43
LN108411,4101004,7.35,240,Navi Mumbai,2017-04-15,0.0903,Formal,6.24
LN108412,6534693,9.59,240,Mumbai Suburbs,2016-06-05,0.051,Formal,4.99
LN108413,3932208,8.46,240,South Mumbai,2018-07-08,0.0483,Formal,7.32
LN108414,11096694,8.63,240,Mumbai Suburbs,2018-10-14,0,Formal,5.36
LN108415,13289446,9.56,360,Mumbai Suburbs,2020-01-06,0.0751,Informal,5.37
LN108416,11104480,9.36,360,Mumbai Suburbs,2019-03-26,0.0595,Informal,6.16
LN108417,1956740,8.61,240,South Mumbai,2018-12-10,0.0956,Formal,5.99
LN108418,17242334,9.14,180,South Mumbai,2016-04-07,0.0828,Informal,5.02
LN108419,16503439,8.02,180,South Mumbai,2017-11-30,0.07,Formal,5.63
LN108420,19988062,8.42,360,South Mumbai,2018-10-23,0.0381,Formal,5.16
LN108421,16123296,6.72,360,Navi Mumbai,2019-12-19,0.0475,Informal,6.58
LN108422,10893427,6.81,240,Mumbai Suburbs,2021-07-31,0.0765,Formal,4.43
LN108423,15401161,9.4,180,Mumbai Suburbs,2017-07-07,0.0585,Informal,6.63
LN108424,19744798,6.71,300,Mumbai Suburbs,2017-09-17,0.1025,Formal,4.56
LN108425,1840268,7.09,240,Mumbai Suburbs,2018-12-28,0.0994,Formal,5.07
LN108426,7129026,9.29,360,Navi Mumbai,2019-09-11,0.0525,Informal,5.17
LN108427,6770938,6.5,360,Mumbai Suburbs,2020-05-30,0.0628,Informal,7.47
LN108428,9441243,7.49,360,Mumbai Suburbs,2022-12-25,0.0362,Informal,6.06
LN108429,13603858,8.54,300,Mumbai Suburbs,2015-11-01,0.0569,Formal,6.72
LN108430,18760854,8.58,180,Navi Mumbai,2020-02-27,0.0885,Formal,5.94
LN108431,12652065,9.22,360,Navi Mumbai,2018-06-06,0.0437,Informal,7.44
LN108432,3791671,8.27,240,Navi Mumbai,2022-12-05,0.049,Informal,4.62
LN108433,3061892,8.28,300,South Mumbai,2017-01-12,0.0249,Formal,6.12
LN108434,5078140,9.04,180,South Mumbai,2018-06-20,0.0431,Informal,6.79
LN108435,12984827,8.25,240,South Mumbai,2017-11-16,0.0784,Informal,6.2
LN108436,16641926,8.63,240,Mumbai Suburbs,2021-06-16,0.0528,Formal,7.14
LN108437,4909308,9.64,300,Mumbai Suburbs,2016-03-14,0.0255,Formal,6.1
LN108438,8466897,7.91,300,South Mumbai,2021-08-01,0.0664,Formal,6.89
LN108439,8685727,7.85,300,Mumbai Suburbs,2016-04-04,0.0585,Formal,4.62
LN108440,1915767,6.51,360,South Mumbai,2022-10-17,0.0936,Formal,4.92
LN108441,9689972,8.65,180,Navi Mumbai,2022-02-05,0.0559,Informal,5.55
LN108442,10716486,6.6,360,South Mumbai,2016-02-22,0.0301,Formal,6.98
LN108443,16547488,8.26,300,Mumbai Suburbs,2015-08-20,0.0889,Formal,5.49
LN108444,9214491,9.31,300,Mumbai Suburbs,2019-12-22,0.0309,Formal,6.2
LN108445,17388019,8.42,300,Mumbai Suburbs,2020-09-02,0.021,Formal,5.39
LN108446,12881412,7.44,360,South Mumbai,2015-07-04,0.0288,Informal,6.82
LN108447,1381856,9.25,240,Navi Mumbai,2021-03-17,0.0417,Formal,4.7
LN108448,13032120,7.44,300,Mumbai Suburbs,2017-02-09,0.0033,Formal,6.08
LN108449,15294821,9.07,360,Navi Mumbai,2019-05-03,0.0082,Formal,6.02
LN108450,10151969,8.64,300,Navi Mumbai,2020-05-23,0.0834,Informal,5.41
LN108451,5579097,7.09,360,Mumbai Suburbs,2016-03-20,0.0549,Informal,6.47
LN108452,8613312,9.67,180,Navi Mumbai,2018-02-01,0.055,Informal,4.1
LN108453,5016899,7.2,180,Navi Mumbai,2016-06-02,0.0583,Formal,6.95
LN108454,16528998,9.96,360,Navi Mumbai,2017-05-22,0.0769,Informal,5.22
LN108455,4955199,6.53,300,Navi Mumbai,2016-02-18,0.0354,Formal,6.78
LN108456,4268896,7.42,360,Navi Mumbai,2017-04-13,0.0768,Formal,5.07
LN108457,5253459,7.2,180,Mumbai Suburbs,2022-10-15,0.0634,Formal,4.66
LN108458,15156692,6.55,360,South Mumbai,2021-12-19,0.0313,Formal,5.36
LN108459,8136940,9.06,180,Navi Mumbai,2021-04-07,0.0783,Formal,6.79
LN108460,3854135,8.93,180,Mumbai Suburbs,2018-08-12,0.0617,Formal,6.46
LN108461,15959998,9.27,240,South Mumbai,2018-08-06,0.0286,Formal,5.4
LN108462,18253593,7.4,300,Mumbai Suburbs,2018-08-06,0.0309,Informal,7.28
LN108463,1398422,8.06,360,Mumbai Suburbs,2015-03-27,0.0744,Formal,5.43
LN108464,17899153,8.81,300,Mumbai Suburbs,2019-03-13,0.0904,Informal,5.23
LN108465,2133629,8.04,300,South Mumbai,2022-06-08,0.0685,Formal,4.51
LN108466,8652126,8.94,180,South Mumbai,2022-09-03,0.0867,Formal,4.25
LN108467,18155571,8.72,180,Mumbai Suburbs,2018-11-02,0.097,Formal,5.22
LN108468,11279977,6.9,360,Mumbai Suburbs,2019-04-30,0.0532,Formal,4.32
LN108469,12504456,9.23,360,Mumbai Suburbs,2016-12-09,0.0649,Informal,5.62
LN108470,8277186,9.02,360,Mumbai Suburbs,2016-06-04,0.0801,Informal,7.01
LN108471,19452475,8.8,180,Mumbai Suburbs,2017-12-21,0.0256,Formal,5.67
LN108472,10428082,7.04,240,South Mumbai,2022-07-03,0.091,Formal,5.68
LN108473,11347737,7.44,360,South Mumbai,2021-02-19,0.1009,Formal,4.89
LN108474,7609001,7.88,180,Mumbai Suburbs,2017-01-06,0.0379,Formal,4.58
LN108475,9816087,7.48,240,Mumbai Suburbs,2020-10-17,0.1461,Informal,4.78
LN108476,7024945,7.3,300,South Mumbai,2019-07-13,0.0838,Formal,5.99
LN108477,15101325,9.32,180,Mumbai Suburbs,2016-10-06,0.0554,Formal,6.07
LN108478,2360764,8.73,360,Navi Mumbai,2015-12-23,0,Formal,4.77
LN108479,15213506,8.48,360,Navi Mumbai,2022-01-06,0.0572,Formal,5.4
LN108480,3594545,7.29,240,Mumbai Suburbs,2019-08-03,0.0727,Informal,5.99
LN108481,4182999,9.71,240,South Mumbai,2015-05-29,0.0692,Formal,6.66
LN108482,10514440,7.17,180,South Mumbai,2019-11-09,0.0207,Formal,5.12
LN108483,8029446,9.28,240,South Mumbai,2015-01-09,0.0402,Informal,4.95
LN108484,6790740,9.88,180,South Mumbai,2022-01-24,0.0804,Formal,6.56
LN108485,9951442,9.04,240,Mumbai Suburbs,2015-10-03,0.0778,Formal,5.8
LN108486,1840597,9.98,300,Mumbai Suburbs,2020-07-15,0.0883,Formal,7
LN108487,1850122,8.78,360,South Mumbai,2018-11-11,0.0636,Informal,4.74
LN108488,14029792,7.26,360,Navi Mumbai,2015-02-23,0.059,Informal,6.7
LN108489,1730559,7.21,300,Mumbai Suburbs,2020-03-18,0.0753,Informal,4.57
LN108490,2862015,7.64,360,Mumbai Suburbs,2015-04-02,0.0628,Formal,6.05
LN108491,12348964,6.52,360,Navi Mumbai,2021-10-23,0.0141,Formal,4.99
LN108492,14129224,8.89,360,Mumbai Suburbs,2019-04-06,0.1056,Formal,4.35
LN108493,15399256,7.44,360,Navi Mumbai,2022-12-16,0.0877,Informal,6.16
LN108494,19782680,9.35,300,South Mumbai,2022-11-01,0.0727,Formal,5.77
LN108495,17514067,7.76,180,South Mumbai,2019-11-10,0.019,Formal,5.7
LN108496,12885033,8.18,360,Mumbai Suburbs,2019-05-06,0.0851,Informal,6.07
LN108497,2705692,9.88,300,Mumbai Suburbs,2015-04-03,0.0468,Formal,5.3
LN108498,18403992,7.35,360,South Mumbai,2016-11-18,0.0849,Formal,6.35
LN108499,12106789,9.02,300,Mumbai Suburbs,2016-05-18,0.0764,Informal,4.46
LN108500,19539203,9.14,300,South Mumbai,2022-08-23,0.0498,Informal,6.5
LN108501,7523229,7.27,180,Mumbai Suburbs,2020-09-12,0.0916,Formal,6.03
LN108502,10370707,8.25,240,Mumbai Suburbs,2021-08-27,0.0242,Formal,5.7
LN108503,4486082,7.73,180,Mumbai Suburbs,2020-04-11,0.0617,Formal,4.45
LN108504,16902806,9.2,180,Mumbai Suburbs,2018-11-24,0.1098,Formal,4.97
LN108505,2550642,8.68,360,Navi Mumbai,2018-11-21,0.0746,Formal,5.03
LN108506,11180433,8.17,300,Mumbai Suburbs,2017-01-05,0.0874,Informal,4.82
LN108507,12498649,9.23,240,Navi Mumbai,2021-05-08,0.0624,Formal,7.34
LN108508,3494903,7.32,300,South Mumbai,2019-10-04,0.0594,Informal,7.2
LN108509,18293247,9.14,360,Mumbai Suburbs,2021-11-21,0.0234,Informal,5.91
LN108510,17824583,9.53,300,Mumbai Suburbs,2017-10-02,0.0553,Formal,4.72
LN108511,19409964,9.58,360,Navi Mumbai,2018-03-21,0.0802,Formal,7.19
LN108512,17188024,9.24,180,Mumbai Suburbs,2020-07-18,0.0272,Formal,6.62
LN108513,5862944,7.93,180,Navi Mumbai,2022-12-25,0.0311,Informal,4.14
LN108514,16088026,9.94,360,South Mumbai,2020-11-23,0.0726,Informal,5.72
LN108515,1364716,7.83,180,Navi Mumbai,2020-04-13,0.0848,Formal,6.12
LN108516,15239359,8.74,300,South Mumbai,2022-01-20,0.1205,Informal,4.23
LN108517,6253087,7.06,240,South Mumbai,2018-06-17,0.0518,Formal,4.17
LN108518,5920791,9.93,240,South Mumbai,2018-02-07,0.0526,Informal,5.62
LN108519,18231839,8.96,300,Mumbai Suburbs,2021-04-02,0.0849,Formal,4.01
LN108520,9015648,9.14,240,Mumbai Suburbs,2020-04-10,0.0771,Informal,4.16
LN108521,16500318,6.73,300,South Mumbai,2016-04-25,0.0523,Informal,4.58
LN108522,2310646,9.17,360,South Mumbai,2020-02-29,0.0592,Informal,7.18
LN108523,9429948,9.21,240,Mumbai Suburbs,2016-04-03,0.0412,Informal,6.68
LN108524,15923019,8.85,360,Navi Mumbai,2022-07-08,0.0253,Formal,5.58
LN108525,18669959,7.52,360,Mumbai Suburbs,2019-02-07,0.0559,Formal,5.68
LN108526,3014751,8.21,300,Mumbai Suburbs,2019-06-07,0.1057,Formal,6.4
LN108527,6842488,6.89,240,Mumbai Suburbs,2015-10-19,0.0384,Formal,5.66
LN108528,2413285,8.15,180,Mumbai Suburbs,2022-04-03,0.0169,Formal,4.22
LN108529,2330657,7.35,180,Navi Mumbai,2017-01-06,0.0299,Formal,6.59
LN108530,14904851,7.72,180,Mumbai Suburbs,2017-03-19,0.0759,Formal,4.2
LN108531,16434272,7.07,180,Mumbai Suburbs,2020-09-11,0.0729,Formal,5.7
LN108532,18722377,7.31,300,Navi Mumbai,2015-01-23,0.0981,Formal,7.02
LN108533,6000783,6.77,360,Navi Mumbai,2019-05-04,0.0918,Formal,4.41
LN108534,3328767,9.72,240,South Mumbai,2020-07-21,0.0689,Formal,6.47
LN108535,12475418,8.36,300,Mumbai Suburbs,2015-05-22,0.0795,Formal,4.16
LN108536,13234587,7.89,180,Mumbai Suburbs,2018-05-03,0.0375,Informal,7.48
LN108537,15817916,8.37,240,Mumbai Suburbs,2017-01-24,0.0807,Formal,6.39
LN108538,17017834,8.7,300,Mumbai Suburbs,2016-11-10,0.0567,Formal,7.39
LN108539,12083599,9.73,360,Mumbai Suburbs,2017-12-09,0.0855,Formal,6.34
LN108540,11186163,7.13,180,South Mumbai,2018-03-11,0.0726,Formal,4.85
LN108541,17830226,7.53,240,Mumbai Suburbs,2018-05-20,0.0458,Formal,7.24
LN108542,16960724,9.92,240,Navi Mumbai,2020-07-28,0.027,Formal,6.19
LN108543,6805333,7.8,180,Mumbai Suburbs,2015-06-10,0.045,Formal,6.02
LN108544,6516552,6.58,360,Navi Mumbai,2020-06-02,0.0655,Informal,5.5
LN108545,18684488,7.02,180,Navi Mumbai,2021-10-04,0.0355,Formal,5
LN108546,13763592,6.59,360,Mumbai Suburbs,2017-04-22,0.0554,Formal,5.86
LN108547,11884890,9.96,240,Navi Mumbai,2017-10-31,0.0926,Formal,5.28
LN108548,15192912,7.48,180,South Mumbai,2022-07-13,0.0952,Formal,6.99
LN108549,14979640,9.73,360,Mumbai Suburbs,2021-12-09,0.0743,Formal,4.1
LN108550,1536364,9.99,360,Mumbai Suburbs,2019-03-26,0.1009,Formal,5.86
LN108551,15541831,8.6,300,Mumbai Suburbs,2017-03-08,0.022,Informal,6.93
LN108552,15311631,6.62,360,South Mumbai,2019-01-08,0.0989,Formal,4.1
LN108553,18680273,6.79,180,South Mumbai,2017-08-10,0.0192,Formal,4.99
LN108554,19527868,8.19,180,South Mumbai,2021-11-16,0.0603,Informal,4.18
LN108555,17594432,7.92,360,Mumbai Suburbs,2021-04-10,0.0356,Formal,6.08
LN108556,18440694,8.62,180,Navi Mumbai,2017-04-08,0.0822,Formal,5.11
LN108557,5139524,8.04,240,Navi Mumbai,2015-04-18,0.013,Formal,7.36
LN108558,18768209,9.77,240,South Mumbai,2016-06-15,0.0071,Informal,6.16
LN108559,2588049,8.37,180,Mumbai Suburbs,2020-05-22,0.0404,Informal,5.97
LN108560,18736512,8.93,360,South Mumbai,2018-02-05,0.0382,Formal,7.21
LN108561,18039746,9.64,240,Mumbai Suburbs,2022-04-29,0.0429,Formal,4.78
LN108562,3042361,7.01,360,Navi Mumbai,2022-06-23,0.0398,Formal,5.97
LN108563,17994983,7.3,180,Navi Mumbai,2017-08-10,0.0806,Informal,5.9
LN108564,18887186,6.88,300,South Mumbai,2020-05-08,0.0575,Formal,4.29
LN108565,10034612,6.99,240,South Mumbai,2017-03-25,0.1065,Informal,7.26
LN108566,1187486,8.29,180,South Mumbai,2016-07-13,0.0669,Informal,6.45
LN108567,2628782,7.62,240,Mumbai Suburbs,2015-11-30,0.0865,Formal,7.11
LN108568,17708838,7.98,360,Navi Mumbai,2017-12-23,0.0774,Informal,7.44
LN108569,2733391,9.94,300,Mumbai Suburbs,2015-04-12,0.0331,Formal,5.68
LN108570,3202661,7.05,300,Mumbai Suburbs,2022-07-06,0.0444,Formal,6.81
LN108571,5550056,8.39,180,Mumbai Suburbs,2022-01-25,0.0898,Formal,6.02
LN108572,2162886,6.85,240,South Mumbai,2020-02-19,0.0067,Formal,7.42
LN108573,5075341,7.61,300,South Mumbai,2021-10-04,0.0746,Formal,4.87
LN108574,3929386,8.35,240,South Mumbai,2021-05-14,0.0547,Formal,4.05
LN108575,15940504,9.81,360,Mumbai Suburbs,2015-08-11,0.0377,Formal,4.65
LN108576,18735317,7.87,360,Navi Mumbai,2015-09-18,0.052,Formal,4.45
LN108577,14279226,6.73,180,Mumbai Suburbs,2020-07-17,0.1086,Informal,5.53
LN108578,1069519,7.86,300,South Mumbai,2015-01-24,0.0083,Informal,4.27
LN108579,14294387,7.01,300,Mumbai Suburbs,2015-11-26,0.0234,Formal,4.77
LN108580,1960655,7.3,240,South Mumbai,2020-07-16,0.0019,Formal,4.34
LN108581,16985227,8.66,360,South Mumbai,2022-08-04,0.0469,Formal,5.7
LN108582,10585296,6.74,300,Mumbai Suburbs,2016-08-11,0.0413,Formal,4.93
LN108583,19919140,8.13,180,Mumbai Suburbs,2021-03-31,0.0648,Formal,5.65
LN108584,11608191,8.63,180,Navi Mumbai,2017-09-21,0.0456,Formal,4.31
LN108585,3979674,7.98,300,Mumbai Suburbs,2022-08-10,0.0735,Formal,5.81
LN108586,3292056,6.57,180,South Mumbai,2019-05-22,0.0364,Informal,4.46
LN108587,9547596,9.95,300,South Mumbai,2017-10-27,0.1229,Formal,4.35
LN108588,8122759,7.78,300,South Mumbai,2018-03-06,0.0784,Formal,5.09
LN108589,15444292,9.23,300,South Mumbai,2022-04-13,0.0755,Informal,7.06
LN108590,5233384,7.64,300,South Mumbai,2018-03-27,0.0788,Formal,6.76
LN108591,13689154,8.16,240,Mumbai Suburbs,2015-07-06,0.0286,Formal,7.36
LN108592,14412066,7.86,300,South Mumbai,2015-05-06,0.0526,Informal,5.61
LN108593,16194144,7.7,180,Navi Mumbai,2015-05-19,0.0539,Formal,5.09
LN108594,6852373,6.58,360,Mumbai Suburbs,2019-11-02,0.0458,Informal,7.4
LN108595,10315889,7.76,240,Mumbai Suburbs,2021-04-29,0.0496,Informal,5.34
LN108596,13603880,9.61,360,Mumbai Suburbs,2022-11-06,0.0849,Formal,4.03
LN108597,12768753,8.92,360,Mumbai Suburbs,2022-01-17,0.0582,Formal,6.87
LN108598,15167068,7.01,360,Mumbai Suburbs,2016-12-17,0.069,Informal,4.59
LN108599,3873382,8.57,360,South Mumbai,2022-04-26,0.0093,Informal,6.51
LN108600,19167395,9.62,360,Navi Mumbai,2020-10-20,0.0076,Formal,4.05
LN108601,9113324,8.95,180,South Mumbai,2021-06-24,0.0317,Formal,4.39
LN108602,8128080,7.02,300,Navi Mumbai,2021-08-01,0.1092,Formal,5.69
LN108603,17673847,9.54,180,South Mumbai,2015-07-11,0.1203,Informal,4.24
LN108604,16273517,7.56,240,Mumbai Suburbs,2016-12-04,0.0895,Formal,7.11
LN108605,9314052,8.09,180,Mumbai Suburbs,2015-05-29,0.0482,Formal,6.62
LN108606,15124685,8.34,240,Mumbai Suburbs,2017-03-11,0.0728,Formal,5.15
LN108607,1746470,9.48,300,South Mumbai,2021-09-06,0.0979,Formal,6.09
LN108608,13736241,9.76,360,South Mumbai,2021-09-07,0.1156,Informal,6.5
LN108609,17094140,9.75,300,Mumbai Suburbs,2015-07-10,0.0255,Informal,6.64
LN108610,8068566,6.53,180,Navi Mumbai,2020-02-10,0.0661,Formal,5.38
LN108611,10961370,9.73,180,Mumbai Suburbs,2017-06-16,0.0503,Formal,7.15
LN108612,2918517,6.69,300,Mumbai Suburbs,2017-01-08,0.0776,Formal,7.3
LN108613,15378121,7.43,300,South Mumbai,2016-11-15,0.0616,Formal,4.69
LN108614,4429985,8.3,180,Mumbai Suburbs,2018-01-04,0.03,Formal,7.19
LN108615,19088630,8.18,300,South Mumbai,2019-09-08,0.0718,Formal,6.49
LN108616,9404196,8.62,240,South Mumbai,2016-03-15,0.0391,Formal,7.11
LN108617,3814268,8.18,240,Mumbai Suburbs,2019-01-01,0.0589,Formal,5.49
LN108618,8058175,9.77,180,Mumbai Suburbs,2017-10-29,0.0604,Formal,6.31
LN108619,12598709,7.34,180,South Mumbai,2020-03-24,0.1106,Formal,4.82
LN108620,9232823,7.46,300,South Mumbai,2021-09-16,0.0696,Formal,6.63
LN108621,13597589,9.72,300,Mumbai Suburbs,2021-09-17,0.0573,Formal,6.04
LN108622,11347578,6.77,360,South Mumbai,2018-01-19,0.0817,Formal,5.68
LN108623,14960896,8.63,240,Navi Mumbai,2017-07-05,0.0335,Informal,6.42
LN108624,15228944,8.89,180,Mumbai Suburbs,2016-03-16,0.063,Informal,5.93
LN108625,11104587,8.27,180,South Mumbai,2022-05-04,0.079,Formal,6.68
LN108626,4423604,8.93,180,Mumbai Suburbs,2015-09-14,0.0777,Formal,7
LN108627,11897502,7.1,180,Mumbai Suburbs,2019-01-25,0.0441,Formal,6.8
LN108628,2844348,9.48,360,Mumbai Suburbs,2021-01-31,0.0709,Formal,5.08
LN108629,1759848,6.99,240,Mumbai Suburbs,2018-08-27,0.0804,Informal,7.42
LN108630,8100282,7.9,360,South Mumbai,2016-11-05,0.0328,Formal,6.27
LN108631,19369239,6.76,240,Mumbai Suburbs,2016-01-29,0.0419,Formal,5.13
LN108632,10181252,8.41,180,Mumbai Suburbs,2015-06-22,0.0503,Informal,4.15
LN108633,2539152,8.84,240,Mumbai Suburbs,2020-12-18,0.1299,Informal,7.46
LN108634,18601053,9.79,180,Mumbai Suburbs,2015-03-26,0.0376,Formal,6.1
LN108635,18133656,9.09,360,Mumbai Suburbs,2015-03-11,0.0698,Formal,4.8
LN108636,1841618,8.39,240,Mumbai Suburbs,2020-06-02,0.0494,Formal,5.72
LN108637,10350351,9.76,300,Mumbai Suburbs,2020-02-15,0.0319,Informal,5.39
LN108638,17235407,8.17,240,Mumbai Suburbs,2015-07-17,0.0809,Formal,7.33
LN108639,5729124,8.46,180,Mumbai Suburbs,2019-06-17,0.0177,Formal,5.72
LN108640,18812556,8.59,300,South Mumbai,2017-09-04,0.1033,Formal,5.7
LN108641,12750687,7.93,180,Mumbai Suburbs,2020-12-22,0.0288,Formal,6.78
LN108642,9366126,9.43,300,Mumbai Suburbs,2021-07-11,0.04,Formal,5.37
LN108643,1103021,7.15,300,South Mumbai,2019-04-23,0.0772,Informal,4.69
LN108644,19788778,8.44,240,Navi Mumbai,2018-04-16,0.0826,Informal,6.69
LN108645,9388817,9.03,240,Mumbai Suburbs,2017-08-04,0.067,Informal,7.19
LN108646,9610679,9.66,300,Mumbai Suburbs,2015-12-03,0.044,Formal,4.16
LN108647,17118940,9.59,300,South Mumbai,2022-09-28,0.0122,Formal,7.01
LN108648,11847492,8.28,300,Mumbai Suburbs,2020-11-02,0.0573,Formal,5.53
LN108649,14962316,8.75,180,Mumbai Suburbs,2022-12-26,0.0345,Formal,5.01
LN108650,6473024,7.88,240,South Mumbai,2018-06-26,0.1324,Formal,4.14
LN108651,1216194,8.14,180,Mumbai Suburbs,2018-09-10,0.064,Informal,4.72
LN108652,3454082,9.67,240,Navi Mumbai,2022-06-06,0.0213,Formal,5.17
LN108653,7474467,9.76,360,Mumbai Suburbs,2019-08-29,0.05,Informal,4.25
LN108654,4597326,9.63,180,Mumbai Suburbs,2017-06-05,0.0827,Formal,4.66
LN108655,11584422,6.98,240,Mumbai Suburbs,2021-09-20,0.0949,Formal,6.58
LN108656,16596347,9.48,300,South Mumbai,2018-02-12,0.0507,Informal,6.4
LN108657,7664677,9.82,300,Navi Mumbai,2018-07-16,0.0564,Informal,6.69
LN108658,2034023,7.76,240,Navi Mumbai,2020-11-22,0.0769,Formal,4.58
LN108659,9177088,8.32,300,Mumbai Suburbs,2021-01-29,0.0319,Formal,4.15
LN108660,9782153,9.23,300,South Mumbai,2018-06-17,0.0704,Formal,5.64
LN108661,18077979,8.47,360,South Mumbai,2020-06-29,0.0686,Informal,5.2
LN108662,4849182,9.98,360,South Mumbai,2018-01-20,0.076,Formal,6.72
LN108663,19341674,8.09,360,Mumbai Suburbs,2017-03-12,0.0588,Formal,5.89
LN108664,8919584,9,180,South Mumbai,2020-02-13,0.0131,Formal,7.26
LN108665,5242154,9.27,360,Mumbai Suburbs,2018-04-26,0.0668,Informal,4.21
LN108666,2577586,8.23,360,Mumbai Suburbs,2015-07-18,0.0337,Formal,5.27
LN108667,5474220,9.5,360,South Mumbai,2017-01-16,0.1118,Formal,5.42
LN108668,9736857,8.41,240,Mumbai Suburbs,2020-03-23,0.1126,Informal,4.44
LN108669,1986275,7.94,300,South Mumbai,2015-02-09,0.0257,Formal,6.04
LN108670,17410707,6.88,240,Navi Mumbai,2015-04-30,0.0343,Formal,4.14
LN108671,2410124,7.88,360,Mumbai Suburbs,2017-07-09,0,Informal,6.49
LN108672,4394020,9.07,180,Mumbai Suburbs,2018-08-30,0.0821,Informal,4.13
LN108673,10860685,9.72,240,South Mumbai,2016-10-22,0.0428,Formal,7.06
LN108674,18587802,7.38,360,Navi Mumbai,2020-06-01,0.0681,Informal,4.23
LN108675,17007949,7.74,180,Mumbai Suburbs,2018-12-01,0.0438,Formal,5.6
LN108676,10817539,7.04,180,Mumbai Suburbs,2017-12-16,0.0119,Informal,4.54
LN108677,19377042,8.92,180,South Mumbai,2018-04-16,0.0663,Informal,4.47
LN108678,19125699,9.86,300,Mumbai Suburbs,2021-07-22,0.0987,Formal,6.52
LN108679,13699101,8.74,180,South Mumbai,2021-07-28,0.0592,Formal,6.71
LN108680,1981598,8.66,360,Navi Mumbai,2017-11-29,0.0292,Informal,6.59
LN108681,10348148,8.44,240,Navi Mumbai,2021-08-16,0.0556,Formal,5.41
LN108682,12576635,6.81,240,Mumbai Suburbs,2016-01-26,0.0754,Formal,7.47
LN108683,9420149,9.05,360,Navi Mumbai,2022-09-08,0.0539,Formal,5.19
LN108684,17064329,8.61,300,South Mumbai,2016-02-11,0.027,Formal,4.86
LN108685,9864367,8.82,300,South Mumbai,2020-07-10,0.1206,Formal,7.49
LN108686,3844510,9.65,180,South Mumbai,2015-09-18,0.0146,Formal,7.42
LN108687,5323492,9.24,360,South Mumbai,2016-04-17,0.1282,Formal,6.07
LN108688,17985366,9.23,180,Navi Mumbai,2020-04-29,0.0572,Informal,4.73
LN108689,2858777,9.75,180,South Mumbai,2016-09-30,0.0869,Formal,4.83
LN108690,7510529,9.96,360,Navi Mumbai,2020-03-13,0.0665,Formal,5.82
LN108691,18257836,8.53,300,Mumbai Suburbs,2019-12-13,0.0337,Formal,6.72
LN108692,5935500,6.88,300,Mumbai Suburbs,2015-07-09,0.0999,Formal,4.27
LN108693,5863099,8.11,240,South Mumbai,2022-09-29,0.0785,Informal,6.41
LN108694,5919314,9.26,360,South Mumbai,2020-07-18,0.0571,Formal,4.36
LN108695,2122207,6.6,180,South Mumbai,2015-12-16,0.0818,Formal,6.95
LN108696,1427557,6.7,360,Mumbai Suburbs,2022-07-27,0.0559,Informal,5.86
LN108697,11204207,6.74,180,Mumbai Suburbs,2018-07-07,0,Formal,7.46
LN108698,12586122,9.06,240,Mumbai Suburbs,2015-02-06,0.0087,Formal,6.64
LN108699,19942672,8.25,240,Mumbai Suburbs,2016-02-19,0.0593,Formal,5.74
LN108700,18142966,7.79,240,Mumbai Suburbs,2020-08-02,0.0505,Formal,4.49
LN108701,8517618,6.87,240,South Mumbai,2016-07-18,0.0573,Informal,5.9
LN108702,15276714,9.06,180,Navi Mumbai,2022-07-28,0.0498,Formal,4.4
LN108703,8767227,7.62,300,Mumbai Suburbs,2021-08-10,0.0264,Formal,7.17
LN108704,18261319,7.43,180,South Mumbai,2021-07-17,0.0185,Formal,4.81
LN108705,3152259,8.78,240,Mumbai Suburbs,2021-10-25,0.0346,Formal,7.03
LN108706,4390919,8.46,300,Navi Mumbai,2021-07-05,0.0826,Formal,5.06
LN108707,11093704,7.77,360,Navi Mumbai,2019-09-28,0.0355,Formal,4.78
LN108708,8031119,8.75,180,South Mumbai,2018-02-28,0.0913,Formal,5.06
LN108709,5455237,7.45,360,Mumbai Suburbs,2017-12-08,0.0289,Formal,6.48
LN108710,6871348,9.28,240,South Mumbai,2016-03-28,0.0956,Informal,5.84
LN108711,3379220,7.3,360,Navi Mumbai,2015-03-24,0.0445,Formal,4.38
LN108712,4519065,7.06,300,South Mumbai,2019-11-07,0.0508,Informal,4.48
LN108713,2784210,9.24,300,South Mumbai,2020-09-02,0.051,Formal,5.32
LN108714,6198363,8.98,300,Navi Mumbai,2021-05-19,0.0775,Informal,5.18
LN108715,8341127,7.14,180,Navi Mumbai,2022-03-09,0.0676,Formal,6.98
LN108716,3463501,6.91,360,Mumbai Suburbs,2021-01-29,0.0642,Informal,6
LN108717,10417327,9.43,360,South Mumbai,2018-04-27,0.0576,Informal,4.65
LN108718,10975595,9.22,360,Mumbai Suburbs,2018-01-10,0.0429,Informal,4.1
LN108719,3819127,7.65,240,Navi Mumbai,2021-12-14,0.0929,Informal,4.36
LN108720,7779865,8.8,180,Mumbai Suburbs,2022-08-07,0.0626,Formal,6.45
LN108721,6026014,6.93,180,South Mumbai,2020-03-30,0.0772,Formal,6.96
LN108722,19710135,8.27,360,South Mumbai,2020-06-02,0.066,Informal,6.74
LN108723,11537759,6.57,180,Navi Mumbai,2022-02-01,0.0474,Formal,6.76
LN108724,11254769,7.87,360,Mumbai Suburbs,2022-12-12,0.1319,Formal,4.91
LN108725,16565219,6.76,360,Mumbai Suburbs,2022-10-17,0.0969,Formal,7.46
LN108726,9731896,8.16,360,Mumbai Suburbs,2021-06-01,0.0438,Formal,4.3
LN108727,3002507,7.98,300,Mumbai Suburbs,2016-06-15,0.1216,Formal,6.87
LN108728,3652808,8.06,240,Navi Mumbai,2018-08-11,0.0878,Informal,4.34
LN108729,13260515,6.66,180,Mumbai Suburbs,2016-12-03,0.0272,Informal,4.94
LN108730,14692648,7.77,240,Mumbai Suburbs,2016-02-07,0.0865,Formal,5.73
LN108731,15952923,9.15,300,South Mumbai,2021-04-09,0.0725,Formal,4.19
LN108732,17203557,7.79,180,South Mumbai,2022-03-29,0.065,Formal,5.38
LN108733,11877097,9,360,Mumbai Suburbs,2022-07-30,0.0904,Formal,5.23
LN108734,19135509,7.79,240,Navi Mumbai,2016-03-13,0.0702,Informal,6.27
LN108735,2911128,7.98,300,Mumbai Suburbs,2016-05-01,0,Formal,6.51
LN108736,5756497,8.47,180,South Mumbai,2016-09-15,0.0194,Formal,4.32
LN108737,6133381,9.83,180,South Mumbai,2018-07-18,0.0343,Formal,4.13
LN108738,5848243,6.88,240,Navi Mumbai,2016-10-19,0.1199,Formal,6.72
LN108739,13132015,6.62,240,South Mumbai,2020-08-12,0.0796,Formal,5.85
LN108740,8645639,8.63,180,Navi Mumbai,2017-07-02,0.0762,Formal,5.87
LN108741,4917430,9.82,180,South Mumbai,2015-01-29,0.0632,Informal,7.43
LN108742,11240187,9.96,300,Navi Mumbai,2021-11-06,0.0324,Formal,5.53
LN108743,14628984,8.19,360,Navi Mumbai,2015-08-25,0.0164,Formal,4.69
LN108744,19882993,8.14,360,South Mumbai,2015-04-11,0.0899,Informal,6.38
LN108745,6544223,8.76,300,Mumbai Suburbs,2022-03-12,0.1099,Informal,6.85
LN108746,13992054,8.44,180,South Mumbai,2021-09-25,0.0803,Informal,5.76
LN108747,6942712,8.72,240,South Mumbai,2015-01-24,0.0453,Informal,6.42
LN108748,2171758,9.56,240,Mumbai Suburbs,2017-07-10,0.0477,Formal,5.8
LN108749,13079190,9.11,180,Mumbai Suburbs,2018-06-18,0.0808,Informal,5.43
LN108750,17702269,8.24,300,Mumbai Suburbs,2019-03-27,0.0565,Formal,4.12
LN108751,6276085,8.12,180,Mumbai Suburbs,2018-04-21,0.0553,Formal,4.61
LN108752,8185180,8.74,240,South Mumbai,2018-11-28,0.0438,Formal,5.68
LN108753,18719855,8.09,180,South Mumbai,2018-09-29,0.0401,Informal,5.39
LN108754,9023556,8.1,180,Mumbai Suburbs,2017-09-18,0.0564,Formal,6.95
LN108755,14932194,6.56,300,Mumbai Suburbs,2015-04-13,0.0125,Formal,4.38
LN108756,10899510,7.11,360,Mumbai Suburbs,2019-03-14,0.0786,Formal,4.18
LN108757,12138188,8.21,240,Mumbai Suburbs,2019-10-04,0.004,Formal,4.3
LN108758,13685449,9.38,240,Navi Mumbai,2015-03-03,0.092,Formal,6.37
LN108759,11207809,7.48,180,Mumbai Suburbs,2017-05-15,0.0442,Formal,6.08
LN108760,19057496,8.33,240,South Mumbai,2017-02-18,0.0564,Formal,6.21
LN108761,5986518,7.71,240,Mumbai Suburbs,2016-06-25,0.0767,Informal,4.55
LN108762,4727661,6.87,360,Mumbai Suburbs,2019-07-14,0.0514,Formal,5.81
LN108763,11064981,9.85,240,Mumbai Suburbs,2018-09-18,0.0378,Informal,6.69
LN108764,2279372,9.49,240,Mumbai Suburbs,2021-10-31,0.0686,Formal,6.39
LN108765,5095228,6.77,300,Mumbai Suburbs,2020-03-08,0.1259,Formal,5.54
LN108766,15172928,9.02,300,South Mumbai,2022-05-18,0.0836,Informal,4.36
LN108767,6767034,7.72,300,Mumbai Suburbs,2022-12-04,0.0373,Informal,7.05
LN108768,9837010,9.98,300,South Mumbai,2015-10-20,0.0494,Formal,5.84
LN108769,3449851,7.56,300,Mumbai Suburbs,2017-05-10,0.0457,Informal,7.11
LN108770,7507552,7.34,360,Mumbai Suburbs,2017-10-21,0.0291,Formal,5.54
LN108771,9670441,8.49,240,Mumbai Suburbs,2022-01-22,0.078,Formal,4.83
LN108772,17434690,9.42,180,Mumbai Suburbs,2018-11-24,0.0502,Formal,5.08
LN108773,19313050,7.17,360,South Mumbai,2017-04-30,0.0695,Formal,5.46
LN108774,3442547,8.98,180,Navi Mumbai,2022-08-15,0,Formal,6.15
LN108775,2236968,6.71,300,Mumbai Suburbs,2022-08-17,0.0807,Formal,6.69
LN108776,4078882,9.72,240,Mumbai Suburbs,2021-07-09,0.0422,Formal,4.85
LN108777,19298309,6.78,300,South Mumbai,2018-07-31,0.0298,Informal,4.66
LN108778,2988022,9.7,360,South Mumbai,2022-04-29,0.0199,Formal,4.71
LN108779,6281592,8.22,180,Mumbai Suburbs,2018-04-09,0.0324,Formal,7.27
LN108780,17040416,8.07,240,Mumbai Suburbs,2019-01-12,0.0472,Informal,4.57
LN108781,17273406,9.91,360,South Mumbai,2019-01-22,0.0867,Formal,5.21
LN108782,4193796,9.97,360,Mumbai Suburbs,2018-12-13,0.0467,Formal,5.7
LN108783,9482216,8.78,240,Mumbai Suburbs,2019-05-05,0.0895,Informal,5.95
LN108784,12668300,6.94,240,Mumbai Suburbs,2019-03-16,0.0688,Formal,7
LN108785,4049307,8.27,360,Mumbai Suburbs,2017-12-19,0.1146,Formal,4.4
LN108786,13911389,8.35,180,Navi Mumbai,2017-07-20,0.045,Formal,4.38
LN108787,3801818,8.3,180,South Mumbai,2019-11-28,0.0724,Informal,5.11
LN108788,19640248,8.49,360,Mumbai Suburbs,2019-05-29,0.0975,Informal,5.45
LN108789,5944614,6.57,360,South Mumbai,2016-06-08,0.0789,Formal,5.31
LN108790,8852016,8.99,300,Mumbai Suburbs,2015-11-15,0.0549,Formal,5.37
LN108791,8870267,8.99,300,Mumbai Suburbs,2017-10-19,0.0454,Formal,6.98
LN108792,8819488,6.9,180,South Mumbai,2017-11-01,0.0017,Formal,6.93
LN108793,15413367,8.5,300,Mumbai Suburbs,2015-01-08,0.0528,Formal,6.82
LN108794,14463582,8.49,180,Navi Mumbai,2018-10-24,0.0323,Informal,6.64
LN108795,2378148,8.89,240,South Mumbai,2015-10-16,0.0437,Informal,4.14
LN108796,4044410,6.8,300,Mumbai Suburbs,2018-08-29,0.0616,Formal,4.52
LN108797,16005563,8.69,180,Navi Mumbai,2017-12-28,0.0132,Informal,6.56
LN108798,14045088,7.48,180,Mumbai Suburbs,2022-09-17,0.0302,Formal,6.08
LN108799,1238826,8.27,360,Mumbai Suburbs,2022-04-01,0.0716,Informal,6.36
LN108800,19494570,9.21,180,Navi Mumbai,2018-07-14,0.022,Formal,6.51
LN108801,13290015,8.97,300,South Mumbai,2021-06-06,0.0586,Formal,7.19
LN108802,1481809,6.92,360,South Mumbai,2015-06-01,0.0179,Formal,6.22
LN108803,9262369,8.57,360,Mumbai Suburbs,2020-01-27,0.0758,Formal,4.96
LN108804,19595398,9.89,300,Mumbai Suburbs,2018-06-24,0.0797,Informal,4.29
LN108805,5367209,7.05,240,South Mumbai,2022-11-11,0.097,Informal,5.51
LN108806,9782389,9.49,300,Mumbai Suburbs,2017-10-01,0.0974,Formal,6.48
LN108807,14649890,8.96,300,Mumbai Suburbs,2020-05-05,0.0682,Informal,4.99
LN108808,1037180,9.21,360,Navi Mumbai,2019-08-21,0.0071,Formal,4.42
LN108809,8546691,7.49,300,Mumbai Suburbs,2016-08-15,0.0601,Informal,7.5
LN108810,6611544,7.51,240,Navi Mumbai,2019-05-20,0.0737,Formal,5.47
LN108811,3251347,9.67,240,Navi Mumbai,2019-03-27,0.0636,Formal,4.76
LN108812,5792030,7.76,240,Mumbai Suburbs,2021-08-17,0.1099,Informal,4.58
LN108813,14218691,6.72,360,Mumbai Suburbs,2017-01-30,0.0989,Formal,7.02
LN108814,7702245,8.6,300,Mumbai Suburbs,2015-06-12,0.0608,Informal,6.87
LN108815,9745662,6.94,180,South Mumbai,2018-10-26,0.0824,Formal,6.15
LN108816,11891264,9.29,300,Mumbai Suburbs,2015-04-02,0.016,Informal,5.92
LN108817,19659202,8.75,240,Mumbai Suburbs,2018-01-15,0.0657,Formal,7.33
LN108818,18767140,9.56,300,Mumbai Suburbs,2018-12-21,0.0221,Formal,4.8
LN108819,19742845,9.25,360,Mumbai Suburbs,2017-08-15,0.0546,Formal,5.45
LN108820,12217215,6.89,300,Mumbai Suburbs,2020-08-23,0.0396,Formal,4.09
LN108821,2103248,7.83,360,Mumbai Suburbs,2017-10-08,0.0405,Formal,5.47
LN108822,11023293,9.21,180,Mumbai Suburbs,2022-09-24,0.0356,Formal,5.34
LN108823,9210125,7.96,180,South Mumbai,2021-05-15,0.048,Informal,7.32
LN108824,10418530,9.9,360,Mumbai Suburbs,2015-10-07,0.0428,Formal,5.25
LN108825,9623353,9.08,300,Navi Mumbai,2021-09-26,0.079,Formal,6.92
LN108826,15734860,6.55,240,Navi Mumbai,2019-03-19,0.0521,Informal,6.68
LN108827,17114561,9.58,360,South Mumbai,2020-01-10,0.0586,Informal,4.52
LN108828,3363319,6.85,300,Mumbai Suburbs,2019-10-12,0.0687,Formal,7.37
LN108829,2818222,6.99,300,Navi Mumbai,2018-01-07,0.0686,Formal,6.21
LN108830,9199423,9.07,300,South Mumbai,2019-04-07,0.0279,Formal,6.09
LN108831,18340722,9.53,240,South Mumbai,2017-02-10,0.0521,Formal,4.04
LN108832,8834767,8.38,240,South Mumbai,2017-05-22,0.0671,Formal,6.45
LN108833,9904337,7.51,240,Mumbai Suburbs,2020-05-23,0.0336,Informal,4.19
LN108834,6472646,7.73,360,Mumbai Suburbs,2018-10-06,0.0302,Formal,4.65
LN108835,6045416,7.7,360,South Mumbai,2019-06-21,0.0248,Formal,4.35
LN108836,12501800,7.64,240,Mumbai Suburbs,2021-09-16,0.0661,Formal,5.32
LN108837,1354182,7.35,360,South Mumbai,2018-02-11,0.0512,Formal,6.78
LN108838,6142798,8.63,240,Mumbai Suburbs,2021-05-29,0.0555,Informal,6.48
LN108839,3640955,9.65,360,Mumbai Suburbs,2015-09-15,0.0066,Informal,4.37
LN108840,15888170,7.57,300,Mumbai Suburbs,2018-09-06,0.0621,Formal,6.79
LN108841,11431140,7.15,240,South Mumbai,2019-09-24,0.0636,Formal,5.61
LN108842,3916585,9.44,360,Mumbai Suburbs,2021-06-17,0.0679,Formal,4.11
LN108843,19351471,9.1,300,Mumbai Suburbs,2019-04-19,0.1033,Formal,4.78
LN108844,8012022,9.76,300,Mumbai Suburbs,2018-06-15,0.0372,Formal,6.75
LN108845,16284072,7.08,360,Mumbai Suburbs,2021-08-19,0.0746,Informal,6.57
LN108846,6910122,7,300,Mumbai Suburbs,2018-06-11,0.07,Formal,4.66
LN108847,14482486,8.4,180,South Mumbai,2017-08-16,0.0737,Informal,4.13
LN108848,3769785,8.65,240,South Mumbai,2015-05-16,0.0507,Formal,5.03
LN108849,4514078,8.18,240,South Mumbai,2018-11-17,0.0829,Formal,6.78
LN108850,13104271,8.6,300,Mumbai Suburbs,2019-10-01,0.0381,Formal,7.28
LN108851,6963132,7.13,360,Mumbai Suburbs,2017-04-30,0.0459,Informal,6.01
LN108852,10699755,8.18,180,Mumbai Suburbs,2015-01-10,0.0544,Formal,4.32
LN108853,17480952,8.8,360,Mumbai Suburbs,2021-04-02,0.0531,Formal,5.76
LN108854,17644741,8.01,240,Navi Mumbai,2016-10-09,0.0712,Formal,7.5
LN108855,19875167,8.88,300,Mumbai Suburbs,2019-06-21,0.0678,Formal,7.29
LN108856,14949291,8.08,180,Mumbai Suburbs,2019-03-04,0.0681,Formal,7.48
LN108857,2579889,7.67,300,Navi Mumbai,2022-10-02,0.0997,Formal,6.45
LN108858,9927377,7.56,180,South Mumbai,2018-09-11,0.0538,Informal,5.49
LN108859,1287555,7.94,300,Mumbai Suburbs,2021-02-18,0.0917,Formal,7.13
LN108860,4775944,6.58,360,South Mumbai,2019-10-28,0.0281,Informal,7.13
LN108861,3744454,8.84,240,Navi Mumbai,2018-02-08,0.0562,Informal,4.51
LN108862,15046471,9.46,300,Mumbai Suburbs,2021-01-20,0.058,Formal,6.71
LN108863,14097023,7.74,300,South Mumbai,2015-06-05,0.0208,Formal,7.22
LN108864,4197418,6.66,180,Mumbai Suburbs,2015-01-05,0.0614,Formal,7.14
LN108865,12509800,9.95,360,South Mumbai,2021-07-21,0.0635,Formal,6.47
LN108866,3788647,7.42,360,Navi Mumbai,2018-09-29,0.0779,Formal,5.88
LN108867,7224898,6.94,180,Mumbai Suburbs,2017-04-06,0.0745,Informal,6.72
LN108868,7378384,7.79,360,Mumbai Suburbs,2018-04-04,0.0217,Formal,5.81
LN108869,19347713,9.08,240,Mumbai Suburbs,2015-10-19,0.0959,Formal,5.12
LN108870,18511374,7.53,300,Navi Mumbai,2020-12-15,0.0461,Formal,4.91
LN108871,19199987,8.51,180,Navi Mumbai,2021-07-08,0.0419,Informal,5.89
LN108872,9276869,7.95,360,Mumbai Suburbs,2015-06-09,0.0747,Formal,5.6
LN108873,18632650,6.91,240,Navi Mumbai,2015-12-03,0.0855,Informal,5.84
LN108874,1308697,7.66,240,South Mumbai,2015-02-24,0.0458,Formal,4.91
LN108875,12799568,9.04,360,Navi Mumbai,2017-06-09,0.0587,Formal,6.07
LN108876,8279074,8.64,360,Mumbai Suburbs,2020-10-03,0.0873,Informal,6.32
LN108877,14306398,6.92,180,Navi Mumbai,2017-03-30,0.0321,Formal,6.82
LN108878,9461516,7.07,360,Mumbai Suburbs,2020-04-27,0,Formal,6.06
LN108879,11030581,8.74,180,South Mumbai,2021-06-28,0.0761,Formal,6.65
LN108880,5203726,9.35,300,Mumbai Suburbs,2016-01-22,0.0875,Informal,4.59
LN108881,15854762,7.72,240,South Mumbai,2019-12-15,0.0122,Formal,4.42
LN108882,18619822,8.58,180,Mumbai Suburbs,2017-06-27,0.0594,Formal,4.63
LN108883,8377775,7.1,240,Mumbai Suburbs,2015-05-29,0.0451,Informal,6.96
LN108884,4871549,7.59,300,South Mumbai,2016-01-14,0.0639,Formal,5.95
LN108885,9839023,6.57,360,Navi Mumbai,2015-11-27,0,Formal,5.59
LN108886,16333352,9.19,180,Navi Mumbai,2019-11-30,0.022,Formal,6.67
LN108887,8724954,7.9,360,Navi Mumbai,2017-04-07,0.0735,Formal,4.43
LN108888,18325939,9.36,240,Mumbai Suburbs,2015-08-05,0.056,Formal,4.02
LN108889,13597628,8.98,180,Mumbai Suburbs,2015-08-06,0.1051,Informal,5.09
LN108890,3885579,9.4,300,Mumbai Suburbs,2015-10-29,0.0777,Formal,4.87
LN108891,6912084,7.5,300,South Mumbai,2017-10-26,0.0311,Formal,5.08
LN108892,10080627,7.15,360,Navi Mumbai,2015-07-27,0.0816,Formal,7.41
LN108893,8355554,9.9,300,Navi Mumbai,2022-12-14,0.1113,Informal,5.99
LN108894,19217568,9.01,300,Mumbai Suburbs,2019-12-13,0.0578,Formal,6.06
LN108895,11297650,9.42,360,Navi Mumbai,2022-10-02,0.0721,Formal,6.29
LN108896,2877330,6.55,360,Mumbai Suburbs,2015-07-21,0.0848,Informal,5.39
LN108897,16009846,7.74,180,Mumbai Suburbs,2017-06-24,0.055,Informal,7.43
LN108898,6082070,9.1,180,Navi Mumbai,2015-02-27,0,Informal,7.41
LN108899,9943742,6.77,360,Mumbai Suburbs,2019-03-12,0.0767,Formal,6.69
LN108900,14918031,8.49,240,Mumbai Suburbs,2022-01-18,0.084,Formal,4.74
LN108901,18825494,8,240,Mumbai Suburbs,2017-06-12,0.1039,Formal,7.08
LN108902,8035483,6.56,180,Mumbai Suburbs,2018-04-25,0.027,Formal,4.35
LN108903,1123182,7.33,180,Mumbai Suburbs,2022-07-13,0.0284,Formal,6.2
LN108904,5242895,7.5,360,Mumbai Suburbs,2015-03-17,0.0393,Formal,5.6
LN108905,11847758,6.89,240,Mumbai Suburbs,2020-11-25,0.055,Formal,4.14
LN108906,11413824,8.71,360,Mumbai Suburbs,2017-04-17,0.0762,Informal,7.16
LN108907,1164486,7.35,180,Mumbai Suburbs,2017-07-30,0.0264,Informal,7.36
LN108908,11082304,7.47,300,Navi Mumbai,2017-02-16,0.0885,Formal,7.18
LN108909,12220063,9.64,300,South Mumbai,2020-07-06,0.087,Formal,4.67
LN108910,15410440,8.13,300,South Mumbai,2021-10-04,0.0878,Informal,5.17
LN108911,4846556,7.87,360,South Mumbai,2015-05-02,0.0507,Formal,7.35
LN108912,7259225,9.03,240,Navi Mumbai,2021-09-04,0,Formal,4.37
LN108913,18512278,9.68,180,Mumbai Suburbs,2018-04-10,0.108,Informal,6.04
LN108914,18504684,6.59,240,Navi Mumbai,2020-08-19,0.0422,Formal,5.7
LN108915,19841834,8.07,240,Mumbai Suburbs,2018-05-08,0.0815,Formal,4.53
LN108916,13675420,8.64,180,Mumbai Suburbs,2018-01-23,0.0637,Informal,7.1
LN108917,5872587,7.61,240,Mumbai Suburbs,2018-09-21,0.0939,Formal,4.47
LN108918,14747550,9.2,300,South Mumbai,2019-02-11,0.0585,Formal,6.07
LN108919,7284179,9.9,180,Mumbai Suburbs,2018-10-31,0.0621,Informal,5.11
LN108920,16052662,9.8,300,Mumbai Suburbs,2017-04-19,0.0654,Formal,5.46
LN108921,13442674,7.43,360,South Mumbai,2017-07-22,0.0725,Formal,4.74
LN108922,7914128,7.29,300,Mumbai Suburbs,2020-02-22,0.0229,Informal,6.19
LN108923,13257315,9.85,360,South Mumbai,2016-06-07,0.1163,Formal,7.46
LN108924,3798658,8.11,360,South Mumbai,2022-03-15,0.0579,Formal,6.92
LN108925,8662208,7.23,180,Mumbai Suburbs,2017-06-22,0.0773,Formal,6.39
LN108926,19201457,8.97,300,Mumbai Suburbs,2020-08-03,0.1055,Formal,6.65
LN108927,18680026,7.5,300,South Mumbai,2016-11-04,0.0598,Informal,6.94
LN108928,16221492,7.44,300,Mumbai Suburbs,2017-11-04,0.0301,Informal,5.65
LN108929,6541543,9.58,180,South Mumbai,2016-08-16,0.0292,Formal,5.98
LN108930,6169619,7.07,360,Mumbai Suburbs,2021-03-20,0.0465,Formal,7.13
LN108931,7395021,6.73,360,Mumbai Suburbs,2016-01-31,0.07,Formal,6.44
LN108932,7961507,7.44,360,Navi Mumbai,2021-02-11,0.0731,Formal,4.48
LN108933,16571652,8.62,180,Navi Mumbai,2016-04-11,0.0939,Formal,6.73
LN108934,17418262,6.93,180,South Mumbai,2016-08-26,0.0139,Formal,4.08
LN108935,13768876,8.15,240,South Mumbai,2020-10-18,0.0667,Informal,6.97
LN108936,4695611,8.7,300,South Mumbai,2016-07-19,0.0785,Formal,6.76
LN108937,6431159,9.47,360,Navi Mumbai,2019-12-19,0.0773,Informal,6.91
LN108938,17153106,7.3,240,Mumbai Suburbs,2017-10-29,0,Formal,4.08
LN108939,9351870,9.36,240,South Mumbai,2021-10-01,0.0488,Informal,7.4
LN108940,7225175,7.32,300,South Mumbai,2020-12-15,0.0844,Informal,6.15
LN108941,18778838,8.87,180,Mumbai Suburbs,2022-08-13,0.0356,Formal,6.8
LN108942,4246319,8.01,240,South Mumbai,2019-06-27,0.0244,Formal,5.98
LN108943,2636617,6.9,180,Navi Mumbai,2015-08-03,0.0769,Formal,5.19
LN108944,13119144,9,180,Mumbai Suburbs,2017-10-13,0.069,Formal,5.04
LN108945,2046251,7.26,300,Mumbai Suburbs,2018-06-14,0.0669,Formal,4.24
LN108946,1285356,7.12,240,Mumbai Suburbs,2018-09-18,0.0406,Formal,5.9
LN108947,10912813,7.75,360,South Mumbai,2018-12-06,0.0206,Formal,4.5
LN108948,4003337,8.79,240,Mumbai Suburbs,2018-09-11,0.0885,Formal,5.99
LN108949,10557302,7.32,360,Mumbai Suburbs,2020-08-13,0.15,Formal,6.19
LN108950,9505089,7.14,360,Mumbai Suburbs,2016-07-10,0.0114,Informal,5.55
LN108951,4275654,6.53,180,Mumbai Suburbs,2016-04-26,0.0906,Formal,4.55
LN108952,4674777,8.15,360,Navi Mumbai,2019-12-30,0.0549,Formal,5.51
LN108953,7233550,8,300,South Mumbai,2020-04-09,0.0695,Formal,7.08
LN108954,11502135,7.32,240,Mumbai Suburbs,2016-04-16,0.0582,Formal,5.6
LN108955,15918181,6.69,180,Mumbai Suburbs,2019-07-05,0.1259,Formal,5.2
LN108956,14525634,8,180,Mumbai Suburbs,2020-10-23,0.0359,Formal,6.2
LN108957,15813019,9.26,360,South Mumbai,2022-04-25,0.042,Formal,6.17
LN108958,9045021,9,180,Mumbai Suburbs,2019-01-22,0.0623,Formal,4.32
LN108959,9059562,9.51,300,South Mumbai,2018-11-20,0.077,Formal,4.83
LN108960,17669382,6.53,300,South Mumbai,2016-01-22,0.1,Formal,5.73
LN108961,3242019,9.88,180,Mumbai Suburbs,2016-07-26,0.0747,Formal,5.28
LN108962,11450652,7.69,180,Mumbai Suburbs,2017-09-30,0.0668,Formal,5.12
LN108963,15743063,9.97,300,Navi Mumbai,2017-05-15,0.0467,Formal,5.56
LN108964,18089267,7.38,360,Mumbai Suburbs,2022-11-21,0.0754,Formal,5.02
LN108965,16099691,8.15,180,Mumbai Suburbs,2019-12-29,0.0386,Formal,5.22
LN108966,12685942,7.74,360,Mumbai Suburbs,2020-07-21,0.0661,Formal,6.71
LN108967,7262748,7.75,180,Mumbai Suburbs,2022-01-23,0.0535,Formal,5.79
LN108968,4568125,9.45,300,South Mumbai,2015-03-06,0.0305,Informal,7.05
LN108969,7656669,9.11,180,South Mumbai,2019-05-16,0.1068,Formal,7.32
LN108970,12030044,9.97,180,South Mumbai,2020-08-17,0.0306,Informal,7.23
LN108971,19189426,8.65,180,Mumbai Suburbs,2022-02-24,0.0482,Formal,4.89
LN108972,7025140,8.12,300,Navi Mumbai,2016-01-28,0.0125,Formal,5.66
LN108973,15184706,6.82,300,Navi Mumbai,2020-02-18,0.055,Formal,5.87
LN108974,3674986,9.99,300,Navi Mumbai,2018-06-07,0.073,Formal,6.98
LN108975,4415814,8.43,240,Navi Mumbai,2021-02-27,0.0328,Formal,5.96
LN108976,2950256,8.95,240,Mumbai Suburbs,2019-11-09,0.0054,Informal,4.88
LN108977,12796776,7.92,240,South Mumbai,2021-03-24,0.0487,Formal,5.92
LN108978,1165301,8.42,240,Mumbai Suburbs,2019-07-15,0.0553,Formal,4.15
LN108979,1297180,9.8,300,Navi Mumbai,2022-02-12,0.0529,Informal,6.92
LN108980,17237538,7.08,180,Mumbai Suburbs,2022-05-12,0.1076,Informal,5.98
LN108981,4405914,7.52,300,Mumbai Suburbs,2021-07-23,0.07,Formal,6.28
LN108982,9165786,7.03,240,South Mumbai,2022-07-23,0.0677,Formal,4.7
LN108983,5177927,9.27,360,Mumbai Suburbs,2017-06-19,0.0699,Informal,5.95
LN108984,6032403,6.72,360,Mumbai Suburbs,2019-10-04,0.0697,Formal,5.86
LN108985,4229065,6.79,300,Mumbai Suburbs,2021-12-19,0.0467,Formal,6.17
LN108986,12847948,7.54,180,Navi Mumbai,2015-01-04,0.0319,Informal,6.97
LN108987,12607230,8.3,240,South Mumbai,2021-08-21,0.1341,Informal,6.68
LN108988,14029212,7.92,180,Navi Mumbai,2016-02-17,0.0556,Formal,5.91
LN108989,1587426,6.66,180,South Mumbai,2015-05-08,0.0606,Formal,7.13
LN108990,4430460,9.85,180,Navi Mumbai,2022-07-22,0.0614,Informal,5.25
LN108991,14432245,9.84,240,Mumbai Suburbs,2020-08-08,0.0373,Formal,5.72
LN108992,16090951,7.48,300,Mumbai Suburbs,2016-02-23,0.0654,Formal,6.27
LN108993,12528988,9.06,240,South Mumbai,2018-11-01,0.0216,Informal,5.54
LN108994,18908830,8.53,240,Mumbai Suburbs,2018-11-26,0.0815,Formal,5.26
LN108995,9003029,7.33,300,Navi Mumbai,2020-10-03,0.0523,Informal,4.39
LN108996,3466507,7.42,300,South Mumbai,2017-01-22,0.0938,Informal,6.23
LN108997,11055169,8.22,300,South Mumbai,2020-04-07,0.0755,Informal,4.67
LN108998,1776385,7.97,360,Mumbai Suburbs,2022-08-23,0.0718,Informal,4.48
LN108999,11293122,7.52,360,South Mumbai,2015-02-23,0.0362,Formal,4.64
LN109000,8464370,9.33,300,South Mumbai,2021-06-17,0.0621,Informal,6.41
LN109001,10465027,8.19,180,Mumbai Suburbs,2020-03-17,0.0827,Informal,4.48
LN109002,15295894,8.79,360,South Mumbai,2017-02-27,0.0635,Informal,7.42
LN109003,10395448,7.16,240,Mumbai Suburbs,2016-04-18,0.0193,Informal,6.65
LN109004,10370097,8.37,240,Navi Mumbai,2019-11-27,0.0896,Informal,5.37
LN109005,13531923,7.61,360,Mumbai Suburbs,2019-12-24,0.0827,Formal,6.08
LN109006,5559512,8.34,240,South Mumbai,2017-06-28,0.015,Formal,4.03
LN109007,7519453,9.23,300,Mumbai Suburbs,2017-11-02,0.0638,Formal,6.96
LN109008,7846090,9.19,240,Mumbai Suburbs,2016-12-07,0.0845,Formal,4.95
LN109009,9607964,7.74,360,Mumbai Suburbs,2019-12-02,0.042,Formal,4.25
LN109010,3995353,8.93,180,Mumbai Suburbs,2019-01-09,0.0202,Formal,6.65
LN109011,2675255,9.79,240,Navi Mumbai,2021-01-09,0.0278,Informal,5.15
LN109012,19685367,8.69,240,Mumbai Suburbs,2019-10-14,0.0567,Formal,5.99
LN109013,4289363,7.02,180,South Mumbai,2018-05-19,0.0879,Formal,6.95
LN109014,10158430,8.88,360,Mumbai Suburbs,2021-07-30,0.0274,Informal,6.72
LN109015,3786202,6.87,180,Mumbai Suburbs,2015-06-20,0.0276,Formal,5.18
LN109016,8713409,9.55,240,Navi Mumbai,2019-08-09,0.0509,Formal,7.04
LN109017,15905848,8.31,360,Navi Mumbai,2020-05-09,0.0806,Formal,5.36
LN109018,5209229,7.85,300,Mumbai Suburbs,2022-02-24,0.1126,Formal,5.75
LN109019,13276483,6.7,360,Mumbai Suburbs,2015-03-13,0.0626,Informal,6.14
LN109020,17666252,7.83,360,Mumbai Suburbs,2018-08-27,0.0398,Informal,4.25
LN109021,2649379,9.66,300,Mumbai Suburbs,2016-10-23,0.0361,Informal,6.09
LN109022,11685090,6.57,360,South Mumbai,2015-06-13,0.1012,Informal,6.02
LN109023,14332607,8.16,240,Mumbai Suburbs,2022-10-26,0.0221,Formal,7.06
LN109024,16520967,9.76,240,Mumbai Suburbs,2020-08-22,0.0658,Informal,5.24
LN109025,3316830,7.88,240,Mumbai Suburbs,2020-07-21,0.0995,Informal,4.85
LN109026,14747849,8,240,Mumbai Suburbs,2018-09-12,0.0553,Informal,5.67
LN109027,19010603,8.52,300,Mumbai Suburbs,2020-09-17,0.0276,Formal,6.41
LN109028,15887956,8.12,240,Mumbai Suburbs,2017-07-07,0.0759,Formal,5.97
LN109029,14194473,7.09,360,Mumbai Suburbs,2016-09-10,0.0631,Formal,4.48
LN109030,3249119,6.56,180,Mumbai Suburbs,2019-03-21,0.0741,Formal,5.22
LN109031,14824969,8.63,300,Mumbai Suburbs,2017-02-12,0.0774,Formal,4.22
LN109032,19274332,9.72,300,South Mumbai,2019-01-10,0.0755,Formal,6.59
LN109033,6571944,6.87,180,South Mumbai,2015-05-02,0.0689,Formal,7.09
LN109034,16126835,7.24,240,South Mumbai,2022-12-11,0.0803,Formal,4.16
LN109035,13701554,7.8,240,South Mumbai,2015-02-04,0.1005,Formal,5.84
LN109036,12294881,9.33,360,Mumbai Suburbs,2021-02-15,0.0365,Formal,5.98
LN109037,13282707,7.44,240,Mumbai Suburbs,2020-07-07,0.052,Informal,5.54
LN109038,5595772,9.59,240,South Mumbai,2018-06-12,0.0838,Informal,5.76
LN109039,14400188,6.69,360,Navi Mumbai,2020-12-04,0.0578,Formal,6.49
LN109040,5289991,9.79,240,Mumbai Suburbs,2015-01-07,0.0221,Informal,5.69
LN109041,6741638,8.46,180,Mumbai Suburbs,2015-04-01,0.07,Formal,7.22
LN109042,7052677,8.81,240,South Mumbai,2016-11-11,0.0453,Formal,5.89
LN109043,9224767,7.79,180,South Mumbai,2021-12-01,0.1236,Formal,4.25
LN109044,7582123,9.24,180,Mumbai Suburbs,2018-03-24,0.0898,Formal,7.34
LN109045,7805969,7.08,180,Navi Mumbai,2019-08-09,0.0948,Formal,4.51
LN109046,14773042,6.67,240,South Mumbai,2020-05-20,0.0613,Formal,6.75
LN109047,15792169,7.88,240,Mumbai Suburbs,2016-10-22,0.0693,Formal,5.84
LN109048,17178050,9.49,300,Navi Mumbai,2016-09-17,0.0497,Informal,6.59
LN109049,15719831,9.14,360,Mumbai Suburbs,2021-08-24,0.0349,Formal,5.8
LN109050,16233902,8.31,360,Mumbai Suburbs,2021-10-19,0.0326,Informal,4.21
LN109051,12679241,8.5,300,Mumbai Suburbs,2022-04-11,0.1241,Formal,5.31
LN109052,10571226,6.95,180,Navi Mumbai,2015-05-01,0.0719,Formal,6.17
LN109053,19448395,9.44,360,Mumbai Suburbs,2022-10-23,0.0203,Informal,6.2
LN109054,14622928,9.25,300,Navi Mumbai,2017-08-12,0.0888,Informal,7.41
LN109055,17380352,8.8,180,Mumbai Suburbs,2018-03-06,0.1387,Formal,6.12
LN109056,12386047,8.13,300,Navi Mumbai,2021-05-07,0.0139,Formal,5
LN109057,9227953,9.88,240,Navi Mumbai,2020-05-01,0.078,Formal,4.15
LN109058,9324878,9.58,240,Mumbai Suburbs,2018-07-12,0.0263,Formal,6.76
LN109059,4014130,8.76,180,Mumbai Suburbs,2022-05-25,0.0947,Formal,7.11
LN109060,9328736,7.8,180,Mumbai Suburbs,2019-10-01,0,Formal,6.15
LN109061,5747492,8.66,240,Mumbai Suburbs,2015-02-28,0.0624,Formal,5.69
LN109062,19888494,8.51,360,Navi Mumbai,2017-03-13,0.0733,Formal,7.01
LN109063,13277440,7.88,360,South Mumbai,2021-11-18,0.0185,Formal,4.84
LN109064,13924359,7.57,240,Mumbai Suburbs,2021-05-17,0.0733,Informal,5.4
LN109065,1216651,7.92,360,Mumbai Suburbs,2021-10-30,0.0461,Informal,5.78
LN109066,7620661,8.51,240,Mumbai Suburbs,2019-10-23,0.1117,Formal,4.17
LN109067,10929464,8,300,Mumbai Suburbs,2016-02-21,0.0173,Formal,6.41
LN109068,15697042,7.42,300,South Mumbai,2022-07-04,0.0873,Formal,4.66
LN109069,17309272,9.16,300,Mumbai Suburbs,2017-03-02,0.057,Formal,5.17
LN109070,12843128,8.36,360,Navi Mumbai,2019-11-19,0.0988,Formal,5.45
LN109071,18382718,6.74,300,Navi Mumbai,2018-03-12,0.0995,Informal,6.23
LN109072,2560155,7.79,180,South Mumbai,2019-04-25,0.0525,Formal,4.23
LN109073,2611589,9.6,180,Mumbai Suburbs,2017-05-25,0.0587,Formal,5.19
LN109074,16078535,9.14,300,Navi Mumbai,2017-05-01,0.0873,Formal,4.96
LN109075,1468163,7.63,180,Mumbai Suburbs,2020-09-01,0.0757,Formal,4.01
LN109076,10228420,9.78,300,Mumbai Suburbs,2022-12-19,0.0565,Formal,6.42
LN109077,18547224,6.77,300,South Mumbai,2018-11-10,0.035,Informal,4.83
LN109078,4000102,9.86,240,Mumbai Suburbs,2017-08-25,0.071,Formal,4.58
LN109079,17218627,7.36,300,Mumbai Suburbs,2017-11-20,0.0267,Formal,6.79
LN109080,15351997,6.53,180,Mumbai Suburbs,2019-04-10,0.0794,Formal,4.14
LN109081,3378772,8.02,360,Mumbai Suburbs,2018-06-11,0.0933,Formal,7.15
LN109082,9737345,7.76,300,Mumbai Suburbs,2017-05-27,0.0352,Formal,6.4
LN109083,16935238,8.39,240,Navi Mumbai,2020-01-10,0.0475,Formal,4.6
LN109084,17367760,9.29,180,Mumbai Suburbs,2019-05-13,0.0411,Formal,5.23
LN109085,2512185,9.45,240,Mumbai Suburbs,2021-04-18,0.0916,Informal,7.32
LN109086,4368737,7.9,300,Navi Mumbai,2017-08-29,0.0616,Informal,6.17
LN109087,14242686,8,300,Navi Mumbai,2018-01-17,0.049,Formal,6.13
LN109088,6363240,7.02,300,Navi Mumbai,2021-06-28,0.0794,Formal,6.29
LN109089,3028217,6.67,300,Mumbai Suburbs,2016-11-20,0.0456,Informal,5.62
LN109090,1659297,8.74,180,Mumbai Suburbs,2020-07-27,0.0539,Formal,4.59
LN109091,17551803,6.73,360,Mumbai Suburbs,2015-08-20,0.0266,Informal,4.53
LN109092,7985481,9.07,300,South Mumbai,2016-01-17,0.0852,Formal,6.41
LN109093,11953486,8.39,240,Mumbai Suburbs,2019-11-03,0.0272,Formal,7.09
LN109094,6748777,7.2,180,Mumbai Suburbs,2017-01-12,0.103,Formal,5.05
LN109095,8226460,8.39,180,South Mumbai,2015-09-17,0.0672,Formal,5.76
LN109096,6506774,7.14,180,Navi Mumbai,2020-08-10,0.0553,Formal,7.47
LN109097,9977914,8.04,240,Mumbai Suburbs,2022-03-15,0.0596,Formal,4.9
LN109098,6237264,9.3,360,Mumbai Suburbs,2019-04-27,0.1113,Formal,5.37
LN109099,19223035,8.12,240,Mumbai Suburbs,2021-12-24,0.0196,Informal,5.27
LN109100,13299528,7.02,240,South Mumbai,2020-10-03,0.0218,Formal,4.11
LN109101,17970019,9.03,240,Navi Mumbai,2019-04-27,0.0888,Formal,5.78
LN109102,11048456,7.15,300,Mumbai Suburbs,2016-01-16,0.0324,Informal,4.73
LN109103,15525903,9.08,300,Mumbai Suburbs,2022-08-17,0.0378,Formal,4.45
LN109104,12300643,8.18,240,Mumbai Suburbs,2022-02-05,0.0467,Formal,6.49
LN109105,8352182,8.09,240,Mumbai Suburbs,2019-07-31,0.0938,Informal,6.68
LN109106,14382750,9.48,300,Mumbai Suburbs,2015-10-23,0.0843,Formal,7.11
LN109107,14485391,8.98,300,South Mumbai,2019-02-11,0.0558,Informal,7.27
LN109108,7153283,6.62,360,South Mumbai,2017-01-16,0.072,Formal,7.04
LN109109,15174101,7.54,240,Mumbai Suburbs,2018-03-22,0.0713,Formal,4.43
LN109110,17236403,9.55,180,Mumbai Suburbs,2015-05-05,0.0299,Informal,4.78
LN109111,8205273,6.56,360,Mumbai Suburbs,2017-05-30,0.032,Formal,4.43
LN109112,5528458,8.41,180,South Mumbai,2018-02-20,0,Formal,5.24
LN109113,13779593,9.05,360,South Mumbai,2019-12-12,0.1047,Formal,4.43
LN109114,16255164,8.68,240,Mumbai Suburbs,2020-12-31,0.0399,Formal,6.29
LN109115,14979901,9.16,180,Mumbai Suburbs,2018-03-26,0.0604,Formal,6.51
LN109116,18554366,9.04,300,South Mumbai,2015-09-11,0.0762,Formal,4.56
LN109117,17010986,8.92,360,Mumbai Suburbs,2019-05-05,0.0309,Formal,6.18
LN109118,12416537,9.38,180,South Mumbai,2019-08-27,0.0346,Formal,4.08
LN109119,17695033,8.76,360,Mumbai Suburbs,2020-07-19,0.0324,Formal,5.52
LN109120,15359896,7.91,240,Mumbai Suburbs,2019-01-02,0,Formal,5
LN109121,3321991,8.15,180,Navi Mumbai,2020-06-11,0.058,Formal,7.49
LN109122,6462762,9.01,180,South Mumbai,2018-08-29,0.1301,Formal,7.23
LN109123,19453315,9.57,180,Mumbai Suburbs,2018-01-22,0.0441,Formal,4.52
LN109124,19867867,7.45,360,Navi Mumbai,2017-02-05,0.0449,Formal,7.21
LN109125,13104134,7.7,300,Mumbai Suburbs,2021-11-28,0.0489,Formal,5.47
LN109126,6855113,9.76,300,Mumbai Suburbs,2015-12-18,0.0693,Informal,6.02
LN109127,14874290,8.52,300,Mumbai Suburbs,2022-09-22,0.0864,Formal,5.87
LN109128,12342841,7.13,240,South Mumbai,2017-09-12,0.035,Informal,6.54
LN109129,10281763,8.82,180,Mumbai Suburbs,2016-01-02,0.0739,Formal,5.17
LN109130,1527169,9.97,300,Navi Mumbai,2015-08-27,0.0574,Formal,4.24
LN109131,8123801,9.38,300,Mumbai Suburbs,2016-10-10,0.069,Formal,5.46
LN109132,2897465,9.11,180,Mumbai Suburbs,2018-09-15,0.0735,Formal,5.91
LN109133,3263567,7.23,240,Mumbai Suburbs,2018-06-28,0.0308,Formal,5.94
LN109134,11459177,9.57,360,Mumbai Suburbs,2022-04-10,0.0442,Formal,6.77
LN109135,9536341,8.34,360,Mumbai Suburbs,2019-03-02,0.0739,Formal,4.15
LN109136,13417859,9.61,360,South Mumbai,2017-12-30,0.0558,Formal,7.46
LN109137,2119816,7.65,180,Mumbai Suburbs,2016-07-16,0.0838,Informal,7.47
LN109138,6168949,6.72,240,Mumbai Suburbs,2019-05-14,0.0533,Formal,4.35
LN109139,4972369,8.17,180,Navi Mumbai,2016-06-26,0.0903,Formal,5.2
LN109140,17772468,7.44,360,Mumbai Suburbs,2017-05-17,0.0011,Informal,6.07
LN109141,4226250,9,300,Mumbai Suburbs,2018-04-15,0.0697,Informal,5.31
LN109142,3470950,9.85,300,South Mumbai,2021-12-14,0.0213,Formal,5.71
LN109143,9789784,8.92,300,South Mumbai,2022-04-21,0.0936,Informal,5.14
LN109144,10459646,9.6,360,Mumbai Suburbs,2020-08-06,0.0555,Formal,6.49
LN109145,2043423,8.09,240,Mumbai Suburbs,2016-02-24,0.0498,Formal,5.27
LN109146,9315308,9.2,360,Mumbai Suburbs,2017-02-08,0.0352,Informal,5.5
LN109147,17870105,9.45,180,Mumbai Suburbs,2019-02-19,0.0799,Formal,6.02
LN109148,13671864,8.99,240,Navi Mumbai,2015-09-17,0.077,Formal,7.39
LN109149,1717884,8.28,300,South Mumbai,2015-06-09,0.0516,Formal,6.25
LN109150,5609635,8.69,240,Mumbai Suburbs,2019-07-16,0.08,Informal,4.34
LN109151,10254404,8.95,240,Mumbai Suburbs,2022-07-01,0.0666,Formal,5.12
LN109152,7616243,7.39,360,Mumbai Suburbs,2022-12-17,0.0626,Formal,5.47
LN109153,8615487,9.33,240,Navi Mumbai,2022-05-21,0.0835,Formal,6.59
LN109154,4137877,9.83,360,Mumbai Suburbs,2017-06-04,0.1143,Formal,5.56
LN109155,5448388,8.13,180,Mumbai Suburbs,2015-03-14,0.0685,Informal,6.31
LN109156,13370184,8.95,240,Mumbai Suburbs,2018-11-23,0.0685,Formal,6.94
LN109157,15823516,9.08,240,Mumbai Suburbs,2016-05-07,0.0876,Formal,4.37
LN109158,2594575,8.82,240,South Mumbai,2016-05-08,0.0314,Formal,6.68
LN109159,14243369,8.41,300,Navi Mumbai,2022-12-01,0.0545,Formal,6.61
LN109160,7145660,9.59,360,South Mumbai,2016-06-14,0.0484,Informal,6.87
LN109161,2732329,8.07,360,Mumbai Suburbs,2019-04-10,0.069,Informal,7.35
LN109162,19634300,6.71,300,Mumbai Suburbs,2020-06-21,0.0665,Formal,5.08
LN109163,19172210,9.46,360,Navi Mumbai,2015-07-31,0.1128,Formal,5.5
LN109164,19323773,8.86,180,Mumbai Suburbs,2022-05-11,0.105,Formal,4.92
LN109165,4200890,9.47,300,Mumbai Suburbs,2019-01-25,0.0146,Formal,5.14
LN109166,1029882,6.98,360,Mumbai Suburbs,2021-06-07,0.0707,Informal,5.15
LN109167,3675518,6.61,180,Mumbai Suburbs,2019-02-22,0.0812,Informal,7.04
LN109168,10675864,9.77,360,Mumbai Suburbs,2018-07-06,0.0625,Formal,4.22
LN109169,13757810,7.02,300,Navi Mumbai,2019-11-17,0.0445,Formal,4.71
LN109170,2398705,9.33,360,South Mumbai,2017-07-02,0.1014,Informal,6.14
LN109171,15986236,9.38,180,Mumbai Suburbs,2016-10-26,0.0699,Formal,6.68
LN109172,7211715,8.98,180,Mumbai Suburbs,2019-09-24,0.0287,Formal,6.44
LN109173,7804327,6.96,180,Mumbai Suburbs,2019-08-12,0.0893,Formal,4.16
LN109174,18334047,8.84,360,Mumbai Suburbs,2018-10-19,0.074,Formal,5.59
LN109175,15709426,9.61,300,South Mumbai,2015-12-23,0.0407,Formal,4.65
LN109176,7711987,7.99,360,South Mumbai,2019-03-08,0.0371,Formal,7.46
LN109177,5597577,7.95,240,Mumbai Suburbs,2021-01-29,0.0361,Formal,7.5
LN109178,12777057,8.05,300,Mumbai Suburbs,2020-07-31,0.0955,Formal,4.18
LN109179,10217955,6.79,240,Mumbai Suburbs,2017-08-09,0.0777,Informal,6.34
LN109180,6132869,9.62,360,Mumbai Suburbs,2019-08-22,0.0887,Informal,6.85
LN109181,17566442,9.54,300,Mumbai Suburbs,2022-12-08,0.0661,Formal,5.14
LN109182,9762127,9.99,240,Mumbai Suburbs,2016-10-30,0.0396,Formal,6.43
LN109183,8482426,8.55,360,Navi Mumbai,2021-08-01,0.0362,Formal,4.66
LN109184,8934132,9.13,300,South Mumbai,2015-11-13,0.0922,Formal,4.45
LN109185,16151122,7.21,180,Mumbai Suburbs,2022-09-13,0.0734,Formal,7.24
LN109186,8111905,8.84,180,Mumbai Suburbs,2017-02-04,0.052,Formal,6.25
LN109187,14859696,8.77,180,South Mumbai,2018-11-30,0.0606,Informal,6.86
LN109188,19808104,9.65,240,Mumbai Suburbs,2019-05-17,0.0899,Informal,5.86
LN109189,2037904,9.41,240,Mumbai Suburbs,2016-10-01,0.0769,Formal,4.54
LN109190,6634222,9.78,360,South Mumbai,2022-08-26,0.0572,Formal,5.32
LN109191,17381542,9.54,180,Mumbai Suburbs,2016-04-04,0.0586,Informal,7.09
LN109192,17654389,9.54,240,Mumbai Suburbs,2022-07-27,0.0423,Formal,4.05
LN109193,5369246,6.72,180,South Mumbai,2018-10-05,0.0607,Formal,4.73
LN109194,10972060,9.46,360,Mumbai Suburbs,2022-08-18,0.0514,Informal,4.89
LN109195,10280320,8.63,300,Mumbai Suburbs,2015-01-23,0.0585,Formal,4.92
LN109196,16176259,7.83,240,South Mumbai,2019-06-22,0.0438,Formal,4.35
LN109197,11432027,6.7,240,South Mumbai,2022-01-21,0.0198,Formal,6.97
LN109198,16372569,8.87,300,Mumbai Suburbs,2015-12-30,0.0886,Formal,4.56
LN109199,9661351,7.65,240,Mumbai Suburbs,2015-05-20,0.0772,Formal,6.9
LN109200,7767414,8.14,360,Navi Mumbai,2020-10-11,0.052,Formal,5.24
LN109201,14315702,8.89,240,South Mumbai,2016-07-07,0.0503,Formal,5.6
LN109202,15932920,9.69,240,South Mumbai,2018-12-27,0.0183,Formal,5.62
LN109203,8013383,9.39,300,South Mumbai,2019-10-07,0.092,Formal,6.5
LN109204,12675616,8.08,360,Mumbai Suburbs,2016-02-27,0.0976,Formal,6.56
LN109205,17974386,7.86,180,Mumbai Suburbs,2015-10-11,0.0574,Formal,6.24
LN109206,6614058,7.34,180,Mumbai Suburbs,2022-10-18,0.0698,Formal,6.71
LN109207,6423444,7.8,300,Mumbai Suburbs,2016-10-13,0.0303,Informal,4.03
LN109208,8360983,6.89,360,Mumbai Suburbs,2021-03-11,0.0626,Formal,5.77
LN109209,5374296,9.9,300,Navi Mumbai,2022-04-22,0.0394,Informal,5.83
LN109210,5765358,8.51,300,South Mumbai,2016-03-30,0.0395,Informal,4.84
LN109211,8782634,6.95,180,South Mumbai,2019-09-21,0.0513,Formal,5.95
LN109212,16525748,7.73,360,South Mumbai,2016-02-22,0.0473,Formal,5.64
LN109213,4567008,8.41,360,South Mumbai,2015-03-15,0.0562,Informal,5.65
LN109214,1447095,8.37,300,Navi Mumbai,2018-09-06,0.0917,Formal,4.41
LN109215,7824464,6.62,180,Mumbai Suburbs,2021-10-05,0,Informal,5.52
LN109216,10374587,9.83,360,Mumbai Suburbs,2016-07-26,0.044,Formal,6.68
LN109217,18612574,7.46,300,Mumbai Suburbs,2020-02-01,0.079,Formal,5.43
LN109218,11181445,6.56,240,South Mumbai,2019-11-23,0.0658,Informal,5.71
LN109219,19748688,6.77,180,South Mumbai,2018-02-13,0.0366,Formal,7.39
LN109220,14157585,8.53,360,Mumbai Suburbs,2022-05-03,0.1232,Formal,7.05
LN109221,18856445,6.98,360,Mumbai Suburbs,2018-09-12,0.1409,Formal,7.25
LN109222,18917657,6.65,360,Navi Mumbai,2015-09-17,0.0595,Formal,4.27
LN109223,13012272,7.83,180,Mumbai Suburbs,2017-11-02,0.0303,Formal,6.17
LN109224,18971663,8.68,300,Mumbai Suburbs,2019-12-29,0.0525,Formal,4.78
LN109225,19365132,6.89,240,South Mumbai,2021-03-11,0.0262,Informal,5.41
LN109226,3234268,7.6,360,Navi Mumbai,2019-03-07,0.072,Formal,6.38
LN109227,7442399,7.96,180,South Mumbai,2015-08-02,0.0773,Informal,6.03
LN109228,15569226,7.06,360,Navi Mumbai,2018-05-24,0.0896,Formal,5.77
LN109229,17771551,8.27,300,Mumbai Suburbs,2021-12-16,0.072,Formal,6.85
LN109230,17274309,6.8,240,South Mumbai,2018-07-03,0.0669,Informal,6.39
LN109231,13206970,6.66,360,Mumbai Suburbs,2018-07-06,0.0298,Formal,6.87
LN109232,5961826,8.32,180,Navi Mumbai,2016-06-28,0.0233,Formal,7.26
LN109233,6199648,7.37,300,Mumbai Suburbs,2019-05-19,0,Formal,6.49
LN109234,7636708,6.83,240,South Mumbai,2018-03-24,0.0624,Formal,5.38
LN109235,10672204,7.98,180,South Mumbai,2020-02-27,0.0859,Formal,4.74
LN109236,1049892,9.7,360,Mumbai Suburbs,2015-08-07,0.0946,Formal,4.95
LN109237,9734143,9.03,180,South Mumbai,2015-09-03,0.0851,Formal,5.39
LN109238,7571520,9.35,240,Mumbai Suburbs,2015-06-14,0.049,Formal,6.59
LN109239,17531774,9.55,300,Navi Mumbai,2015-09-13,0.1158,Formal,4.14
LN109240,4118113,9.9,300,Navi Mumbai,2017-05-04,0.0315,Informal,6.85
LN109241,7060297,9.17,360,South Mumbai,2021-11-26,0.0301,Formal,6.65
LN109242,10171667,8.63,360,Mumbai Suburbs,2022-03-06,0.083,Formal,5.75
LN109243,13656439,7.78,360,South Mumbai,2017-09-09,0.1022,Formal,5.4
LN109244,1915108,7.14,360,Mumbai Suburbs,2019-02-18,0.1138,Formal,4.39
LN109245,14411579,8.9,240,Navi Mumbai,2016-04-23,0.0899,Informal,5.01
LN109246,2418351,9.98,360,Mumbai Suburbs,2016-09-30,0.082,Formal,4.38
LN109247,5917970,8.14,180,Navi Mumbai,2016-05-10,0.0844,Formal,6.87
LN109248,4726713,9.03,240,Navi Mumbai,2021-09-09,0.0517,Formal,5.78
LN109249,9983278,8.23,240,South Mumbai,2020-02-15,0.036,Formal,4.86
LN109250,1180116,8.01,360,Mumbai Suburbs,2021-10-22,0.0682,Informal,4.06
LN109251,18564217,7.94,240,South Mumbai,2016-02-07,0.0091,Informal,5.83
LN109252,17616198,8.27,180,Mumbai Suburbs,2018-11-11,0.0507,Formal,6.63
LN109253,19030041,7.78,240,South Mumbai,2016-06-20,0.0441,Formal,6.68
LN109254,16145496,9.12,240,Navi Mumbai,2015-04-17,0.0775,Formal,4.75
LN109255,1722153,9.56,180,Mumbai Suburbs,2015-07-13,0.0666,Informal,7.48
LN109256,4446010,9.59,180,Mumbai Suburbs,2015-02-25,0.1046,Formal,5.99
LN109257,16660878,7.3,240,Mumbai Suburbs,2019-08-20,0.0847,Formal,5.16
LN109258,15577749,9.64,300,Mumbai Suburbs,2019-01-12,0.0408,Formal,5.37
LN109259,7492922,7.7,240,Mumbai Suburbs,2019-09-12,0.0802,Formal,4.44
LN109260,8315845,7.58,180,South Mumbai,2021-12-08,0.0082,Formal,5.73
LN109261,4332951,9.04,180,Mumbai Suburbs,2017-12-31,0.082,Informal,6.64
LN109262,15266950,7.57,180,Mumbai Suburbs,2019-07-25,0.0376,Formal,5.43
LN109263,1311416,6.69,300,Mumbai Suburbs,2017-04-28,0.0418,Informal,7.03
LN109264,17915196,7.81,180,South Mumbai,2020-11-20,0.1003,Formal,5.67
LN109265,8129343,9.03,360,South Mumbai,2021-03-09,0.0717,Formal,7.15
LN109266,14603581,7.64,360,Navi Mumbai,2016-01-02,0.0542,Formal,6.46
LN109267,5924191,8.7,300,South Mumbai,2022-07-27,0.0905,Formal,4.19
LN109268,14970740,8.81,180,Mumbai Suburbs,2020-11-20,0.1042,Formal,4.23
LN109269,13809213,9.07,180,South Mumbai,2017-12-17,0.03,Informal,6.8
LN109270,16637572,9.64,360,South Mumbai,2018-11-20,0.0386,Formal,5.25
LN109271,1824765,8.01,360,South Mumbai,2017-10-18,0.0843,Formal,4.66
LN109272,18684867,7.08,240,Mumbai Suburbs,2021-12-31,0.0692,Formal,7.03
LN109273,10782357,7.62,300,Navi Mumbai,2015-12-12,0.0042,Formal,7.44
LN109274,19127633,8.01,240,Mumbai Suburbs,2020-06-23,0.1135,Formal,6.83
LN109275,18767607,9,300,Mumbai Suburbs,2022-11-18,0.0455,Formal,6.54
LN109276,5249367,6.55,180,Mumbai Suburbs,2018-10-04,0.0299,Formal,4
LN109277,17540993,7.61,180,Mumbai Suburbs,2020-06-11,0.0603,Formal,4.37
LN109278,1587069,9.23,300,Navi Mumbai,2019-07-15,0.0871,Informal,6.35
LN109279,3315138,8.85,240,Mumbai Suburbs,2017-02-02,0.094,Formal,5.43
LN109280,17079140,9.06,360,Mumbai Suburbs,2022-09-19,0.0617,Formal,4.07
LN109281,7586242,9.34,300,Mumbai Suburbs,2017-10-13,0.1361,Formal,6.59
LN109282,1549666,9.24,300,Mumbai Suburbs,2017-01-10,0.1447,Formal,5.47
LN109283,4983027,8.89,300,Mumbai Suburbs,2018-04-05,0.0734,Formal,6.31
LN109284,8675862,8.04,180,South Mumbai,2016-08-19,0.0581,Informal,5.64
LN109285,9347131,9.94,300,South Mumbai,2018-10-25,0.0499,Formal,4.09
LN109286,13273425,8.49,180,Navi Mumbai,2019-05-19,0.0554,Formal,6.23
LN109287,5782969,7.21,360,Navi Mumbai,2019-02-22,0.1049,Informal,6.76
LN109288,17755647,7.52,360,South Mumbai,2019-08-15,0.0701,Informal,4.55
LN109289,3059417,8.93,240,Navi Mumbai,2017-12-01,0.0861,Formal,7.12
LN109290,8797551,9.74,180,Mumbai Suburbs,2022-02-23,0.0808,Formal,4.64
LN109291,8794087,7.13,360,Mumbai Suburbs,2017-09-22,0.0782,Informal,5.48
LN109292,5188432,6.79,360,South Mumbai,2019-10-14,0.0927,Formal,5.85
LN109293,19609976,9.59,240,Mumbai Suburbs,2020-01-15,0.0848,Formal,5.1
LN109294,17193694,9.7,240,South Mumbai,2017-03-13,0.0743,Formal,5.75
LN109295,3539065,7.47,240,Mumbai Suburbs,2022-07-10,0.1153,Formal,6.51
LN109296,14177483,7.82,180,South Mumbai,2016-12-02,0.0204,Formal,6.5
LN109297,15989214,8.81,300,Mumbai Suburbs,2019-10-23,0.0685,Formal,7.23
LN109298,19803307,7.65,180,South Mumbai,2016-07-19,0.0442,Formal,7.02
LN109299,13489289,9.57,240,South Mumbai,2021-03-12,0.0876,Formal,7.45
LN109300,4731622,6.88,300,South Mumbai,2020-03-17,0.011,Formal,6.08
LN109301,14912523,6.63,360,South Mumbai,2017-07-23,0.067,Formal,5.4
LN109302,16306084,7.23,180,Mumbai Suburbs,2017-09-28,0.0745,Formal,4.84
LN109303,10104687,7.5,240,South Mumbai,2019-10-10,0.0967,Informal,4.85
LN109304,14595880,6.9,240,Navi Mumbai,2019-11-02,0.0473,Informal,4.53
LN109305,4087686,6.73,300,Mumbai Suburbs,2015-11-19,0.1437,Formal,6.54
LN109306,1954227,9.14,180,Mumbai Suburbs,2018-06-14,0.0424,Formal,6.29
LN109307,13832377,7.07,360,South Mumbai,2022-04-16,0.0259,Formal,5.02
LN109308,12024074,9.7,360,Mumbai Suburbs,2015-06-27,0.0782,Formal,7.12
LN109309,5072476,7.79,300,South Mumbai,2022-04-27,0.0562,Informal,5.93
LN109310,13878537,8.85,300,Mumbai Suburbs,2020-05-07,0.1152,Informal,4.24
LN109311,13409948,7.29,360,Mumbai Suburbs,2020-12-20,0.0123,Formal,4.22
LN109312,4398499,7.34,300,Mumbai Suburbs,2021-03-25,0.0611,Informal,4.5
LN109313,1058031,8.51,300,Mumbai Suburbs,2020-10-07,0.0845,Formal,4.74
LN109314,9259282,8.46,180,Navi Mumbai,2018-10-18,0.04,Informal,7.11
LN109315,11306743,9.19,300,South Mumbai,2018-06-11,0.0182,Informal,6.72
LN109316,3451550,9.15,240,South Mumbai,2015-08-26,0.1034,Formal,4.71
LN109317,3081552,8.85,240,Mumbai Suburbs,2020-06-02,0.0348,Informal,4.87
LN109318,13925280,8.07,240,Navi Mumbai,2017-02-14,0.0913,Formal,6.23
LN109319,8310982,9.62,300,Mumbai Suburbs,2020-10-29,0.0323,Formal,7.05
LN109320,18955858,8.68,360,South Mumbai,2015-09-13,0.0504,Informal,5.11
LN109321,6381862,9.97,240,Mumbai Suburbs,2019-01-24,0.0827,Formal,5.84
LN109322,8979633,9.37,180,Navi Mumbai,2017-09-22,0.0706,Informal,7.12
LN109323,16233162,6.66,300,South Mumbai,2020-10-20,0.0321,Formal,6.7
LN109324,12030140,7.62,360,South Mumbai,2021-03-31,0.0759,Formal,7.12
LN109325,17210635,8.5,360,Navi Mumbai,2015-04-24,0,Formal,4.97
LN109326,11019577,9.03,300,Navi Mumbai,2015-05-09,0.024,Formal,6.42
LN109327,2734441,8.43,300,Mumbai Suburbs,2018-10-13,0.1124,Formal,4.4
LN109328,19030092,9.25,180,Navi Mumbai,2016-05-26,0.0549,Formal,6.16
LN109329,12081982,7.49,300,South Mumbai,2019-11-04,0.0815,Informal,5.06
LN109330,8937108,7.14,300,Mumbai Suburbs,2015-01-07,0.0807,Formal,6.46
LN109331,3960841,6.69,360,Mumbai Suburbs,2022-09-30,0.0497,Formal,4.5
LN109332,15115491,8.51,240,Mumbai Suburbs,2017-12-20,0.0635,Informal,6.33
LN109333,3592859,8.91,240,Mumbai Suburbs,2015-10-03,0.0248,Informal,6.48
LN109334,8992388,7.64,360,Navi Mumbai,2022-11-11,0.0639,Formal,7
LN109335,2918715,8.65,300,Mumbai Suburbs,2017-05-04,0.0453,Formal,6.4
LN109336,9880121,6.68,180,South Mumbai,2018-12-10,0.1228,Informal,5.83
LN109337,3177890,6.85,240,Mumbai Suburbs,2016-01-14,0.039,Formal,6.74
LN109338,13918652,8.96,300,Mumbai Suburbs,2019-12-10,0.0754,Informal,5
LN109339,17312999,7.79,240,South Mumbai,2018-12-19,0.0518,Formal,6.37
LN109340,13713525,8.85,360,Navi Mumbai,2019-07-08,0.0844,Informal,6.54
LN109341,2740584,9.41,240,South Mumbai,2021-06-17,0.0193,Informal,5.37
LN109342,13254825,9.48,360,South Mumbai,2018-05-01,0.056,Formal,7.46
LN109343,6251208,7.1,360,Mumbai Suburbs,2015-04-03,0.0778,Informal,5.25
LN109344,17823854,8.2,360,Mumbai Suburbs,2015-04-29,0.0671,Formal,4.3
LN109345,6444555,9.07,180,Mumbai Suburbs,2019-06-10,0.0749,Formal,5.06
LN109346,2162496,9.21,300,Mumbai Suburbs,2015-01-03,0.0351,Formal,4.35
LN109347,5151538,9.25,360,Mumbai Suburbs,2018-05-23,0.0496,Formal,5.19
LN109348,8776018,7.3,360,South Mumbai,2016-10-10,0.0594,Informal,4.45
LN109349,3105039,7.17,240,South Mumbai,2017-03-03,0.0834,Formal,5.54
LN109350,19842014,8.57,300,Mumbai Suburbs,2022-08-01,0.1019,Formal,6.72
LN109351,4119810,9.09,180,Mumbai Suburbs,2018-06-29,0.0042,Informal,4.24
LN109352,1821929,7.62,180,Navi Mumbai,2017-02-24,0.0504,Formal,5.97
LN109353,7647162,6.87,240,Mumbai Suburbs,2021-10-08,0.0402,Formal,4.15
LN109354,4772217,9.01,180,Mumbai Suburbs,2017-03-19,0.0368,Formal,7.1
LN109355,16200401,7.55,240,Mumbai Suburbs,2016-09-21,0.068,Formal,7.22
LN109356,3027842,7.08,300,South Mumbai,2018-06-17,0.061,Formal,5.72
LN109357,1734459,7.02,240,Mumbai Suburbs,2018-03-12,0.0263,Formal,6.69
LN109358,8718742,7.6,240,Mumbai Suburbs,2021-06-25,0.0249,Formal,6.08
LN109359,3306648,8.57,360,Mumbai Suburbs,2019-08-15,0.0739,Formal,5.19
LN109360,13005722,7.75,180,South Mumbai,2022-08-20,0.0273,Formal,4.86
LN109361,17468787,6.57,300,South Mumbai,2018-09-22,0.0392,Informal,6.66
LN109362,4903869,6.84,300,South Mumbai,2020-05-05,0.0877,Informal,5.5
LN109363,13664903,7.52,360,South Mumbai,2016-06-08,0.0652,Formal,7.22
LN109364,17018797,8.81,240,Mumbai Suburbs,2019-01-08,0.1064,Formal,7.41
LN109365,4197860,6.84,300,Navi Mumbai,2016-10-06,0.0568,Informal,4.74
LN109366,11740829,8.46,300,Mumbai Suburbs,2017-05-17,0.127,Formal,5.96
LN109367,3780596,6.92,240,Mumbai Suburbs,2021-01-21,0.0545,Formal,5.88
LN109368,5040015,7.24,240,Mumbai Suburbs,2016-12-12,0.0959,Formal,7.04
LN109369,5870807,7.1,300,South Mumbai,2019-06-17,0.0348,Formal,6.42
LN109370,17899988,6.74,240,South Mumbai,2021-01-28,0.0405,Informal,6.13
LN109371,16656294,8.85,180,South Mumbai,2015-12-24,0.1108,Informal,6.38
LN109372,7957038,8.12,300,Mumbai Suburbs,2022-09-22,0.0391,Formal,5.36
LN109373,10366077,9.41,240,Mumbai Suburbs,2019-06-27,0.0535,Formal,7.36
LN109374,10696197,6.85,300,Navi Mumbai,2018-02-01,0.0402,Formal,4.2
LN109375,8356148,7.01,300,Navi Mumbai,2019-09-07,0.0937,Informal,4.1
LN109376,10095020,7.57,360,Mumbai Suburbs,2021-05-03,0.0237,Formal,5.45
LN109377,17304297,9.18,180,Mumbai Suburbs,2022-06-06,0.0992,Formal,4.54
LN109378,7525438,7.57,180,Mumbai Suburbs,2020-05-02,0.0673,Formal,5.91
LN109379,15370051,7.93,360,South Mumbai,2017-09-19,0.0656,Formal,4.03
LN109380,15885447,7.56,360,Navi Mumbai,2016-01-20,0.0583,Informal,5.61
LN109381,9577482,6.78,300,South Mumbai,2019-08-24,0.0975,Informal,5.03
LN109382,8223153,9.79,180,Mumbai Suburbs,2021-08-27,0.0534,Formal,4.71
LN109383,17414776,8.42,360,Mumbai Suburbs,2018-12-23,0.0387,Formal,5.56
LN109384,6433962,9.26,240,Mumbai Suburbs,2018-05-21,0.0756,Formal,6.99
LN109385,1473818,8.8,300,Mumbai Suburbs,2021-08-18,0.0574,Informal,6.29
LN109386,14912527,8.3,180,Navi Mumbai,2016-07-05,0.1188,Formal,4.56
LN109387,13825630,6.81,300,South Mumbai,2016-01-17,0.0874,Formal,5.75
LN109388,7766699,8.75,300,South Mumbai,2020-12-10,0.0704,Formal,7.26
LN109389,19502049,7.04,240,Mumbai Suburbs,2016-12-24,0.103,Formal,5.54
LN109390,9193421,7.95,240,South Mumbai,2015-01-10,0.0165,Informal,5.65
LN109391,6864719,8.7,360,Mumbai Suburbs,2016-10-07,0.0768,Formal,7.29
LN109392,11302122,9.24,240,Mumbai Suburbs,2022-01-15,0.0631,Formal,4.48
LN109393,4764040,8.9,180,Navi Mumbai,2021-11-29,0.0539,Informal,6.57
LN109394,7553855,8.85,360,Mumbai Suburbs,2020-11-24,0.0516,Informal,5.05
LN109395,9596235,7.02,180,Navi Mumbai,2016-04-15,0.0934,Formal,7.03
LN109396,19369426,7.71,180,Mumbai Suburbs,2016-08-22,0.0042,Formal,4.19
LN109397,3918634,6.65,360,Navi Mumbai,2020-10-27,0.0742,Informal,7.47
LN109398,7562344,9.02,240,South Mumbai,2019-10-27,0.0171,Formal,6.69
LN109399,8401628,9.83,300,Mumbai Suburbs,2020-06-16,0.0527,Formal,5
LN109400,19768442,7.42,240,Navi Mumbai,2016-03-23,0.0585,Formal,6.66
LN109401,10818968,6.81,180,Mumbai Suburbs,2015-01-24,0.1085,Formal,7.23
LN109402,1829119,8.16,180,Navi Mumbai,2020-01-25,0.044,Formal,4.4
LN109403,11286479,9.5,360,South Mumbai,2018-01-28,0.0616,Formal,7.2
LN109404,11879567,8.43,180,Navi Mumbai,2018-04-04,0.0231,Formal,5.26
LN109405,2054853,6.66,360,Mumbai Suburbs,2017-03-31,0.0752,Informal,4.02
LN109406,6042596,9.91,360,South Mumbai,2018-05-17,0.0201,Formal,4.39
LN109407,7424788,9.4,240,South Mumbai,2018-08-20,0.0067,Formal,7.1
LN109408,4386243,6.96,180,South Mumbai,2021-01-08,0.0147,Formal,7.44
LN109409,11158427,9.73,240,Navi Mumbai,2019-11-17,0.0515,Formal,7.13
LN109410,9675493,8.08,300,Mumbai Suburbs,2021-05-28,0.053,Informal,5.55
LN109411,4445083,7.8,240,Navi Mumbai,2017-06-25,0.094,Informal,7.36
LN109412,16444816,8.11,180,Mumbai Suburbs,2015-04-25,0.1057,Formal,5.42
LN109413,5977037,9.42,300,Navi Mumbai,2021-05-06,0.1049,Formal,4.4
LN109414,16114822,8.81,180,Mumbai Suburbs,2022-06-30,0.0945,Informal,5.19
LN109415,16997653,6.71,300,South Mumbai,2017-03-07,0.1223,Formal,7.49
LN109416,2535410,9.85,180,South Mumbai,2017-05-02,0.0737,Informal,6.19
LN109417,1349760,7.02,240,Navi Mumbai,2015-07-18,0.0741,Informal,5.19
LN109418,8490526,9.11,180,Mumbai Suburbs,2020-04-11,0.1148,Formal,6.18
LN109419,6827278,8.73,360,South Mumbai,2021-08-25,0.0266,Formal,5.5
LN109420,12219042,7.16,360,South Mumbai,2019-06-06,0.0882,Informal,4.17
LN109421,1296177,7.1,240,South Mumbai,2021-04-28,0.0586,Informal,4.7
LN109422,17790154,9.55,240,Navi Mumbai,2015-06-14,0.1,Informal,4.07
LN109423,2179418,7.97,300,Mumbai Suburbs,2020-05-18,0.0955,Formal,4.89
LN109424,1994199,8.79,240,Mumbai Suburbs,2018-04-13,0.0551,Informal,6.59
LN109425,19696614,8.26,360,Navi Mumbai,2021-07-09,0.0239,Informal,4.68
LN109426,7716487,9.05,240,Mumbai Suburbs,2021-03-19,0.1005,Informal,5.85
LN109427,16748684,8.18,360,Navi Mumbai,2016-11-07,0.0458,Formal,6.46
LN109428,6133783,7.51,240,Mumbai Suburbs,2017-01-16,0.0636,Formal,5.92
LN109429,18962838,7.77,360,Navi Mumbai,2019-09-14,0.0264,Formal,4.05
LN109430,5192907,9.51,300,South Mumbai,2016-01-09,0.0492,Formal,5.27
LN109431,7630064,8.14,180,Mumbai Suburbs,2022-03-06,0.0905,Formal,5.55
LN109432,1545501,7.25,180,Mumbai Suburbs,2022-12-09,0.0716,Formal,5.2
LN109433,11400844,9.77,360,South Mumbai,2020-02-04,0.0375,Formal,5.91
LN109434,6567768,9.29,240,Mumbai Suburbs,2017-04-03,0.0036,Formal,5.8
LN109435,7964587,6.69,240,Mumbai Suburbs,2017-06-16,0.0806,Informal,4.66
LN109436,19288818,10,180,South Mumbai,2015-03-27,0.0475,Formal,6.63
LN109437,14404397,8.93,360,Mumbai Suburbs,2021-06-04,0.0652,Formal,4.56
LN109438,5639596,7.06,240,Navi Mumbai,2015-01-25,0.0559,Informal,5.61
LN109439,16866757,7.33,180,Mumbai Suburbs,2016-02-08,0.0472,Formal,6.65
LN109440,4465495,8.92,360,Mumbai Suburbs,2018-03-21,0.0786,Informal,6.44
LN109441,18466962,9.23,300,South Mumbai,2018-06-02,0.0339,Formal,5.51
LN109442,16999346,7.34,240,South Mumbai,2015-01-10,0.0645,Formal,6.76
LN109443,9744047,7.4,240,Mumbai Suburbs,2018-02-24,0.0724,Formal,6.5
LN109444,5206330,7.57,360,Navi Mumbai,2015-10-15,0.1004,Informal,5.35
LN109445,17284517,8.59,180,Navi Mumbai,2021-06-05,0.0616,Informal,7.13
LN109446,9677596,7.1,360,Mumbai Suburbs,2015-07-16,0.0242,Informal,4.5
LN109447,11838319,6.86,180,Mumbai Suburbs,2016-09-08,0.0802,Formal,5.25
LN109448,16937214,8.88,360,Mumbai Suburbs,2022-11-11,0.0334,Informal,6.44
LN109449,8935145,9.23,300,Mumbai Suburbs,2016-01-08,0.0399,Informal,7.06
LN109450,11897788,8.25,240,Mumbai Suburbs,2019-08-12,0.045,Formal,5.13
LN109451,6831398,7.77,180,Mumbai Suburbs,2022-11-01,0.0545,Formal,5.96
LN109452,19784924,8.01,300,South Mumbai,2020-12-30,0.0988,Informal,4.04
LN109453,16975814,7.86,360,Navi Mumbai,2016-02-02,0.0796,Formal,5.3
LN109454,9828452,9.86,180,South Mumbai,2020-11-10,0.027,Formal,5.16
LN109455,18064465,9.19,180,Mumbai Suburbs,2015-07-15,0.1054,Formal,6.95
LN109456,9206294,7.23,300,Navi Mumbai,2015-09-11,0.0918,Formal,4.26
LN109457,7805995,7.84,360,Mumbai Suburbs,2020-12-08,0.0725,Formal,4.22
LN109458,14626752,8.4,300,South Mumbai,2019-11-07,0,Formal,5.55
LN109459,2397955,8.65,360,South Mumbai,2017-10-16,0.0347,Formal,5.43
LN109460,18548018,8.14,300,Mumbai Suburbs,2018-03-29,0.0603,Informal,4.57
LN109461,15873306,9.34,300,South Mumbai,2017-01-21,0.1097,Informal,4.92
LN109462,4019579,9.19,300,Mumbai Suburbs,2020-06-16,0.0998,Informal,7.41
LN109463,10095769,8.27,300,Mumbai Suburbs,2020-03-03,0.031,Formal,5.8
LN109464,5650291,9.49,360,Navi Mumbai,2018-09-11,0.0096,Informal,4.31
LN109465,9469755,9.13,240,South Mumbai,2015-12-16,0.0545,Formal,4.17
LN109466,2592063,9.23,300,Mumbai Suburbs,2017-12-07,0.0642,Formal,4.15
LN109467,9266602,9.85,360,Mumbai Suburbs,2018-02-12,0.0228,Formal,5.36
LN109468,13422351,7.43,240,Mumbai Suburbs,2021-07-21,0.0339,Formal,7.03
LN109469,16911848,7.44,180,South Mumbai,2018-06-10,0.1235,Formal,6.92
LN109470,7121602,9.61,180,Mumbai Suburbs,2018-11-13,0.0488,Informal,5.29
LN109471,15061279,9.2,300,Mumbai Suburbs,2015-05-31,0.051,Informal,6.71
LN109472,7512324,9.74,180,South Mumbai,2018-06-09,0.1448,Formal,6.63
LN109473,19995155,6.72,300,Navi Mumbai,2016-03-16,0.0498,Formal,5.69
LN109474,16644301,8.7,300,Navi Mumbai,2019-01-02,0.0297,Formal,5.42
LN109475,7439519,7.01,240,South Mumbai,2017-02-10,0.0387,Formal,4.63
LN109476,7969369,8.26,180,Mumbai Suburbs,2016-01-15,0.0687,Informal,4.98
LN109477,16949422,7.05,300,Mumbai Suburbs,2020-02-13,0.0458,Formal,5.19
LN109478,9877241,6.95,180,South Mumbai,2019-06-15,0.0561,Informal,6.84
LN109479,12659943,6.54,240,Mumbai Suburbs,2015-10-16,0.0587,Formal,5.94
LN109480,12421562,8.71,180,Navi Mumbai,2020-09-29,0.15,Formal,4.7
LN109481,7371332,7.76,240,Mumbai Suburbs,2018-08-16,0.0814,Formal,4.34
LN109482,7783564,6.87,240,Navi Mumbai,2015-05-25,0.0315,Formal,5.74
LN109483,17944287,7.63,240,Mumbai Suburbs,2021-10-22,0.0548,Informal,6.33
LN109484,19553039,7.09,300,South Mumbai,2017-09-21,0.0841,Formal,6.87
LN109485,17191230,9.8,360,South Mumbai,2019-09-30,0.0925,Formal,6.79
LN109486,8800757,7.62,300,Mumbai Suburbs,2020-01-04,0.0119,Informal,6.88
LN109487,8583754,7.67,180,Mumbai Suburbs,2020-04-03,0.0175,Formal,5.57
LN109488,7629383,9.44,300,South Mumbai,2021-05-16,0.0741,Informal,7.03
LN109489,3665880,8.77,300,Mumbai Suburbs,2022-07-28,0.0409,Formal,5.56
LN109490,14138855,8.99,360,Navi Mumbai,2019-09-11,0.0367,Formal,4.59
LN109491,3414551,8.73,180,Mumbai Suburbs,2015-12-22,0.0656,Formal,5.39
LN109492,19623468,9.81,240,South Mumbai,2021-01-15,0.0837,Formal,5.19
LN109493,5912894,7.22,240,South Mumbai,2016-06-28,0.0528,Formal,5.37
LN109494,1366042,9.96,180,Navi Mumbai,2019-09-11,0.0017,Formal,6.31
LN109495,7451406,9.41,300,Navi Mumbai,2019-02-16,0.0441,Formal,6.3
LN109496,16943412,8.56,360,Mumbai Suburbs,2017-12-08,0.0252,Formal,4.79
LN109497,17595291,8.82,360,Navi Mumbai,2017-05-05,0.0769,Formal,5.11
LN109498,10253656,8.77,180,South Mumbai,2018-03-28,0.1215,Informal,6.08
LN109499,10664745,6.7,180,South Mumbai,2022-07-11,0.0686,Formal,4.29
LN109500,8527467,7.26,300,South Mumbai,2019-05-22,0.0732,Formal,6.41
LN109501,7910957,9.87,360,South Mumbai,2016-04-19,0.0844,Informal,4.63
LN109502,16100640,8.37,180,Navi Mumbai,2020-06-25,0.1004,Formal,6.98
LN109503,12047853,7.82,300,Mumbai Suburbs,2017-03-10,0.0425,Informal,5.41
LN109504,3503821,9.17,300,South Mumbai,2015-04-19,0.0584,Formal,4.77
LN109505,2238669,8.34,180,Navi Mumbai,2016-01-18,0.0885,Formal,6.34
LN109506,19969167,6.55,360,Navi Mumbai,2019-11-19,0.0317,Formal,5.94
LN109507,8051398,9.08,240,South Mumbai,2020-02-24,0.0147,Informal,4.6
LN109508,15630064,9.06,300,Mumbai Suburbs,2021-04-01,0.046,Formal,6.9
LN109509,18702130,7.08,240,Mumbai Suburbs,2021-10-08,0.0977,Informal,5.59
LN109510,18382966,9.85,300,Mumbai Suburbs,2019-03-19,0.0642,Formal,4.53
LN109511,17956556,7.28,360,Mumbai Suburbs,2016-12-19,0.046,Formal,6.79
LN109512,5236343,8.1,240,South Mumbai,2019-03-26,0.0905,Informal,4.47
LN109513,10484984,6.9,180,Mumbai Suburbs,2018-03-08,0.0766,Formal,7.39
LN109514,11788665,8.61,300,Navi Mumbai,2017-06-16,0.0367,Informal,5.55
LN109515,16847008,7.81,180,Navi Mumbai,2021-07-03,0.0543,Formal,6.55
LN109516,3796175,7.74,180,South Mumbai,2020-03-31,0.0293,Formal,5.58
LN109517,8945223,9.39,360,South Mumbai,2016-08-31,0.0643,Formal,4.66
LN109518,4055068,6.53,180,Navi Mumbai,2020-01-18,0.0791,Informal,6.65
LN109519,6361878,9.29,300,Mumbai Suburbs,2020-09-22,0,Formal,5.01
LN109520,14092574,8.5,180,Mumbai Suburbs,2022-12-11,0.0294,Formal,6.39
LN109521,5622887,9.95,180,Mumbai Suburbs,2018-10-17,0.1104,Formal,4.9
LN109522,7166197,8.56,300,Mumbai Suburbs,2015-01-26,0.0499,Formal,4.84
LN109523,15674618,6.69,180,Mumbai Suburbs,2018-12-07,0.1098,Formal,5.6
LN109524,1837876,6.68,360,Mumbai Suburbs,2019-06-22,0.0217,Formal,6.86
LN109525,12437533,9.59,300,South Mumbai,2016-03-23,0.044,Informal,6.15
LN109526,18866110,9.44,360,Navi Mumbai,2015-02-27,0.0665,Informal,4.23
LN109527,9512686,7.71,180,Navi Mumbai,2019-05-08,0.0504,Informal,6.57
LN109528,14385842,8.66,240,Navi Mumbai,2018-03-18,0.098,Formal,6.03
LN109529,8835958,8.21,360,Navi Mumbai,2019-03-15,0.0564,Informal,6.18
LN109530,6923808,9.89,360,Mumbai Suburbs,2020-01-06,0.0814,Formal,5.24
LN109531,3950161,9.82,180,South Mumbai,2018-01-17,0.0272,Formal,5.95
LN109532,5561679,9.94,240,South Mumbai,2016-04-26,0.0679,Formal,5.3
LN109533,7725311,9.53,300,South Mumbai,2015-08-24,0.0506,Informal,4.29
LN109534,11771386,9.68,240,Mumbai Suburbs,2017-05-29,0.03,Informal,6.96
LN109535,8671388,7.26,300,Mumbai Suburbs,2016-02-05,0.074,Informal,6.37
LN109536,8107936,9.41,180,Navi Mumbai,2021-05-01,0.1009,Formal,6.35
LN109537,4017721,8.98,240,Mumbai Suburbs,2021-01-10,0.0421,Informal,4.68
LN109538,14297966,9.87,180,Mumbai Suburbs,2018-12-08,0.0727,Formal,6.32
LN109539,6653020,8.5,360,Mumbai Suburbs,2019-07-05,0.0535,Formal,4.81
LN109540,13974549,6.8,240,South Mumbai,2019-02-09,0.0632,Formal,6.41
LN109541,5443131,8.59,300,Navi Mumbai,2019-08-19,0.0852,Formal,5.17
LN109542,11507278,8.9,360,Mumbai Suburbs,2016-10-19,0.1033,Informal,4.55
LN109543,18187491,7.27,300,South Mumbai,2017-07-03,0.0973,Informal,7.17
LN109544,8887372,7.88,360,Navi Mumbai,2022-09-15,0.0375,Formal,4.37
LN109545,19606426,8.59,300,Mumbai Suburbs,2016-02-02,0.0197,Formal,6.67
LN109546,1594091,7.81,300,Mumbai Suburbs,2017-01-07,0,Formal,4.36
LN109547,17848740,7.81,180,Mumbai Suburbs,2016-09-20,0.079,Informal,6.4
LN109548,11363368,6.97,360,Mumbai Suburbs,2017-01-10,0.0442,Formal,4.39
LN109549,7573643,9.79,180,South Mumbai,2020-08-16,0.0919,Informal,5.78
LN109550,3092195,9.13,180,Navi Mumbai,2021-11-14,0.029,Formal,4.66
LN109551,11149436,6.5,180,Navi Mumbai,2021-08-29,0.0734,Formal,7.03
LN109552,10559015,9.18,180,Mumbai Suburbs,2015-08-01,0.0069,Formal,5.41
LN109553,1768976,9.09,300,Mumbai Suburbs,2017-04-26,0.0751,Formal,4.05
LN109554,16614708,6.53,180,Navi Mumbai,2019-10-26,0.0717,Formal,6.2
LN109555,5631004,7.79,180,Mumbai Suburbs,2021-12-18,0.027,Informal,5.56
LN109556,2243517,8.62,180,Navi Mumbai,2018-03-11,0.0658,Formal,7.01
LN109557,7145779,8.08,300,Mumbai Suburbs,2018-11-18,0.1221,Informal,5.52
LN109558,10021507,9.22,360,Mumbai Suburbs,2021-06-10,0.0806,Formal,5.44
LN109559,4992852,7.99,300,Mumbai Suburbs,2020-10-11,0.1487,Formal,5.59
LN109560,16482856,7.04,300,Mumbai Suburbs,2017-02-04,0.0646,Informal,7.01
LN109561,9306946,9.92,300,South Mumbai,2016-07-27,0.0773,Formal,6.05
LN109562,12243499,7.35,360,Mumbai Suburbs,2021-04-17,0.0457,Formal,6.34
LN109563,15945225,9.01,180,Mumbai Suburbs,2019-10-05,0.0674,Formal,6.52
LN109564,5542709,7,180,Mumbai Suburbs,2016-06-07,0.0307,Formal,7.28
LN109565,15403194,7.65,360,South Mumbai,2018-12-13,0.0872,Formal,6.93
LN109566,2762204,8.05,360,Mumbai Suburbs,2017-04-02,0.0358,Informal,7.25
LN109567,11448244,7.17,240,Mumbai Suburbs,2020-11-18,0.11,Informal,5.2
LN109568,4380795,8.07,180,Navi Mumbai,2020-05-22,0.0196,Formal,4.75
LN109569,9076693,7.05,300,Navi Mumbai,2015-05-23,0.0509,Formal,4.71
LN109570,5531536,8.46,300,Navi Mumbai,2022-08-28,0.0525,Formal,7
LN109571,6423666,8.82,180,South Mumbai,2018-08-16,0.0265,Formal,6.91
LN109572,14925553,6.72,360,Navi Mumbai,2018-09-20,0.067,Formal,6.28
LN109573,8146423,9.55,240,South Mumbai,2022-05-14,0.044,Formal,4.22
LN109574,3278569,7.15,300,South Mumbai,2017-06-13,0.1021,Formal,5.11
LN109575,7532134,7.29,240,South Mumbai,2022-05-17,0.0356,Informal,6.57
LN109576,1343275,8.81,300,Navi Mumbai,2018-12-20,0.0726,Formal,4.87
LN109577,10459247,8.14,300,South Mumbai,2022-11-08,0.0574,Formal,6.18
LN109578,12999288,8.25,180,South Mumbai,2021-03-27,0.0536,Informal,5.9
LN109579,7118225,6.95,300,South Mumbai,2022-07-21,0.0627,Formal,4.92
LN109580,19002835,9.32,240,Mumbai Suburbs,2015-05-24,0.0812,Informal,7.27
LN109581,11496324,8.66,240,Navi Mumbai,2015-04-05,0.0034,Informal,4.9
LN109582,11797629,6.97,180,Mumbai Suburbs,2020-11-02,0.0614,Informal,7.13
LN109583,3203092,7.81,300,Mumbai Suburbs,2022-09-05,0.0352,Formal,5.89
LN109584,14772265,9.34,240,South Mumbai,2015-10-18,0.0375,Formal,4.32
LN109585,11023943,8.49,360,South Mumbai,2016-06-15,0.0673,Formal,6.92
LN109586,1456195,6.88,180,South Mumbai,2020-06-21,0.093,Formal,6.77
LN109587,5512276,7.8,360,Mumbai Suburbs,2016-03-24,0.1065,Informal,6.91
LN109588,2539998,7.35,240,Mumbai Suburbs,2020-04-20,0.0425,Informal,6.23
LN109589,11069479,8.31,360,South Mumbai,2015-01-26,0,Informal,6.49
LN109590,15196710,9.45,180,Navi Mumbai,2020-03-28,0.0621,Formal,7.17
LN109591,5973198,8.03,360,Navi Mumbai,2022-07-06,0.0055,Informal,4.45
LN109592,11338036,8.02,240,South Mumbai,2015-08-04,0.0732,Formal,4.29
LN109593,11136496,9.67,360,South Mumbai,2018-03-14,0.033,Informal,4.44
LN109594,2528362,8.52,360,Mumbai Suburbs,2022-03-16,0.0703,Formal,7.05
LN109595,10761976,8.48,360,South Mumbai,2019-07-21,0.0344,Informal,5.97
LN109596,17050729,7.42,300,Mumbai Suburbs,2020-03-08,0.0251,Formal,4.62
LN109597,16389102,8.63,240,Mumbai Suburbs,2021-12-02,0.0258,Formal,4.5
LN109598,15766396,8.52,360,Navi Mumbai,2019-10-10,0.0719,Informal,5.56
LN109599,18658253,7.89,240,Mumbai Suburbs,2022-11-06,0.0203,Informal,6.86
LN109600,12789876,9.97,360,South Mumbai,2017-11-19,0.0764,Informal,6.82
LN109601,9643155,9.59,180,South Mumbai,2020-07-26,0.1133,Formal,6.98
LN109602,14379659,9.12,180,South Mumbai,2019-07-10,0.1101,Formal,6.69
LN109603,10951940,8.38,180,Mumbai Suburbs,2015-01-24,0.0121,Formal,4.22
LN109604,12065829,8.12,360,Mumbai Suburbs,2022-08-12,0.0196,Informal,6.52
LN109605,13479210,7.15,240,Navi Mumbai,2016-11-12,0.0744,Formal,5.82
LN109606,5650215,7.57,180,Mumbai Suburbs,2019-11-05,0.028,Informal,6.54
LN109607,15410703,9.21,300,Mumbai Suburbs,2020-04-13,0.0786,Formal,5.69
LN109608,9412054,8.09,180,Mumbai Suburbs,2015-06-10,0.0087,Formal,5.69
LN109609,9332715,9.59,180,South Mumbai,2022-11-14,0.0579,Informal,4.44
LN109610,3625263,7.02,300,Navi Mumbai,2015-08-06,0.0883,Formal,7.17
LN109611,3241678,8.28,180,South Mumbai,2017-04-28,0.0134,Formal,5.31
LN109612,15577200,8.76,360,South Mumbai,2017-03-28,0.0565,Formal,6.04
LN109613,13855566,8.31,360,South Mumbai,2018-12-12,0.0561,Formal,4.73
LN109614,3763049,9.61,180,Mumbai Suburbs,2015-03-24,0.0782,Formal,5.29
LN109615,3203087,9.96,240,Navi Mumbai,2021-06-24,0.0399,Formal,7.05
LN109616,1376924,6.91,240,South Mumbai,2015-09-10,0.0172,Formal,4.73
LN109617,1387688,6.95,180,Mumbai Suburbs,2022-01-16,0,Formal,4.72
LN109618,18847864,6.96,300,South Mumbai,2020-02-24,0.0998,Informal,4.91
LN109619,13807987,8.88,360,Mumbai Suburbs,2019-03-21,0.085,Informal,6.01
LN109620,4890026,7.8,360,Mumbai Suburbs,2016-02-06,0.0593,Informal,5.82
LN109621,16801386,9.07,360,Mumbai Suburbs,2020-01-16,0.0585,Formal,4.61
LN109622,13759686,7.92,180,Mumbai Suburbs,2021-07-22,0.0728,Informal,6.42
LN109623,5558708,8.7,360,Navi Mumbai,2019-04-17,0.089,Informal,7.18
LN109624,15808323,9.19,180,Mumbai Suburbs,2015-05-16,0,Formal,4.7
LN109625,7322372,8.42,180,Mumbai Suburbs,2019-10-03,0.0066,Informal,6.36
LN109626,9940164,8.39,240,Mumbai Suburbs,2015-11-21,0.0022,Formal,6.05
LN109627,13233674,6.81,300,Mumbai Suburbs,2019-10-05,0.0496,Formal,5.15
LN109628,5188136,7.94,300,South Mumbai,2017-07-07,0.0655,Formal,6.16
LN109629,11932559,8.41,300,Mumbai Suburbs,2018-09-12,0.0904,Formal,4.73
LN109630,13170205,8.12,360,South Mumbai,2017-04-06,0,Informal,6.92
LN109631,15337278,9.65,240,Mumbai Suburbs,2016-05-12,0.0199,Formal,4.08
LN109632,13689921,9.67,240,Mumbai Suburbs,2015-11-20,0.0639,Formal,5.98
LN109633,8249602,9.38,180,South Mumbai,2015-05-05,0.0676,Formal,5.12
LN109634,11249925,7.81,240,Mumbai Suburbs,2016-06-05,0.054,Informal,7.08
LN109635,3906868,9.01,180,Navi Mumbai,2021-01-14,0.0262,Formal,5.75
LN109636,5058961,7.88,240,Mumbai Suburbs,2017-09-25,0.039,Informal,6.81
LN109637,14220459,7.31,180,South Mumbai,2021-12-07,0.0559,Formal,7.23
LN109638,4246532,7.7,360,Navi Mumbai,2016-11-07,0.0085,Informal,5.17
LN109639,19677273,6.75,240,Mumbai Suburbs,2017-08-05,0.0344,Informal,7.08
LN109640,11252881,7.66,300,South Mumbai,2015-04-26,0.0186,Formal,6.54
LN109641,13009042,8.11,180,Mumbai Suburbs,2019-07-21,0.0751,Formal,4.38
LN109642,1784514,9.84,240,Mumbai Suburbs,2018-05-13,0.0326,Formal,4.36
LN109643,10461064,7.6,240,Mumbai Suburbs,2020-01-11,0.0208,Formal,6.86
LN109644,19696803,9.66,180,Mumbai Suburbs,2022-11-20,0.0445,Formal,5.64
LN109645,12927807,7.3,240,Mumbai Suburbs,2018-08-03,0.0826,Formal,5.73
LN109646,13977630,7.17,300,Mumbai Suburbs,2016-07-19,0.0593,Formal,7.12
LN109647,12211312,8.32,180,Mumbai Suburbs,2015-01-15,0.0931,Formal,7.16
LN109648,7760510,8.85,180,Mumbai Suburbs,2020-06-21,0.0885,Formal,4.39
LN109649,11906401,6.66,180,Navi Mumbai,2021-08-20,0.0375,Formal,5.31
LN109650,3866792,7.27,180,Mumbai Suburbs,2021-03-24,0.064,Informal,7.13
LN109651,16483602,8.09,180,Mumbai Suburbs,2022-07-09,0.0929,Informal,6.87
LN109652,19931099,7.66,300,South Mumbai,2021-09-14,0.0455,Formal,6.52
LN109653,8415042,8.99,180,South Mumbai,2015-07-06,0.0672,Formal,4.36
LN109654,11437221,8.29,300,Navi Mumbai,2016-09-24,0.0329,Formal,6.17
LN109655,5265630,7.06,300,South Mumbai,2019-06-20,0.0532,Formal,6.04
LN109656,4679020,9.63,300,South Mumbai,2021-10-04,0.0523,Informal,4.59
LN109657,17230138,7.53,180,Mumbai Suburbs,2015-07-26,0.0788,Informal,6.71
LN109658,17278720,9.06,300,Mumbai Suburbs,2020-07-21,0.0485,Formal,5.09
LN109659,18266184,9.23,180,Mumbai Suburbs,2017-09-05,0.0665,Informal,6.17
LN109660,19357312,9.87,300,South Mumbai,2015-12-07,0.0714,Informal,5.27
LN109661,6821934,8.24,180,South Mumbai,2022-06-04,0.0363,Formal,4.3
LN109662,19470681,8.66,240,Mumbai Suburbs,2018-07-28,0.0479,Informal,5.84
LN109663,14811102,7.67,240,Mumbai Suburbs,2021-07-13,0.0739,Formal,5.07
LN109664,13064537,8.87,300,Mumbai Suburbs,2019-03-21,0.1152,Formal,4.25
LN109665,8976726,8.12,360,Mumbai Suburbs,2017-11-18,0.0223,Formal,4.69
LN109666,13696605,8.03,360,Mumbai Suburbs,2019-02-08,0.0758,Formal,6.17
LN109667,19884935,9.49,240,South Mumbai,2019-02-22,0.0964,Informal,4.35
LN109668,15361816,6.68,300,Mumbai Suburbs,2022-04-23,0.0629,Informal,4.31
LN109669,8602495,9.59,300,South Mumbai,2020-10-06,0.0329,Formal,7.3
LN109670,6990266,9.48,300,South Mumbai,2021-10-28,0.0584,Formal,4.38
LN109671,16733431,8.27,360,Mumbai Suburbs,2022-09-25,0.031,Formal,5.32
LN109672,11691219,8.22,240,South Mumbai,2018-10-04,0.0449,Informal,4.47
LN109673,11546792,7.77,300,Mumbai Suburbs,2015-12-01,0.0716,Formal,7.29
LN109674,18476654,9.98,240,Mumbai Suburbs,2015-09-06,0.0582,Informal,5.68
LN109675,6069398,6.89,240,Mumbai Suburbs,2021-01-02,0.0659,Informal,4.39
LN109676,8153588,8.57,180,Mumbai Suburbs,2019-11-24,0.0249,Formal,6.69
LN109677,5192896,8.89,360,Navi Mumbai,2016-02-25,0.0417,Formal,6.73
LN109678,6687041,9.77,240,Mumbai Suburbs,2020-04-18,0.0784,Formal,7.15
LN109679,17576973,9.23,180,Mumbai Suburbs,2018-02-28,0.0098,Formal,6.47
LN109680,6220761,8.75,360,Navi Mumbai,2019-02-02,0.0202,Formal,4.19
LN109681,17996378,6.91,300,Mumbai Suburbs,2019-08-09,0.0508,Informal,5.93
LN109682,16756316,7.81,300,Mumbai Suburbs,2015-04-22,0.0445,Formal,5.34
LN109683,15609069,6.99,180,Mumbai Suburbs,2021-07-01,0.0831,Formal,6.62
LN109684,3841852,9.58,300,Mumbai Suburbs,2022-12-12,0,Formal,6.07
LN109685,17429440,9.12,180,Navi Mumbai,2017-08-26,0.0575,Informal,6.54
LN109686,4313723,9.15,180,South Mumbai,2016-02-04,0.1011,Formal,4.63
LN109687,2340522,8.78,300,Navi Mumbai,2020-09-08,0.0698,Informal,5.53
LN109688,19178267,8.27,360,Mumbai Suburbs,2015-02-06,0.014,Formal,5.51
LN109689,11941880,7.02,180,Navi Mumbai,2018-02-09,0.1328,Formal,7.43
LN109690,8269122,7.65,360,South Mumbai,2020-02-22,0.0436,Informal,4.07
LN109691,16531665,6.98,360,Navi Mumbai,2021-05-05,0,Formal,6.86
LN109692,13569121,9.04,180,South Mumbai,2017-10-09,0.0844,Formal,4.34
LN109693,13402783,7.06,360,Mumbai Suburbs,2022-09-01,0.0358,Informal,4.28
LN109694,16410140,8.96,180,Mumbai Suburbs,2016-01-13,0.1161,Informal,5.15
LN109695,8349336,8.92,300,Mumbai Suburbs,2018-11-12,0.0816,Formal,6.45
LN109696,13712763,8.11,300,Mumbai Suburbs,2017-06-09,0.1239,Formal,6.37
LN109697,8722905,6.97,300,South Mumbai,2020-02-28,0.0284,Formal,6.2
LN109698,10496806,7.6,300,Mumbai Suburbs,2015-10-21,0.0983,Informal,6.71
LN109699,4462087,7.62,300,South Mumbai,2019-12-16,0.0356,Informal,4.81
LN109700,11070126,8.95,360,Mumbai Suburbs,2021-02-23,0.0703,Formal,6.22
LN109701,12783445,6.9,360,Mumbai Suburbs,2022-08-21,0.0652,Formal,6.23
LN109702,18063388,9.4,360,South Mumbai,2021-03-02,0.1016,Formal,6.29
LN109703,16243680,9.16,240,Mumbai Suburbs,2022-10-14,0.0843,Formal,6.08
LN109704,15969509,7.15,240,Mumbai Suburbs,2015-12-27,0.0461,Informal,4.78
LN109705,13883071,9.02,180,South Mumbai,2018-10-11,0.0927,Informal,7.2
LN109706,9082668,8.84,240,Navi Mumbai,2016-09-03,0.0572,Informal,7.42
LN109707,1561133,9.12,300,Mumbai Suburbs,2015-02-01,0.0808,Formal,6.41
LN109708,19426474,7.16,300,South Mumbai,2019-04-21,0.0689,Informal,5.55
LN109709,5369535,7.05,300,South Mumbai,2017-12-31,0.0536,Informal,5.88
LN109710,15985922,7.33,180,Mumbai Suburbs,2018-02-07,0.0203,Formal,4.38
LN109711,8420754,7.78,180,Mumbai Suburbs,2021-11-07,0.0661,Informal,5.27
LN109712,17745865,9.28,180,South Mumbai,2019-09-20,0.0397,Formal,7.42
LN109713,19442634,9.08,180,South Mumbai,2021-06-07,0.0231,Formal,5.92
LN109714,12583598,9.74,360,Mumbai Suburbs,2018-04-19,0.0849,Informal,5.96
LN109715,16643927,6.71,180,Mumbai Suburbs,2020-10-11,0.0411,Formal,7.34
LN109716,14432140,6.54,180,South Mumbai,2018-04-01,0.0058,Informal,7.1
LN109717,18472735,8.95,240,Mumbai Suburbs,2019-11-05,0.0601,Formal,5.99
LN109718,9629348,7.48,360,Navi Mumbai,2022-02-12,0.0554,Informal,4.94
LN109719,19087920,7.67,300,Navi Mumbai,2020-09-25,0.0581,Formal,4.41
LN109720,17474209,8.41,240,Navi Mumbai,2017-01-18,0.0581,Informal,7.02
LN109721,6641335,6.86,180,Navi Mumbai,2016-09-19,0.0298,Formal,7.22
LN109722,12256100,8.75,300,South Mumbai,2016-01-03,0.048,Formal,5.73
LN109723,12375616,7.64,300,South Mumbai,2015-10-07,0.0912,Formal,4.33
LN109724,7396153,8.71,300,Mumbai Suburbs,2015-12-30,0.0856,Formal,6.12
LN109725,13022411,9.42,240,Mumbai Suburbs,2016-05-24,0.0494,Informal,5.29
LN109726,12765908,7.1,360,Navi Mumbai,2016-11-27,0.0776,Formal,4.55
LN109727,8048586,9.76,360,South Mumbai,2018-04-20,0.0628,Formal,7.22
LN109728,11057771,8.36,300,Mumbai Suburbs,2019-01-03,0.0501,Formal,4.84
LN109729,6221995,9.73,180,Mumbai Suburbs,2021-06-05,0.0974,Formal,6.49
LN109730,12697377,7.23,360,Mumbai Suburbs,2021-03-11,0.0332,Formal,5.5
LN109731,19364577,8.62,360,Mumbai Suburbs,2015-02-28,0.0692,Informal,6.9
LN109732,15026520,7.91,180,South Mumbai,2016-10-29,0.0101,Formal,6.45
LN109733,16458556,9.21,240,Navi Mumbai,2015-04-17,0.0708,Informal,4.43
LN109734,11342531,8.62,240,Mumbai Suburbs,2017-10-04,0.0402,Informal,5.57
LN109735,2763190,8.23,180,Mumbai Suburbs,2019-03-19,0.0485,Formal,4.91
LN109736,18934809,9.7,240,South Mumbai,2018-04-06,0.0513,Informal,6.5
LN109737,1855817,7.82,300,Mumbai Suburbs,2020-08-28,0,Informal,5.91
LN109738,4250881,7.27,360,South Mumbai,2017-12-14,0.0116,Formal,5.19
LN109739,18335330,8.63,240,South Mumbai,2017-11-06,0.0849,Informal,5.15
LN109740,2657106,8.68,300,South Mumbai,2021-06-05,0.0631,Formal,4.4
LN109741,19735290,8.04,300,South Mumbai,2017-11-19,0.1038,Formal,4.75
LN109742,2622964,8.2,300,Mumbai Suburbs,2017-06-20,0.019,Formal,6.5
LN109743,7154482,9.86,300,Mumbai Suburbs,2020-12-27,0.0855,Formal,6.13
LN109744,1358349,9.06,300,Navi Mumbai,2020-05-02,0.0738,Formal,5.24
LN109745,18838601,6.89,180,South Mumbai,2019-05-04,0.0949,Informal,6.93
LN109746,17776869,7.24,360,South Mumbai,2015-04-29,0.0568,Formal,5.7
LN109747,10548310,9.91,360,Navi Mumbai,2020-11-25,0.0634,Formal,6.78
LN109748,9741073,9.04,180,South Mumbai,2020-06-19,0.0337,Informal,6.73
LN109749,5763090,9.7,180,South Mumbai,2020-07-27,0.0519,Formal,6.97
LN109750,8980571,7.56,300,South Mumbai,2015-04-17,0.0453,Formal,6.97
LN109751,11002457,9.1,240,Navi Mumbai,2019-05-29,0.0202,Informal,6.38
LN109752,14401353,9,360,Navi Mumbai,2019-12-31,0.0641,Informal,6.62
LN109753,14910337,7.53,240,Mumbai Suburbs,2015-11-27,0.0883,Formal,6.72
LN109754,13932674,8.43,360,Mumbai Suburbs,2019-09-21,0.0954,Formal,4.59
LN109755,14153865,8.7,300,Mumbai Suburbs,2018-11-01,0.0357,Informal,5.05
LN109756,1818706,8.18,240,Navi Mumbai,2016-06-13,0.0589,Formal,4.36
LN109757,11631835,9.4,360,South Mumbai,2016-05-28,0.056,Formal,4.66
LN109758,2734802,9.42,360,Navi Mumbai,2015-09-06,0.1042,Formal,6.72
LN109759,14784548,9.48,300,South Mumbai,2017-03-31,0.1136,Informal,7.31
LN109760,7137875,9.31,240,Mumbai Suburbs,2022-05-31,0.0209,Formal,6.36
LN109761,15901580,8.21,300,South Mumbai,2020-07-04,0.0746,Formal,7.1
LN109762,13195370,7.84,240,Mumbai Suburbs,2019-10-10,0.0759,Formal,5.11
LN109763,19551690,9.41,240,Mumbai Suburbs,2022-10-12,0.054,Formal,6.96
LN109764,18330576,8.22,360,Mumbai Suburbs,2019-03-14,0.0221,Formal,5.19
LN109765,5228021,7.36,180,Mumbai Suburbs,2020-07-07,0.0812,Formal,7.13
LN109766,11865106,8.28,240,Mumbai Suburbs,2018-07-02,0.0965,Informal,6.79
LN109767,14544707,7,240,Mumbai Suburbs,2021-02-06,0.0436,Informal,7.44
LN109768,1384533,8.92,300,South Mumbai,2022-08-27,0.0959,Informal,6.9
LN109769,5303829,7.68,240,Mumbai Suburbs,2019-11-01,0.0601,Formal,5.39
LN109770,19038884,7.41,240,South Mumbai,2015-11-05,0.1027,Formal,4.39
LN109771,3399009,9.85,240,Mumbai Suburbs,2018-07-12,0.1026,Formal,7.06
LN109772,2378656,9.22,240,Mumbai Suburbs,2017-09-12,0.0593,Formal,6
LN109773,5478633,9.25,240,Mumbai Suburbs,2018-01-28,0.0725,Informal,7
LN109774,9735015,8.68,180,Mumbai Suburbs,2017-08-18,0.0389,Formal,5.35
LN109775,8045472,9.44,360,Mumbai Suburbs,2018-06-16,0.0113,Informal,4.1
LN109776,18546369,9.16,240,Mumbai Suburbs,2022-03-26,0.0675,Informal,4.18
LN109777,19285562,8.6,300,Mumbai Suburbs,2020-12-31,0.016,Informal,6.35
LN109778,18581211,9.86,300,Navi Mumbai,2021-03-12,0.1228,Formal,4.4
LN109779,15226505,7.17,240,Mumbai Suburbs,2015-07-20,0.0942,Formal,6.61
LN109780,19025936,9.8,240,Mumbai Suburbs,2017-03-30,0.0555,Formal,5.47
LN109781,6160025,7.91,240,Mumbai Suburbs,2018-05-06,0.14,Formal,5.97
LN109782,9302146,8.35,180,Navi Mumbai,2015-02-23,0.0411,Informal,6.8
LN109783,3836934,6.93,360,Mumbai Suburbs,2016-01-06,0.0482,Formal,4.89
LN109784,16175403,8.39,300,Mumbai Suburbs,2022-11-16,0.0479,Formal,5.45
LN109785,11404819,8.64,180,Mumbai Suburbs,2015-02-09,0.0581,Formal,6.55
LN109786,7944075,9.99,180,Mumbai Suburbs,2017-05-04,0.0507,Informal,7.21
LN109787,14267682,9.91,240,Mumbai Suburbs,2018-11-02,0.0737,Formal,5.02
LN109788,2087241,9.88,360,Navi Mumbai,2020-08-03,0.03,Informal,6.18
LN109789,11763861,7.72,240,South Mumbai,2019-08-24,0.0638,Formal,7.33
LN109790,12451391,9.97,300,Mumbai Suburbs,2020-03-20,0.0437,Informal,6.27
LN109791,14564005,8.09,360,Navi Mumbai,2018-07-23,0.0619,Formal,7.12
LN109792,13366776,9.48,240,South Mumbai,2018-07-10,0.0275,Formal,7.29
LN109793,19988196,7.26,300,Mumbai Suburbs,2022-07-28,0.0341,Informal,7.25
LN109794,8997018,8.27,180,Navi Mumbai,2019-06-07,0.1238,Informal,6.65
LN109795,18916607,9.88,300,Navi Mumbai,2016-12-06,0.0324,Formal,5.93
LN109796,14826382,9.81,300,Mumbai Suburbs,2016-08-27,0.0757,Informal,4.34
LN109797,10377877,8.89,300,South Mumbai,2022-01-24,0.0439,Formal,4.78
LN109798,16893354,9.29,360,South Mumbai,2016-09-15,0.0295,Informal,4.9
LN109799,6508833,7.12,180,Mumbai Suburbs,2017-03-10,0.0619,Formal,4.12
LN109800,2869883,9.03,360,South Mumbai,2019-09-09,0.0339,Formal,4.36
LN109801,1271609,8.66,180,South Mumbai,2016-07-10,0.0755,Formal,5.03
LN109802,3293474,6.82,240,Mumbai Suburbs,2015-06-19,0.0563,Formal,4.32
LN109803,13073874,6.9,240,Mumbai Suburbs,2018-10-28,0.1001,Formal,4.59
LN109804,7337479,6.88,300,Navi Mumbai,2015-04-25,0.0208,Formal,4.19
LN109805,6868518,9.04,300,South Mumbai,2015-08-04,0.0683,Formal,5.46
LN109806,9566304,7,360,South Mumbai,2015-12-16,0.0711,Formal,6.87
LN109807,2589291,8.14,180,Navi Mumbai,2019-07-01,0.0301,Formal,6.84
LN109808,18203708,7.75,180,Mumbai Suburbs,2016-11-08,0.0401,Informal,7.17
LN109809,3955227,8.43,180,Navi Mumbai,2016-10-30,0.0173,Informal,6.61
LN109810,3307236,8.97,300,Navi Mumbai,2018-10-26,0.0132,Formal,4.86
LN109811,10571695,8.9,300,Navi Mumbai,2020-07-25,0.0564,Formal,6.46
LN109812,16159128,8.3,180,Mumbai Suburbs,2018-01-11,0.0842,Formal,6.64
LN109813,15374179,8.13,300,Mumbai Suburbs,2015-11-01,0.0561,Informal,5.9
LN109814,4224400,7.89,180,Mumbai Suburbs,2016-01-01,0.0573,Informal,6.82
LN109815,14055831,9.52,360,Mumbai Suburbs,2019-06-08,0.0211,Formal,4.25
LN109816,16745940,7.66,240,Mumbai Suburbs,2016-10-19,0,Informal,6.08
LN109817,6653278,7.41,180,Mumbai Suburbs,2021-12-11,0.0703,Formal,5.68
LN109818,1463723,9.1,300,South Mumbai,2015-06-12,0.0402,Formal,6.82
LN109819,18463979,7.76,360,Mumbai Suburbs,2015-07-20,0.006,Formal,4.45
LN109820,8099312,9.46,300,South Mumbai,2020-05-12,0.0437,Formal,4.74
LN109821,17350963,7.65,300,Mumbai Suburbs,2015-07-29,0.0675,Informal,5.96
LN109822,13037783,8.96,300,Navi Mumbai,2022-04-21,0.0721,Informal,7.32
LN109823,19923159,6.66,180,South Mumbai,2021-11-29,0.066,Informal,4.29
LN109824,5590585,7.85,360,Mumbai Suburbs,2017-04-26,0.0391,Formal,6.6
LN109825,13258491,7.7,180,South Mumbai,2018-02-10,0.0778,Formal,4.72
LN109826,13043146,9.36,240,Navi Mumbai,2021-09-16,0.0594,Formal,4.37
LN109827,19100236,9.88,180,Navi Mumbai,2015-05-28,0.0337,Formal,5.38
LN109828,5919495,8.11,240,Navi Mumbai,2021-01-19,0.0265,Formal,6.04
LN109829,8367241,9.39,360,Navi Mumbai,2021-03-15,0.0659,Informal,6.89
LN109830,9890111,8.95,360,Mumbai Suburbs,2018-02-18,0.0861,Formal,6.22
LN109831,11456519,9.89,180,South Mumbai,2019-01-30,0.0778,Informal,5.72
LN109832,5477375,9.34,180,Mumbai Suburbs,2019-02-02,0.0649,Formal,5
LN109833,4704595,6.77,300,Mumbai Suburbs,2019-08-04,0.079,Informal,5.02
LN109834,14086535,9,240,Mumbai Suburbs,2018-09-08,0.1311,Informal,6.7
LN109835,2844040,8.37,300,Mumbai Suburbs,2021-08-26,0.0686,Formal,4.4
LN109836,18642061,6.56,300,South Mumbai,2017-12-15,0.0647,Formal,4.51
LN109837,3006811,7.38,360,South Mumbai,2022-08-26,0.0763,Informal,6.52
LN109838,12523201,9.73,180,Mumbai Suburbs,2015-10-23,0.0825,Informal,7.36
LN109839,8977848,9.74,360,South Mumbai,2018-12-02,0.0199,Formal,4.42
LN109840,16427626,9.3,180,Mumbai Suburbs,2021-02-09,0.0653,Formal,6.13
LN109841,17699911,9.94,360,Mumbai Suburbs,2016-01-13,0.0901,Formal,4.84
LN109842,19211852,9.32,360,Mumbai Suburbs,2020-01-09,0.1124,Formal,4.09
LN109843,18482530,6.54,360,South Mumbai,2016-03-14,0.0606,Informal,6.91
LN109844,4889453,7.51,240,Navi Mumbai,2021-09-29,0.0464,Formal,5.78
LN109845,10260797,6.61,360,South Mumbai,2015-03-01,0.0649,Informal,4.08
LN109846,4957874,6.83,240,Mumbai Suburbs,2017-03-29,0.0407,Informal,7.13
LN109847,2182200,7.27,360,Mumbai Suburbs,2020-05-14,0.1071,Informal,5.87
LN109848,5775219,8.26,180,South Mumbai,2021-03-25,0.0744,Formal,6.58
LN109849,13235683,9.47,240,South Mumbai,2021-06-06,0.0584,Formal,5.48
LN109850,10779138,9.52,180,South Mumbai,2018-08-23,0.0934,Informal,4.65
LN109851,18871172,8.66,180,Mumbai Suburbs,2020-01-14,0.0254,Formal,5.63
LN109852,9063736,9.75,180,Navi Mumbai,2021-10-02,0,Formal,5.01
LN109853,2431041,8.25,240,Mumbai Suburbs,2016-09-19,0.0727,Informal,5.04
LN109854,6025764,9.61,300,Mumbai Suburbs,2018-12-30,0.0922,Formal,6.25
LN109855,7962111,8.09,240,Mumbai Suburbs,2021-03-02,0.0557,Formal,4.33
LN109856,7142453,7.47,300,South Mumbai,2018-04-21,0.0396,Informal,5.39
LN109857,17570320,9.71,240,South Mumbai,2016-02-03,0.0313,Informal,5.91
LN109858,8289165,7.86,360,Navi Mumbai,2018-02-03,0.023,Formal,6.48
LN109859,18049883,8.26,300,South Mumbai,2017-06-20,0.08,Formal,6.22
LN109860,9123445,7.65,360,Navi Mumbai,2022-08-17,0.0845,Formal,7.1
LN109861,14120969,8.82,300,South Mumbai,2020-07-09,0.0875,Formal,7.47
LN109862,11417730,9.98,240,Mumbai Suburbs,2016-08-12,0.0602,Formal,7.28
LN109863,17889251,6.59,240,Navi Mumbai,2022-06-02,0.0253,Formal,6.67
LN109864,10612901,9.65,300,Mumbai Suburbs,2016-10-23,0.0386,Informal,6.4
LN109865,16360981,6.51,360,Mumbai Suburbs,2022-12-30,0.078,Formal,4.12
LN109866,10779110,7.77,180,Mumbai Suburbs,2021-07-21,0.0289,Formal,5.87
LN109867,18117742,7.09,300,Mumbai Suburbs,2021-10-01,0.0569,Informal,6.32
LN109868,18993949,9.15,300,South Mumbai,2022-01-15,0.0295,Informal,5.45
LN109869,6687453,6.68,360,Navi Mumbai,2021-09-21,0.0391,Formal,5.35
LN109870,14776030,8.44,180,South Mumbai,2015-01-25,0.0254,Formal,5.9
LN109871,1865144,7.53,300,South Mumbai,2021-03-13,0.0605,Informal,7.17
LN109872,2418137,6.97,180,Navi Mumbai,2017-12-30,0.0161,Formal,4.91
LN109873,13449024,9.2,180,Mumbai Suburbs,2021-03-19,0.0372,Informal,5.4
LN109874,13284580,7.26,240,Mumbai Suburbs,2021-08-06,0.0855,Informal,6.29
LN109875,10368140,7.28,360,Navi Mumbai,2018-11-21,0.0915,Formal,4.65
LN109876,14813332,7.46,300,Mumbai Suburbs,2018-08-15,0.0801,Informal,6.92
LN109877,1522797,8.55,300,Mumbai Suburbs,2021-06-09,0.1025,Informal,6.33
LN109878,6868590,8.81,180,Navi Mumbai,2017-07-17,0.0204,Formal,5.23
LN109879,12532766,6.56,300,Mumbai Suburbs,2021-02-13,0.0573,Formal,6.53
LN109880,7652469,7.35,180,South Mumbai,2016-03-21,0.0623,Informal,4.98
LN109881,18191615,8.01,300,Mumbai Suburbs,2017-11-01,0.1186,Formal,6.71
LN109882,11395126,7.66,360,Mumbai Suburbs,2022-09-03,0.0529,Formal,4.25
LN109883,8175173,9.59,300,South Mumbai,2017-04-13,0.084,Informal,5.49
LN109884,6884724,9.26,180,Mumbai Suburbs,2022-07-05,0.1108,Informal,4.92
LN109885,14859983,8.69,180,Mumbai Suburbs,2016-08-02,0.0639,Formal,6.86
LN109886,8251204,7.68,300,South Mumbai,2020-07-02,0.0459,Formal,6.63
LN109887,18506888,8.95,300,Mumbai Suburbs,2015-01-01,0.0485,Informal,6.95
LN109888,14024171,9.45,180,South Mumbai,2018-03-06,0.0087,Formal,6.28
LN109889,11550121,8.58,240,Mumbai Suburbs,2020-07-14,0.0462,Formal,6.78
LN109890,18924633,9.25,240,Mumbai Suburbs,2016-01-05,0.0174,Formal,5.54
LN109891,12190124,9.12,300,South Mumbai,2021-10-16,0.0835,Formal,6.37
LN109892,17938002,8.5,360,South Mumbai,2018-07-24,0.0131,Formal,4.11
LN109893,13912007,7.59,300,South Mumbai,2017-07-30,0.0718,Informal,7.08
LN109894,3075414,9.11,360,South Mumbai,2018-11-28,0.0941,Formal,6.4
LN109895,16599220,7.22,300,Mumbai Suburbs,2015-06-15,0.0819,Informal,7.03
LN109896,8883060,9.23,180,Mumbai Suburbs,2019-03-15,0.0455,Informal,6.7
LN109897,19091746,9.32,300,South Mumbai,2019-05-16,0.0829,Formal,5
LN109898,18687391,9.38,360,Mumbai Suburbs,2021-04-03,0.0603,Formal,4.96
LN109899,16828495,8.16,360,Navi Mumbai,2018-09-04,0.0463,Informal,6.8
LN109900,14317392,7.17,300,South Mumbai,2020-04-17,0.0491,Formal,4.65
LN109901,7056095,6.85,300,Mumbai Suburbs,2019-05-30,0.0733,Formal,4.39
LN109902,1121701,9.1,240,Mumbai Suburbs,2016-12-15,0.0133,Formal,4.05
LN109903,11978041,9.6,300,South Mumbai,2019-06-10,0.0449,Informal,5.04
LN109904,14637651,8.78,300,Mumbai Suburbs,2019-10-17,0.0712,Formal,4.35
LN109905,18841857,7,180,Navi Mumbai,2016-02-10,0.0446,Formal,6.81
LN109906,2433043,9.77,360,South Mumbai,2020-01-13,0.0212,Informal,5.7
LN109907,7637056,9.96,240,Navi Mumbai,2018-02-03,0.0333,Informal,4.88
LN109908,7789177,8.02,180,Mumbai Suburbs,2018-04-22,0.0652,Formal,6.11
LN109909,1248924,8.58,300,South Mumbai,2021-06-06,0.0745,Formal,4.25
LN109910,3090923,9.22,360,Mumbai Suburbs,2022-04-04,0.0925,Informal,6.54
LN109911,2940711,9.08,300,South Mumbai,2019-07-23,0.0834,Informal,5.75
LN109912,14127429,9.89,300,Mumbai Suburbs,2017-08-28,0.0831,Formal,4.02
LN109913,19140523,6.9,300,South Mumbai,2021-02-28,0.0024,Formal,5.12
LN109914,13099015,8.53,300,Mumbai Suburbs,2016-11-12,0.0826,Formal,6.63
LN109915,4218451,8.92,360,Mumbai Suburbs,2022-08-16,0.0445,Formal,4.66
LN109916,4372021,9.62,180,Mumbai Suburbs,2016-07-31,0.0168,Informal,7.37
LN109917,1190477,9.56,300,South Mumbai,2015-04-06,0.0767,Formal,7.14
LN109918,10603204,9.92,300,Mumbai Suburbs,2022-08-28,0.0654,Formal,6.72
LN109919,7213415,8.29,240,South Mumbai,2016-11-26,0.0865,Formal,4.27
LN109920,11955983,9.41,240,Mumbai Suburbs,2021-10-25,0.044,Informal,5.24
LN109921,17239814,8,360,South Mumbai,2017-05-02,0.0598,Informal,5.04
LN109922,16094351,7.98,300,Mumbai Suburbs,2016-01-26,0.006,Formal,4.48
LN109923,5915782,7.39,300,South Mumbai,2016-06-21,0.1188,Formal,7.5
LN109924,9567962,9.36,300,Mumbai Suburbs,2017-08-22,0.0199,Formal,4.52
LN109925,11806349,9.95,360,Mumbai Suburbs,2019-11-30,0.0357,Formal,5.1
LN109926,14319339,7.4,360,Mumbai Suburbs,2021-07-02,0.0291,Formal,7.08
LN109927,3182931,6.7,300,Mumbai Suburbs,2017-03-18,0.0662,Formal,4.51
LN109928,2051636,9.35,300,Mumbai Suburbs,2022-08-10,0.0346,Formal,5.64
LN109929,7941550,8.67,360,Navi Mumbai,2020-07-14,0.0923,Formal,7.41
LN109930,7631430,9.86,300,Mumbai Suburbs,2020-04-12,0.0694,Informal,4.87
LN109931,11470822,7.38,180,Mumbai Suburbs,2016-11-23,0.0153,Informal,6.46
LN109932,10951767,6.75,180,Navi Mumbai,2020-01-17,0.0834,Formal,4.28
LN109933,3647765,8.22,360,Navi Mumbai,2015-10-26,0.0874,Formal,6.1
LN109934,10373551,6.8,180,Mumbai Suburbs,2020-03-09,0.0381,Formal,5.19
LN109935,9744039,7.42,240,South Mumbai,2016-10-27,0.0257,Formal,6.45
LN109936,16164469,6.94,300,Mumbai Suburbs,2016-10-15,0.072,Formal,5.52
LN109937,17792357,7.28,240,Mumbai Suburbs,2020-09-22,0.0798,Formal,5.05
LN109938,12305807,6.87,240,Mumbai Suburbs,2016-03-03,0.0299,Informal,5.91
LN109939,8986378,9.84,240,Mumbai Suburbs,2015-06-04,0.0877,Formal,4.49
LN109940,12203871,7.47,180,Mumbai Suburbs,2018-02-05,0.0428,Formal,6.85
LN109941,4782700,8.05,300,Mumbai Suburbs,2018-11-26,0.0955,Formal,6.63
LN109942,13872508,9.65,300,Mumbai Suburbs,2018-02-16,0.0126,Informal,5.91
LN109943,4561669,8.87,360,South Mumbai,2022-07-24,0.038,Informal,5.28
LN109944,19470368,8.66,240,South Mumbai,2015-09-14,0.0537,Formal,7.2
LN109945,8155738,8.97,180,Mumbai Suburbs,2018-04-12,0.0303,Formal,6.22
LN109946,2944741,9.4,240,Mumbai Suburbs,2018-01-13,0.0591,Formal,5
LN109947,16993149,9.57,240,Mumbai Suburbs,2018-03-29,0.0496,Formal,6.82
LN109948,12053420,8.75,300,South Mumbai,2015-05-14,0.0537,Formal,6.22
LN109949,13102758,9.62,360,South Mumbai,2016-03-02,0.0479,Formal,4.44
LN109950,18601471,8.37,180,Mumbai Suburbs,2019-03-30,0.0213,Informal,4.4
LN109951,14178358,7.47,300,Mumbai Suburbs,2016-08-22,0.0593,Formal,7.28
LN109952,15513996,9.58,240,South Mumbai,2019-10-15,0.0562,Informal,5.01
LN109953,7004327,8.4,300,Mumbai Suburbs,2018-01-15,0.0297,Formal,6.32
LN109954,9962292,9.67,240,South Mumbai,2017-02-26,0.0975,Informal,4.13
LN109955,10807664,6.64,180,South Mumbai,2017-03-14,0.0694,Formal,5.95
LN109956,4177640,7.89,300,South Mumbai,2016-01-17,0.0816,Formal,4.81
LN109957,14688435,9.82,300,Mumbai Suburbs,2021-09-10,0.0357,Informal,4.49
LN109958,9902284,7.37,300,Navi Mumbai,2019-07-19,0,Formal,6.71
LN109959,9879521,9.8,300,South Mumbai,2022-10-22,0.1123,Formal,6.83
LN109960,3375804,9.84,300,South Mumbai,2018-05-23,0.0651,Formal,6.5
LN109961,6550616,9.59,180,Mumbai Suburbs,2017-12-07,0.0709,Formal,4.04
LN109962,15681983,8.47,360,Navi Mumbai,2021-09-11,0.0696,Formal,5
LN109963,6023331,8.76,180,South Mumbai,2022-08-19,0.072,Informal,5.26
LN109964,15713362,9.54,300,Mumbai Suburbs,2020-02-03,0.0281,Formal,6.42
LN109965,19063017,9.22,240,South Mumbai,2020-01-13,0.0291,Informal,6.64
LN109966,5070161,8.71,240,South Mumbai,2022-07-24,0.0292,Formal,6.2
LN109967,1233725,9.94,300,Mumbai Suburbs,2018-04-04,0.0765,Formal,6.76
LN109968,7568056,8.9,360,Navi Mumbai,2022-01-08,0.0236,Formal,5.5
LN109969,18935391,9.91,300,Mumbai Suburbs,2016-04-21,0.0141,Informal,5.9
LN109970,10199280,6.7,180,Navi Mumbai,2022-11-21,0.0407,Informal,4.22
LN109971,7640981,6.99,360,Mumbai Suburbs,2016-10-28,0.0518,Formal,5.5
LN109972,16216272,8.08,360,Navi Mumbai,2017-05-26,0.0585,Informal,5.51
LN109973,10968904,7.85,180,South Mumbai,2015-12-23,0.0454,Formal,6.14
LN109974,15024141,9.24,360,South Mumbai,2017-05-28,0.0745,Informal,5.32
LN109975,11186119,7.06,300,Mumbai Suburbs,2022-11-24,0.095,Formal,4.83
LN109976,15320758,9.92,300,Mumbai Suburbs,2021-11-30,0.0615,Formal,4.83
LN109977,9549906,7.6,240,Mumbai Suburbs,2019-03-05,0.0949,Formal,4.47
LN109978,18098459,8,180,Mumbai Suburbs,2021-10-01,0.0765,Informal,6.45
LN109979,14744045,7.46,360,Mumbai Suburbs,2020-11-14,0.0313,Formal,6.18
LN109980,5736605,8.53,360,Mumbai Suburbs,2021-08-12,0.0346,Formal,6.03
LN109981,19858746,6.71,360,South Mumbai,2020-12-02,0.0331,Informal,5.86
LN109982,8017191,7.02,300,Mumbai Suburbs,2018-08-09,0.0543,Formal,5.29
LN109983,12465773,9.11,180,Mumbai Suburbs,2015-12-17,0.0516,Formal,6.69
LN109984,17610811,7.15,300,Mumbai Suburbs,2015-03-14,0.0778,Informal,7.23
LN109985,17908094,7.32,360,South Mumbai,2019-11-29,0.0553,Informal,5.54
LN109986,14131778,9.28,300,Mumbai Suburbs,2021-06-06,0.0674,Informal,5.43
LN109987,3762108,6.83,360,Mumbai Suburbs,2020-11-28,0.025,Formal,4.57
LN109988,19669724,8.03,360,South Mumbai,2022-05-30,0.0672,Formal,6.35
LN109989,14039522,6.58,300,South Mumbai,2015-01-26,0.0456,Informal,5.95
LN109990,5992332,7.71,360,South Mumbai,2020-12-01,0.0435,Formal,7.46
LN109991,19724228,8.95,300,Mumbai Suburbs,2021-12-21,0.0406,Formal,6.05
LN109992,12785702,6.82,240,Mumbai Suburbs,2019-10-04,0.1053,Formal,5.01
LN109993,12923274,9.61,300,South Mumbai,2017-09-12,0.0246,Informal,5.97
LN109994,14439546,9.68,240,Mumbai Suburbs,2022-09-19,0.0803,Formal,7.45
LN109995,5871482,6.87,240,Navi Mumbai,2019-09-24,0.0586,Informal,6.53
LN109996,19786542,9.97,300,South Mumbai,2022-03-03,0.0192,Formal,4.45
LN109997,4725614,7.54,180,Mumbai Suburbs,2016-08-27,0.0511,Informal,5.2
LN109998,15442124,6.79,180,Mumbai Suburbs,2020-11-12,0,Formal,5.05
LN109999,16193708,6.52,300,Mumbai Suburbs,2019-03-13,0.1116,Formal,7